sentence_id,translation_tmg,relevant_sentences,translation_en,domain,sentence_length,sentence_type,Tense,polarity
D1A_S0_B2_2860,सानाम ब्लोनखाङ किन्बा ह्रेङ्बा दुइदोःना गुमनाम मुबा ब्लोन भुसालसे चु दुइरि ह्राङसे दोङरापकि गे लाबारि स्हाङ्बा ताबा दाबी लाबा मुला।,कृषि मन्त्रालय सम्हालेको लामो अवधिसम्म गुमनाम रहेका मन्त्री भुसालले यो अवधिमा आफूले ऐतिहासिक काम गर्न सफल भएको दाबी गरेका छन्।,"Minister Bhusal, who remained anonymous for a long time while holding the Ministry of Agriculture, has claimed that he has succeeded in accomplishing historic work during this period.",D1A,20,long,Non-Past,Affirmative
COM_D3E_S1_S2_949,चु लोप्खाङ जोङ्लान खेःबा लोप्खाङ गुङ्ला गिक्खे हिन्ना।,यो विद्यालय जिल्लाकै पुरानो विद्यालय मध्यको एक हो।,This school is one of the oldest schools in the district.,D3E,8,medium,Non-Past,Affirmative
COM_P2_D5G_S3_167,ङानि ए दर्शक श्रोताकादेथोरि कृतज्ञ मुला।,हामी हजुर दर्शक श्रोताहरू प्रति कृतज्ञ छौँ।,We are grateful to our viewers.,D5G,7,short,Non-Past,Affirmative
COM_P2_D5G_S3_1347,खसु ह्याल्बान निबान मुबा।,कुहिरो खुल्दै गइरहेको थियो।,The fog was clearing.,D5G,4,short,Past,Affirmative
COM_P2_D3E_S2_6652,"लोप्खेनला साङ्ज्या आन्सार दिमग्रेन काप्पा, लोप्बोन डिक्नालाबा गे ताचिबा मल्लसे पाङ्जि।","विद्यार्थीको सङ्ख्याअनुसार भवन थप्ने, शिक्षक मिलाउने काम भइरहेको मल्लले बताए।",Malla said that work is underway to add buildings and arrange teachers according to the number of students.,D3E,10,medium,Past,Affirmative
COM_D5G_S3_3594,दारेम ह्रेङ्बा झोलुङ्गे पुल स्हेङ्बा नोन ताबा ताङरि मुबा स्थानीय जनप्रतिनिधिकादेसे पाङ्जि।,अब लामो झोलुङ्गे पुलको निर्माण पनि हुने क्रममा भएको स्थानीय जनप्रतिनिधिहरूले सुनाए।,Local people's representatives said that the construction of a long suspension bridge is also underway.,D5G,12,medium,Past,Affirmative
D1A_S0_B1_1917,ओसेम सेर्बाक्युइ राङ्बा प्राकृतिक प्रकोपला ङ्यान्दि आम्बा सास्हिङरि नोन जोखिम कायम नोन मुबा  दाहालला पाङ्बा मुला।,तथापि असिनापानीजस्ता प्राकृतिक प्रकोपका कारण आँप खेतीमा पनि जोखिम कायम नै रहेको दाहालको भनाइ छ।,"However, Dahal says that mango farming remains at risk due to natural disasters like hailstorms.",D1A,15,medium,Non-Past,Affirmative
D4S_S2_4777,गोने ला थेन लानिरे ल्हा शिवला ला थेन वारिला स्रुगरि किन्मुला।,साउन महिना र सोमबार भगवान् शिवको महिना र बारका रूपमा लिइन्छ।,The month of Shrawan and Monday are considered the month and day of Lord Shiva.,D4C,11,medium,Non-Past,Affirmative
COM_P2_D2H_S4_5162,ङ्योलोकला ङ्यान्दि अस्पतालसे रेदाङ्से बुम २ तोङ्जा ५० टाङ्गा ख्युल ताबान खाबा थेसे पाङ्जि।,आन्दोलनका कारण अस्पतालले दैनिक २ लाख ५० हजार रूपैयाँ घाटा व्योहोर्दै आएको उनले बताए।,He said that the hospital has been suffering a daily loss of Rs. 2 lakh 50 thousand due to the protests.,D2H,14,medium,Past,Affirmative
D4S_S1_6584,न्होरकि दिङरि काम्राला टाङ्गा स्योङसे ब्योङ्सि तामाकोशी गान्दिरि दोङ्सिपिन्बा मुला।,आर्थिक वर्षमा खर्चको रकम खोलाले बगाएर तामाकोशी नदीमा मिसाएको छ।,The amount spent in the fiscal year has been washed away by the river and mixed with the Tamakoshi River.,D4C,10,medium,Non-Past,Affirmative
COM_D5G_S3_312,लोप्खाङ बिजाबुमोला क्योङ फेल्गेबाला ग्ला हिन्ना।,विद्यालय बालबालिकाको समग्र विकासको थलो हो।,School is a place for the holistic development of children.,D5G,6,short,Non-Past,Affirmative
COM_D2H_S5_3279,ठिमकि दिङ २० दिङ तासाइ नोन जामेकोलाकादे ल्हुइकि स्रुगरि बिसाम योनान परिपक्व ताबारि तिःबा मुला।,कानुनी उमेर २० वर्ष भए पनि छोरीहरू शारीरिक रूपमा भने छिट्टै परिपक्व हुन थालेका छन्।,"Even though the legal age is 20, girls are starting to mature physically early.",D2H,15,medium,Non-Past,Affirmative
D4S_S1_6193,थेसे लिउरि थेसे याङ्सेदा ठिमकि तेन्बा थेन वैधताला नुररि नोन सोच्तितोःबा पाङ्जि।,उनले भविष्यमा त्यसले पाउने कानूनी मान्यता र वैधताको विषयमा पनि सोच्नुपर्ने बताइन्।,She said that we should also think about the legal recognition and legitimacy it will receive in the future.,D4C,12,medium,Past,Affirmative
COM_P2_D2H_S3_7682,अस्पतालला रेडियोलोजी विभागला ग्रेन्पो डा. केशव पौडेलला आन्सार जर्मनीरि स्होबा सिमेन्स कम्पनीला फिच्चा मेसिन अस्पताल बाबा हिन्ना।,अस्पतालका रेडियोलोजी विभागका प्रमुख डा. केशव पौडेलका अनुसार जर्मनीमा बनेको सिमेन्स कम्पनीको उक्त मशिन अस्पताल ल्याइएको हो।,"According to Dr. Keshav Poudel, head of the hospital's radiology department, the machine, made by Siemens in Germany, was brought to the hospital.",D2H,17,long,Non-Past,Affirmative
COM_P2_D3E_S3_4742,मिडियाबाजीरि ग्यागारह्युलकि प्रचारग्युङदा जाम्बुलिङला स्यान मिडियासे आखाम बिबा आहान मुला।,मिडियाबाजीमा भारतीय प्रचारमाध्यमलाई संसारका अरू मिडियाले सक्दैनन् भन्ने आहान छ।,There is a media frenzy that Indian media cannot compete with other media outlets in the world.,D3E,10,medium,Non-Past,Affirmative
P3_D1A_S0_B3_1482,लेटाङला कफी सास्हिङसे सानामरि आत्मनिर्भरता थेन न्होरकि समृद्धिला म्राप ठोङ्बा लेटाङ नगरपालिका ग्रेन्पो भुपेन्द्रकुमार लावतीसे पाङ्जि।,लेटाङको कफी खेतीले कृषिमा आत्मनिर्भरता र आर्थिक समृद्धिको ढोका खोल्ने लेटाङ नगरपालिका प्रमुख भुपेन्द्रकुमार लावती बताउँछन्।,Letang Municipality Mayor Bhupendra Kumar Lawati says that coffee farming in Letang will open the door to self-reliance in agriculture and economic prosperity.,D1A,16,long,Non-Past,Affirmative
COM_P2_D4C_S1_B1_958,केबलकार स्याङ्बालिच्छा लाथानरि भक्तजनला साङ्ज्या ल्हेःबा मुला।,केबलकार सञ्चालन भएपछि मन्दिरमा भक्तजनको सङ्ख्या बढेको छ।,The number of devotees at the temple has increased since the cable car was launched.,D4C,8,medium,Non-Past,Affirmative
COM_P3_D3E_S1_15754,गोर निस डिपार्टमेन्टला फ्राक फ्राक डा कोठाजुगु मुला।,सात वटा डिपार्टमेन्टका अलग अलग कक्षा कोठाहरू छन्।,There are seven separate classrooms for each department.,D3E,8,medium,Non-Past,Affirmative
COM_P2_D3E_S3_4812,चुरि ताबा हलुका एन्टी ब्याक्टेरियल फेब्रिकला ङ्यान्दि जोर्नी वा काङला दिला बोरि दबाब महसुस आतामुला।,यसमा भएको हलुका एन्टी ब्याक्टेरियल फेब्रिकका कारण जोर्नी वा खुट्टाको तल्लो भागमा दबाब महसुस हुँदैन।,The lightweight antibacterial fabric means there is no pressure on the joints or lower legs.,D3E,15,medium,Non-Past,Negative
P3_D1A_S0_B1_861,गिक ङिसरेलिच्छा नोला लेदो स्होसि दोङ्तोबा मुला।,एक हप्तापछि लसुनको लेदो बनाएर मिसाउनु पर्छ।,"After a week, make a garlic paste and mix it.",D1A,7,short,Non-Past,Affirmative
COM_D2H_S3_2608,तोःबा आन्सार अस्पताल डिग्यान दाछोकसे ग्यार्जा न्हिसे ५० टाङ्गा काप्पारि खाम्सेला थेसे पाङ्जि,आवश्यकताअनुसार अस्पताल व्यवस्थापन समितिले दुई सय ५० रूपैयाँ थप गर्न सक्ने उनले बताए।,He said that the Hospital Management Committee can add Rs. two hundred 50 as per the requirement.,D2H,13,medium,Past,Affirmative
COM_P2_D3E_S3_4910,चु एआईदा तोङ्जा गिक ३१७ रेम तोङ्जा ६ ग्यार्जा ४४२ नाम्युङला तथ्याङ्कफिरि प्रशिक्षित लाबा मुबा।,यस एआईलाई एक हजार ३१७ पटक ६ हजार ४४२ मुसाको तथ्याङ्कबारे प्रशिक्षित गरिएको थियो।,This AI was trained one thousand 317 times on data from 6 thousand 442 mice.,D3E,14,medium,Past,Affirmative
D1A_S0_B2_3039,नोबा ग्लारि ग्वा गाइना मिन्बा ताबासे जीविकोपार्जन काङाल तासि छारिब्योन फिह्युल निबा तिःबा वडाह्रोमिसे पाङ्जि।,उच्च भू–भागमा गहुँ ढिलो पाक्ने भएकाले जीविकोपार्जन कठिन भई युवा विदेश जान थालेको वडासदस्यले बताए।,"Ward members said that since wheat ripens slowly in the highlands, it is difficult to earn a living, and young people have started going abroad.",D1A,15,medium,Past,Affirmative
COM_D3E_S1_S2_5430,विवादला ङ्यान्दि निबा म्हेनिङ १६ गते बोर्डला मोक्कोन पदाधिकारीसे सामूहिक राजीनामा पिन्माहेन्से प्रवेश परीक्षा स्थगन ताबा मुबा।,विवादका कारण गत असोज १६ गते बोर्डका सबै पदाधिकारीले सामूहिक राजीनामा दिएपछि प्रवेश परीक्षा स्थगन भएको थियो।,The entrance examination was postponed after all the board officials resigned en masse on Asoj 16 due to a dispute.,D3E,17,long,Past,Affirmative
COM_D5G_S4_3858,फिह्युल मामिला खेडोब प्रतिष्ठानग्याम दात्ते तेःबा छ्योइ हिन्ना चु।,परराष्ट्र मामिला अध्ययन प्रतिष्ठानबाट हालै छापिएको पुस्तक हो यो।,This is a book recently published by the Institute of Foreign Affairs Studies.,D5G,9,medium,Past,Affirmative
COM_D2H_S1_S2_3434,दिमग्रेन प्रयोगरि आखामा म्रिङ्मादा क्योङह्रावारि सुत्केरी साप्तो किन्बारि काक्ता ताबा ल्हुइथाङचौकीला अनमी जयन्ती शाहीसे पाङ्जि।,भवन प्रयोगमा नआउँदा महिलालाई सुरक्षित सुत्केरी सेवा लिन समस्या भएको स्वास्थ्यचौकीकी अनमी जयन्ती शाहीले बताइन्।,Anami Jayanti Shahi of the health post said that women are having trouble accessing safe childbirth services because the building is not in use.,D2H,15,medium,Past,Affirmative
P3_D1A_S0_B2_1243,जति सैद्धान्तिक काठुइ तासि छार निष्कर्ष तेःजि ओत्ते परिपक्व ताला।,जति सैद्धान्तिक बहस भएर नयाँ निष्कर्ष निकाल्यो त्यति परिपक्व हुन्छ।,"The more theoretical debate and new conclusions are drawn, the more mature it becomes.",D1A,10,medium,Non-Past,Affirmative
COM_P2_D3E_S1_3855,युनिक्याम्पस ग्लोबलला प्रबन्ध काठाक्पासे तिनि छार शाखाला ठोङ्सेङ लाबा हिन्ना।,युनिक्याम्पस ग्लोबलका प्रबन्ध निर्देशकले आज नयाँ शाखाको उद्घाटन गरेका हुन्।,The Managing Director of Unicampus Global inaugurated the new branch today.,D3E,10,medium,Non-Past,Affirmative
P3_D5G_S2_B2_866,म्हेन्दो थेन पोवाकादे सुबारि म्हान्मुला।,फूल र बिरुवाहरू रोप्न चाहन्छन्।,They want to plant flowers and plants.,D5G,5,short,Non-Past,Affirmative
COM_D2H_S3_2413,लाङ्बोनोइला जीवाणु कार्ग्या गिक बिमा च्याङ्ना जनसङ्ख्यारि म्राङ्साम नोइ निवारण ताबा तेन्मुला।,हात्तीपाइलेको जीवाणु एक प्रतिशतभन्दा कम जनसङ्ख्यामा देखिएमा रोग निवारण भएको मानिन्छ।,The disease is considered eradicated when the elephantiasis bacteria are found in less than one percent of the population.,D2H,11,medium,Non-Past,Affirmative
COM_D5G_S3_297,"थे पाङ्मुला, विद्रोही चेत ङाला प्रवृत्ति हिन्ना।","उनी भन्छन्, विद्रोही चेत मेरो प्रवृत्ति हो।","He says, ""A rebellious spirit is my instinct.""",D5G,7,short,Non-Past,Affirmative
P4_D1A_S1_B2_225,टिकटकला नुर नोन रेन्बा मुला।,टिकटकको विषय पनि उठाउनुभएको छ।,He has also raised the issue of TikTok.,D1A,5,short,Non-Past,Affirmative
COM_P3_D3E_S3_4814,सिटिभिटीरि ल्हानान गेताङ मुला।,सिटिइभिटीमा धेरै कार्यक्रम छन्।,There are many programs at CTEVT.,D3E,4,short,Non-Past,Affirmative
COM_D2H_S1_S2_6191,यादव नेतृत्वला थेमेसे बोकिन्बा चिकित्सक डा. सुशील कायस्थसे गम्भीर नाछालला बिजासे क्योन्बालिच्छा छार ल्हुइ याङ्बाला पाङ्जि।,यादव नेतृत्वको टिममा सहभागी चिकित्सक डा. सुशील कायस्थले गम्भीर अवस्थाका बालकले उपचारपछि नयाँ जीवन पाएका बताए।,"Dr. Sushil Kayastha, a doctor who was part of the Yadav-led team, said that the child, who was in critical condition, has gained a new lease of life after treatment.",D2H,16,long,Past,Affirmative
COM_P2_D3E_S1_5377,सुङरे प्राधिकरणला ग्रेन्पो गेकि अधिकृतसे गोरगिक गेताङला गुङरि फिच्चा दिमग्रेन लोप्खाङदा हस्तान्तरण लाजि।,शुक्रवार प्राधिकरणका प्रमुख कार्यकारी अधिकृतले एक कार्यक्रमका बीच उक्त भवन विद्यालयलाई हस्तान्तरण गरे।,"On Friday, the Chief Executive Officer of the Authority handed over the building to the school during a program.",D3E,13,medium,Past,Affirmative
COM_P2_D5G_S1_8134,सिसिजिन्बा ल्हुइदा देवाच्यान दोनालाबा बिसि तिका बुद्धिसे नुहाब लाबारि ब्राजि।,मरिसकेको देहलाई स्वर्ग पुर्‍याउने भनी के बुद्धिले नुहाउन हिँड्यो।,"Did the wise man go to bathe, thinking that he would take his dead body to heaven?",D5G,9,medium,Past,Affirmative
COM_P2_D2H_S1_7738,खाइमाखाइमा स्वतः आनुवांशिक गुणरि पोबा खामा एन चु नोइ म्राङ्बारि खाम्ला।,कहिलेकाहीँ स्वतः आनुवांशिक गुणमा परिवर्तन आउँदा पनि यो रोग देखा पर्न सक्छ।,Sometimes this disease can also occur due to spontaneous changes in genetic traits.,D2H,12,medium,Non-Past,Affirmative
P3_D1A_S0_B1_3487,खयर थुमरि ग्युन्हाबाला सम्भावना मुबा पाङ्बान वडाचोहो तिलिजासे लिच्छालादुइ तिलाइ छारिब्योन चु नामरि थुइबारि तिःबा ग्रानाङ पिन्जि।,खयर क्षेत्रमा भेडापालनको सम्भावना रहेको बताउँदै वडाध्यक्ष तिलिजाले पछिल्लो समय केही युवा यस पेसामा आबद्ध हुन थालेको जानकारी दिए।,"Stating that there is potential for sheep farming in the Khayar area, Ward Chair Tilija informed that some youth have started joining this profession recently.",D1A,19,long,Past,Affirmative
COM_P2_D2H_S2_6758,सुर्तीजन्य पदार्थरि अन्तःशुल्क उन्ब्रिबाला स्रुगरि आल्हेना सरकार ह्युलम्हिला ल्हुइथाङरि संवेदनशील आताबा पुष्टि तामुला।,सुर्तीजन्य पदार्थमा अन्त:शुल्क उल्लेखनीय रूपमा नबढाए सरकार नागरिकको स्वास्थ्यमा संवेदनशील नभएको पुष्टि हुन्छ।,Failure to significantly increase excise duties on tobacco products confirms that the government is not sensitive to the health of its citizens.,D2H,13,medium,Non-Past,Affirmative
COM_P2_D3E_S1_4206,छाप्रारि डोमा साङ्गुलला डान्बा खासिचिबा तासाइनोन छार दिमग्रेन म्राङ्सि साङ्गुल नोन म्लेबा थेला पाङ्बा मुबा।,छाप्रामा पढ्दा भूकम्पको सम्झना आइरहने भएपनि नयाँ भवन देखेर भूकम्प नै बिर्सिएको उनको भनाइ थियो।,"He said that although he kept remembering the earthquake while studying in the hut, he forgot about it when he saw the new building.",D3E,15,medium,Past,Affirmative
COM_D4C_S1_S2_5028,अधिकारीसे पार्करि स्होबा ल्होलो सेमचेनला छापमाफिरि ग्रानाङ पिन्जि।,अधिकारीले पार्कमा बनाइएका विभिन्न जनावरका प्रतिमाबारे जानकारी दिए।,The official provided information about the statues of various animals made in the park.,D4C,8,medium,Past,Affirmative
COM_D5G_S3_4755,अपरेसन लाबान हिन्ना बिसाम दान्देदा एडभान्सला स्रुगरि बुम ङ्हा टाङ्गा काउन्टररि डिपोजिट लास्ह्युगो बिसि डाक्टर कोठा फिर्ग्याप थोन्मुला।,अपरेसन गर्ने नै हो भने अहिलेलाई एडभान्सको रूपमा ५ लाख रूपैयाँ काउन्टरमा डिपोजिट गर्नुहोला भनेर डाक्टर रूम बाहिर निस्कन्छ।,The doctor leaves the room and asks you to deposit 5 lakh rupees at the counter as an advance if you want to have the operation.,D5G,19,long,Non-Past,Affirmative
COM_P2_D3E_S3_615,फेसबुकरि मेटाभर्सला योजनादा बेनानबिमा ल्हाना प्राथमिकतारि ताङ्छ्यारि थान्बा मुला।,फेसबुकले मेटाभर्सको योजनालाई सबैभन्दा प्राथमिकताको सूचीमा राखेको छ।,Facebook has placed its metaverse plans on its top priority list.,D3E,8,medium,Non-Past,Affirmative
COM_P2_D2H_S2_2115,सलायन नोन आरेबा थेला पाङ्बा मुला।,सलायन पनि नभएको उहाँको भनाइ छ।,He says that there is no solution.,D2H,6,short,Non-Past,Affirmative
COM_P2_D4C_S1_B1_3706,चुरि भौतिक पूर्वाधारला आडुप मुला।,यहाँ भौतिक पूर्वाधारको अभाव छ।,There is a lack of physical infrastructure here.,D4C,5,short,Non-Past,Affirmative
COM_D3E_S3_3593,खाङ्बा लारि सहज स्रुगरि डोलोपलोप्डेन सुनिश्चित लाबारि साविकलान बेने १ गतेग्याम ग्युइसेरकि सत्र चुःतोबा सुझाव छ्यामला ह्रिबा स्यो पुइबा ग्रेन्पो मल्लला पाङ्बा मुला।,जाडो महिनामा सहज रूपमा पठनपाठन सुनिश्चित गर्न साविककै फागुन १ गतेबाट शैक्षिक सत्र सुरु गर्नुपर्ने सुझाव सहितको माग पत्र पठाइएको प्रमुख मल्लको भनाइ छ।,Chief Malla says that a demand letter has been sent with a suggestion to start the academic session from Falgun 1 to ensure smooth teaching and learning during the winter months.,D3E,24,very long,Non-Past,Affirmative
COM_P2_D2H_S2_3770,फ्रान्सेली वैज्ञानिकसे आएचयू भेरिएन्टला नोत्पाफिरि प्रमाणित ताबारि तिगाइ साता लाग्दिबा पाङ्बा मुला।,फ्रान्सेली वैज्ञानिकले आएचयू भेरिएन्टको असरबारे प्रमाणित हुन केही साता लाग्ने बताएका छन्।,French scientists have said it will take a few weeks to prove the effects of the IHU variant.,D2H,12,medium,Non-Past,Affirmative
COM_P2_D2H_S1_8410,प्रतिष्ठानला काठाक्पा डा. राजीव शाहला आन्सार २०६८ रि स्हेङ्बा प्रतिष्ठानरि गोर्लाङ नोइला क्योन्बा डायलायसिस साप्तो पिन्बा लाबा आरेबा।,प्रतिष्ठानका निर्देशक डा. राजीव शाहका अनुसार २०६८ मा स्थापना भएको प्रतिष्ठानमा मिर्गौला रोगीको उपचार डायलायसिस सेवा दिने गरेको थिएन।,"According to the institute's director, Dr. Rajiv Shah, the institute, which was established in 2068, did not provide dialysis services for kidney patients.",D2H,19,long,Past,Negative
COM_P2_D5G_S1_89,थे निबाव्हाना ङानिसे ध्यान आपिन्नि।,उनी गएतिर हामीले ध्यान दिएनौं।,We didn't notice him leaving.,D5G,5,short,Past,Negative
D1A_S0_B2_1318,नेपालरि उत्पादन ताबा टुङरागुङ ९४ कार्ग्या ग्यागारह्युलरि निकासी तामुला।,नेपालमा उत्पादन हुने अदुवामध्ये ९४ प्रतिशत भारतमा निकासी हुन्छ।,94 percent of the ginger produced in Nepal is exported to India.,D1A,9,medium,Non-Past,Affirmative
D1A_S0_B3_1960,सानाम  ओसेम सेमचेनज्याबि फेल्गेबाब्लोन डा. बेदुराम भुसालसे बुम च्युइ तोङ्जा ३० हेक्टर सानामग्योग्य सा पोन मुबा पाङ्बा मुला।,कृषि तथा पशुपन्क्षी विकासमन्त्री डा बेदुराम भुसालले १० लाख ३० हजार हेक्टर कृषियोग्य जमिन बाँझो रहेको बताएका छन्।,Agriculture and Animal Development Minister Dr. Beduram Bhusal stated that 10 lakh 30 thousand hectares of agricultural land remain fallow.,D1A,18,long,Non-Past,Affirmative
P4_D1A_S1_B2_2864,"दारेम दोःसि लाबारि ग्लाबरिन दोःतोबा ह्राङ्बा ताजि, थेसेलामा गोरगिक कोरली थेन बहर जोडी थान्बा हिन्ना।","अब फेरि गर्न गोरुमै फर्कन पर्नेजस्तो भयो, त्यसैले एउटा कोरली र बहर जोडी राखेको हुँ।","Now I feel like I have to go back to bulls, so I've kept a pair of heifers and a bull.",D1A,15,medium,Non-Past,Affirmative
COM_D2H_S4_4017,केकेबा चाबास्हेकादे एन युरिक एसिडला काक्तारि ल्हाना चाबा लाबा ख्युलपिन्बा तामुला।,गुलियो खानेकुराहरू पनि युरिक एसिडको समस्यामा धेरै सेवन गर्नु नोक्सानदायक हुन्छ।,Consuming too much sugary foods is also harmful for uric acid problems.,D2H,11,medium,Non-Past,Affirmative
COM_P2_D5G_S2_2316,चु नितान्त छार तासाइ जैविक व्हाइरिम ङ्योलोक मुबा।,यो नितान्त नौलौ तर जैवनिक सङ्गीत आन्दोलन थियो।,This was a completely new but organic musical movement.,D5G,8,medium,Past,Affirmative
D1A_S0_B1_4749,स्याउ उत्पादनला लागिरि ङोसेबा चु फार्मरि स्याउ रोबारि ख्लामाहेन्से दान्दे ल्होलो प्रजातिला रोरो सास्हिङ फेल्बारि तिःबा मुला।,स्याउ उत्पादनका लागि चिनिएको यो फार्ममा स्याउ फल्न छोडेपछि अहिले विभिन्न प्रजातिका फलफूलको खेती विस्तार गर्न थालिएको छ।,"This farm, known for its apple production, has now expanded to grow various types of fruits after ceasing to grow apples.",D1A,18,long,Non-Past,Affirmative
COM_D3E_S5_450,इन्टरनेटरि ल्हानारि डाटाला स्थानान्तरण छाददा ब्यान्डविथरि मापन लामुला।,इन्टरनेटमा अधिकतम डाटाको स्थानान्तरण दरलाई ब्यान्डविथमा मापन गरिन्छ।,The maximum data transfer rate on the Internet is measured in bandwidth.,D3E,8,medium,Non-Past,Affirmative
COM_P2_D3E_S1_6444,रोसे परार्मश गेताङसे लोप्खेनजुगुसे दाक्पा छ्यो थेन आप्ता किन्बारि देबा तासेला पाङ्स्ह्युजि।,उहाँले परार्मश कार्यक्रमले विद्यार्थीहरूले सही दिशा र निर्णय लिन सजिलो हुने बताउनुभयो।,He said that the counseling program will help students take the right direction and decisions.,D3E,12,medium,Past,Affirmative
COM_D3E_S3_2407,आधुनिक युगरि दुइसापेक्ष अध्यापन लापुङ्बारि स्हाङ्बा चु कलेज लोप्खेनकादेला लागि उचित दोखाङ दोःबारि मतन्हि आरे।,आधुनिक युगमा समयसापेक्ष अध्यापन गराउन सफल यो कलेज विद्यार्थीहरूको लागि उचित गन्तव्य बन्नेमा दुईमत छैन।,"There is no doubt that this college, which has succeeded in providing timely teaching in the modern era, will become a suitable destination for students.",D3E,15,medium,Non-Past,Negative
COM_D2H_S4_3989,कपिलवस्तु फेल्बा फिच्चा हैजा नियन्त्रणला लागिरि सरकारसे डब्ल्युएचओतेन ओरल कलेरा भ्याक्सिन पिन्बा मुबा।,कपिलवस्तु फैलिएको उक्त हैजा नियन्त्रणको लागि सरकारले डब्ल्युएचओसँग ओरल कलेरा भ्याक्सिन दिएको थियो।,"The government, in collaboration with the WHO, provided oral cholera vaccines to control the cholera outbreak in Kapilvastu.",D2H,13,medium,Past,Affirmative
COM_D5G_S6_1535,दान्दे  मि चन्द्र नेपाल दोबा ला च्युइसे ङ्हा ताजिन्जि।,अहिले त चन्द्र नेपाल फिरेको १५ महिना भइसक्यो।,It has now been 15 months since Chandra returned to Nepal.,D5G,8,medium,Past,Affirmative
COM_P2_D5G_S4_1731,थेनिकादे गुङ्ला कात्तेराङ लोप्खाङला व्हाइरिम लोप्खेन नोन हिन्ना।,उनीहरूमध्ये कतिपय स्कूलका सङ्गीत शिक्षक पनि हुन्।,Some of them are also school music teachers.,D5G,7,short,Non-Past,Affirmative
COM_D3E_S5_668,थेनिकादेला प्रस्तावदा नास्टसे स्विकार लाजि।,उनीहरूको प्रस्तावलाई नास्टले स्वकार गर्‍यो।,NAST accepted their proposal.,D3E,5,short,Past,Affirmative
D4S_S3_1019,घटस्थापनाहेन्से नोन ढोलक ह्राप्मुबा।,घटस्थापनादेखि नै ढोलक बज्थ्यो।,The drum was played from the very beginning.,D4C,4,short,Past,Affirmative
D4S_S3_3570,"कोशीचामला ङामरि दोबा मुबा, सडकला लच्कारि थेबिमा ङाच्छा गुडतिसिचिबा कारसे तिक्खेरि ब्रेक रोप्चि।","कोशीपुलको नजिक पुगेका थिए, सडकको लच्कामा उनीभन्दा अगाडि गुडिरहेको कारले एक्कासि ब्रेक हान्यो।","As he approached the Koshi bridge, the car ahead of him suddenly slammed on the brakes on a bend in the road.",D4C,13,medium,Past,Affirmative
COM_P2_D2H_S2_6621,च्याङनारि मानखाङ सिम अफिसर थेन मेन्दो गि डेन्टल चिकित्सक आवश्यक मुला,कम्तीमा तीन मेडिकल अफिसर र एकजना डेन्टल चिकित्सक आवश्यक छ।,At least three medical officers and one dental practitioner are required.,D2H,10,medium,Non-Past,Affirmative
P3_D1A_S0_B2_230,पालिकारि डाप उत्पादन ल्हेःबा मुला।,पालिकामा साग उत्पादन बढेको छ।,Vegetable production has increased in the municipality.,D1A,5,short,Non-Past,Affirmative
D1A_S0_B2_980,विन्दुसे ङा दिङ ङ्हाच्छा १० कट्ठाग्याम तिबा लाबा म्हेन्दोसास्हिङ दान्दे न्हि बिघा क्षेत्रफलरि फेल्बा मुला।,विन्दुले पाँच वर्षअघि १० कट्ठाबाट सुरु गरेको फूलखेती हाल दुई बिघा क्षेत्रफलमा फैलिएको छ।,Bindu started flower farming with 10 acres five years ago and has now spread over an area of ​​two bighas.,D1A,14,medium,Non-Past,Affirmative
COM_D4C_S1_S2_2579,टीका थान्मा टिका थान्पिन्बा व्यक्ति न्हुप थेन टिका ताबा व्यक्ति स्यार दोःतोदोबा धर्मकि मान्यता मुला।,टीका लगाउदाँ टिका लगाइदिने व्यक्ति पश्चिम र टिका लगाउने व्यक्ति पूर्व फर्कनुपर्ने धार्मिक मान्यता छ।,"There is a religious belief that when administering the vaccine, the person administering the vaccine should face west and the person receiving the vaccine should face east.",D4C,15,medium,Non-Past,Affirmative
COM_D4C_S1_S2_6419,अन्नपूर्ण ज्योमोगाङला जोरि दोबा ङाच्छाला म्रिङ्कोलादा अन्नपूर्ण नाम्सापालिका थेन नेपाल पत्रकार ग्रेनघेदुङ म्याग्दीसे बेनीरि डेन लाबा मुला।,अन्नपूर्ण हिमालको चुचुरोमा पुग्ने पहिलो महिलालाई अन्नपूर्ण गाउँपालिका र नेपाल पत्रकार महासङ्घ म्याग्दीले बेनीमा सम्मान गरेको हो।,Annapurna Rural Municipality and the Federation of Nepali Journalists (FNJ) Myagdi honored the first woman to reach the peak of Annapurna Mountain in Beni.,D4C,17,long,Non-Past,Affirmative
COM_D3E_S1_S2_284,थेला अडान लिच्छा जनमतला गेबोनसे विश्वविद्यालयरि तालाबन्दी लाबा मुबा।,उनको अडानपछि जनमतका कार्यकर्ताले विश्वविद्यालयमा तालाबन्दी गरेका थिए।,"Following his stance, Janmat activists locked down the university.",D3E,8,medium,Past,Affirmative
COM_P2_D2H_S4_3181,आयुर्वेद चिकित्सक पुनेश्वर केशरीला आन्सार चु ल्हुइदा हल्का सोबाला विधि हिन्ना,आयुर्वेद चिकित्सक पुनेश्वर केशरीका अनुसार यो शरीरलाई हल्का बनाउने विधि हो।,"According to Ayurvedic doctor Puneshwar Keshari, this is a method to lighten the body.",D2H,11,medium,Non-Past,Affirmative
COM_P2_D4C_S1_B1_2628,थे बजारग्याम शिसोःलाट खाबारि सवारी साधन क्योल्बारि खाम्ला।,सो बजारबाट शिखरकोट आउन सवारी साधन प्रयोग गर्न सकिन्छ।,"From that market, vehicles can be used to reach Shikharkot.",D4C,9,medium,Non-Past,Affirmative
COM_D3E_S1_S2_2302,थेगुङ्ला नुवाकोटला गोरङ्हा थेन गोरखाला सोम लोप्खाङला टेण्डर स्वीकृत ताबा मुला ।,जसमध्ये नुवाकोटका पाँच र गोरखाका तीन विद्यालयको टेण्डर स्वीकृत भएको छ।,"Of these, tenders for five schools in Nuwakot and three in Gorkha have been approved.",D3E,11,medium,Non-Past,Affirmative
COM_D2H_S3_2594,कोरोना च्यालबा नाबाला क्योन्बारि थप सहजता खाबा ढकालसे पाङ्जि।,कोरोना सङ्क्रमित बिरामीको उपचारमा थप सहजता आउने ढकालले बताए।,Dhakal said that the treatment of COVID-19 patients will become easier.,D2H,9,medium,Past,Affirmative
COM_D2H_S1_S2_3794,चुह्राङ्बा दोङ्बाला प्रयोगसे रिङकल्स हाटाबलाबारि ङाज्याङ भूमिका क्लाङ्बा लामुला।,यस्तो मिश्रणको प्रयोगले रिङकल्स हटाउन ठूलो भूमिका निर्वाह गर्छ।,Using such a mixture plays a major role in removing wrinkles.,D2H,9,medium,Non-Past,Affirmative
COM_D3E_S5_3467,पूर्खा वा गुरुसे बिबा ताम ङ्यान्बा थेन थाइना लाबा छेप मुबा।,पूर्खा वा गुरुले भनेका कुरा सुन्ने र सुनाउने चलन थियो।,It was customary to listen to and recite what an ancestor or teacher said.,D3E,10,medium,Past,Affirmative
COM_D2H_S1_S2_2403,दिङ दाङ्से डेङ्गु च्यालाङ्पा स्याप्साइ नोन रूपन्देहीरि लिच्छाला दिङ ङिचोसो काबाबेन्बाला लागिरि बजेट खाबा आरे।,प्रत्येक वर्ष डेङ्गु सङ्क्रमित भेटिए पनि रूपन्देहीमा पछिल्लो दुई वर्षयता रोकथामका लागि बजेट आएको छैन।,"Despite dengue infections being detected every year, Rupandehi has not received budget for prevention in the last two years.",D2H,15,medium,Non-Past,Negative
COM_D3E_S5_5174,उपभोक्तासे खाजिबाइ टाङ्गा च्योच्योला रिचार्ज लासाइ नोन थेनोन च्योच्योला भ्वाइस कल थेन डाटा बोनसला स्रुगरि पिन्बारि खाम्ला।,उपभोक्ताले कुनै रकम बराबरको रिचार्ज गरे पनि सोही बराबरको भ्वाइस कल र डाटा बोनसको रूपमा दिन सकिन्छ।,"Even if a consumer recharges an amount equal to any amount, the same amount of voice calls and data can be given as a bonus.",D3E,17,long,Non-Past,Affirmative
COM_P2_D4C_S1_B1_3899,ग्योइलिङसे ह्युलकोर दोखाबाछ्यामरि तार्ङापालन थेन मनोरञ्जनरि ह्रोछ्या दोबा मुला।,तालले पर्यटन आगमनसँगै माछापालन र मनोरञ्जनमा सहयोग पुगेको छ।,"The lake has helped with fishing and recreation, along with the arrival of tourism.",D4C,9,medium,Non-Past,Affirmative
COM_P2_D2H_S2_4551,याम्बुरि डेङ्गु फैलबलासेला एडीस जातला पाङ्दि थेन उच्च जनघनत्व ताबासे जोखिम ल्हेःबा हिन्ना,काठमाडौँमा डेङ्गु फैलाउने एडीस जातको लामखुट्टे र उच्च जनघनत्व भएकाले जोखिम बढेको हो।,"The risk has increased in Kathmandu due to the presence of Aedes mosquitoes, which spread dengue, and high population density.",D2H,13,medium,Non-Past,Affirmative
D1A_S0_B2_4258,थे प्रस्ताव ब्लोनसेङ्जाङरि पेस लाबा तयारी मुबा सानाम ओसेम सेमचेनज्याबि फेल्गेबा ब्लोनखाङला प्रवक्ता सवनम शिवाकोटीसे ग्रानाङ पिन्जि।,सो प्रस्ताव मन्त्रिपरिषद्‌मा पेस गर्ने तयारी भइरहेको कृषि तथा पशुपंक्षी विकास मन्त्रालयका प्रवक्ता सवनम शिवाकोटीले जानकारी दिइन्।,"Savnam Shiwakoti, spokesperson for the Ministry of Agriculture and Livestock Development, informed that preparations are underway to submit the proposal to the Council of Ministers.",D1A,17,long,Past,Affirmative
COM_P2_D4C_S1_B2_3771,चु प्रतियोगितादा रोचक स्होबारि तिकाइ आयोजकसे चुम्बन लाबान स्याबा तासेदा राङ्बा नि दुइसुत्ताइ तय लाबाला मुला।,यो प्रतियोगितालाई रोचक बनाउन केही आयोजकले चुम्बन गर्दै नाच्नु पर्ने जस्ता नि सयमसमेत तय गरेका छन्।,"To make this competition more interesting, some organizers have even set rules such as kissing and dancing.",D4C,16,long,Non-Past,Affirmative
D1A_S0_B2_3607,"सेमचेनदा ख्वाबा दाना, चोकर, हागा, लेः, छेला साइ ल्हेःबान निमा न्हेला साइरि लागतआन्सार ल्हेःबारि खाम्बा आरे। ","पशुलाई खुवाउने दाना, चोकर, ढुटो, पराल, घाँसको मूल्य बढ्दै जाँदा दूधको मूल्यमा लागतअनुसार वृद्धि हुन सकेको छैन।","As the prices of feed, bran, chaff, straw, and grass used to feed animals increase, the price of milk has not been able to increase in line with costs.",D1A,17,long,Non-Past,Negative
COM_P2_D2H_S4_5460,अस्पताल वडा नम्बर १० रि मुबा ढोरफिर्दी ल्हुइथाङ चौकीदा हस्तान्तरण लाबा मुबा।,अस्पताल वडा नम्बर १० मा रहेको ढोरफिर्दी स्वास्थ्य चौकीलाई हस्तान्तरण गरिएको थियो।,The hospital was handed over to the Dhorfirdi Health Post in Ward No. 10.,D2H,12,medium,Past,Affirmative
D4S_S3_2964,म्रिङ्मा थेन ह्रेमकोला कक्ष फेसाइ नोन अपराधआन्सारला कक्ष बिसाम सीमित नोन मुला।,महिला र पुरुषको कक्ष छुट्ययाइए पनि अपराधअनुसारको कक्ष भने सीमित नै छ।,"Although the cells for men and women are separated, the cells for each crime are limited.",D4C,12,medium,Non-Past,Affirmative
COM_D5G_S3_1733,बानेश्वरला सिभिल आस्पताल दोनालाबा घन्टा डेरिन थे डोङ्बा मुबा।,बानेश्वरको सिभिल अस्पताल पुर्‍याएको आधा घन्टामा नै उनको निधन भएको थियो।,He died within half an hour of being taken to the Civil Hospital in Baneshwor.,D5G,11,medium,Past,Affirmative
D4S_S3_7765,साङ्गुललिच्छा चु दिङ जेक्खे दर्शनार्थीसे लाथानला तोच्चा तादारि मुबा कृष्ण लाथानरि ज्याल्बारि याङ्बा मुला।,भूकम्पपछि यो वर्ष मात्र दर्शनार्थीले मन्दिरको माथिल्लो तलामा रहेको कृष्ण मन्दिरमा दर्शन गर्न पाएका छन्।,"Only this year after the earthquake, visitors have been able to visit the Krishna temple on the top floor of the temple.",D4C,15,medium,Non-Past,Affirmative
COM_D5G_S3_885,दाम्सि पाउ नाङते स्होबारि खाम्सेलामुबा।,छानेर एक पाउजति बनाउन सकिन्थ्यो।,It could have been made as big as a foot by picking it.,D5G,5,short,Past,Affirmative
COM_P2_D2H_S2_7456,नाब्याङला जाली आज्याबा न्हाङन्हाङरिन वाङ्बान निजि थेन नाख्रु चाबा नोइ लाग्तिजि बिसाम क्रास्यादोःना नोत्पा लाबान निला।,कानको जाली नफुटी भित्रभित्रै छिर्दै गयो र हड्डी खाने रोग लाग्यो भने दिमागसम्म असर गर्दै जान्छ।,"The eardrum continues to grow inside without breaking, and if the disease causes bone-eating disease, it can affect the brain.",D2H,16,long,Non-Past,Affirmative
COM_P2_D2H_S4_4586,साबुनसे लिः ख्रुमा ह्राङ्ला डि क्योङनोन फोस्टो तामुला।,साबुनले अनुहार धुँदा तपाईँको छाला एकदमै सुख्खा हुन्छ।,Washing your face with soap can make your skin very dry.,D2H,8,medium,Non-Past,Affirmative
COM_D5G_S3_127,थे क्लाङ जिन्बालिच्छा पाङ्ग्यालरि लिः तुम्सि चिबा मुबा।,उनी खेल सकिएपछि मैदानमा मुख छोपेर बसेका थिए।,He was sitting on the field with his face covered after the game ended.,D5G,8,medium,Past,Affirmative
COM_P2_D3E_S3_2169,फ्रान्सरि मुबा इन्टरनेशनल अर्थ रोटेसन सर्भिसला वैज्ञानिककादेसे साजाम्बुलिङला रोटेसनला निगरानी लाचिबा मुला।,फ्रान्सस्थित इन्टरनेसनल अर्थ रोटेसन सर्भिसका वैज्ञानिकहरूले पृथ्वीको रोटेसनको निगरानी गरिरहेका छन्।,Scientists at the International Earth Rotation Service in France are monitoring the Earth's rotation.,D3E,11,medium,Non-Past,Affirmative
COM_P3_D3E_S1_20790,स्नातकरि चु कार्ग्या ४० बिमा थोरि मुला।,स्नातकमा यो प्रतिशत ४० भन्दामाथि छ।,This percentage is over 40 among graduates.,D3E,6,short,Non-Past,Affirmative
COM_D3E_S1_S2_3696,थे आप्ता आन्सार छ्योइ बोलाबारि तिःबा कर्णाली प्रदेशला सामाजिक फेल्गेबा ब्लोनखाङला गाउराइ भोजराज काफ्लेसे उन्पाङ्जि।,उक्त निर्णयअनुसार पुस्तक वितरण सुरु गरिएको कर्णाली प्रदेशको सामाजिक विकास मन्त्रालयका सचिव भोजराज काफ्लेले जनाए।,"Bhojraj Kafle, Secretary of the Ministry of Social Development of Karnali Province, said that book distribution has begun as per the decision.",D3E,15,medium,Past,Affirmative
COM_P2_D2H_S1_5427,प्रतिष्ठानला तथ्याङ्क विभागला आन्सार निबा तापाहेन्से बेनेदोःना म्हेन्दो १७ ला क्योन्बा ताबा मुबा।,प्रतिष्ठानको तथ्याङ्क विभागका अनुसार गत पुसदेखि फागुनसम्म १७ जनाको उपचार भएको थियो।,"According to the institute's statistics department, 17 people were treated from last Poush to Falgun.",D2H,12,medium,Past,Affirmative
D4S_S2_4901,स्थानीय छारिब्योन परिचालन लासि निसरे ङि किन्सि ग्योइला सफाइ लाबा मुला।,स्थानीय युवा परिचालन गरेर दुई साता लगाएर दहको सफाइ गरिएको छ।,Local youth were mobilized to clean up the fire after two weeks.,D4C,11,medium,Non-Past,Affirmative
COM_P2_D4C_S1_B2_2134,जाम्बुलिङला स्यान्दो ह्युलरि उपभोक्तासे ह्राङ्ला दाम्बा आन्सारला सामान ग्लुबारि याङ्मुला।,संसारका अन्य देशमा उपभोक्ताले आफ्नो रुचिअनुसारको सामान खरिद गर्न पाउँछ।,"In other countries around the world, consumers can purchase goods of their choice.",D4C,10,medium,Non-Past,Affirmative
COM_P2_D5G_S2_1873,तिनि ह्युल्बाला नाछाल खानाङ मुला ?,आज जनताको अवस्था कहाँ छ?,Where is the situation of the people today?,D5G,5,short,Non-Past,Affirmative
D1A_S0_B2_709,लेङ्बा तोङ्जा १० मेट्रिक टन युरियाला बिसाम टेन्डरला गेरिम चलबतासि चिबा थेला पाङ्बा मुला।,बाँकी १० हजार मेट्रिक टन युरियाको भने टेन्डरको प्रक्रिया चलिरहेको उनको भनाइ छ।,He said that the tender process for the remaining 10 thousand metric tons of urea is underway.,D1A,13,medium,Non-Past,Affirmative
D1A_S0_B2_439,थेराङ्बान चुला अंग्रेजी मिन म्याकाडमिया नट हिन्ना।,त्यस्तै यसको अङ्ग्रेजी नाम म्याकाडमिया नट हो।,"Similarly, its English name is Macadamia nut.",D1A,7,short,Non-Past,Affirmative
D4S_S2_2234,थेराङ्बान लागू औषधछ्याम गिक भुटानी शरणार्थी म्रिङ्मा चुङ्बा मुला।,त्यस्तै लागू औषधसहित एक भुटानी शरणार्थी महिला पक्राउ परेकी छन्।,"Similarly, a Bhutanese refugee woman has been arrested with drugs.",D4C,10,medium,Non-Past,Affirmative
COM_P2_D5G_S1_710,अकस्मात् गोरगिक साइकल बेतोडसे ह्यार्बान मुला।,अकस्मात् एउटा साइकल बेतोडले कुदिरहेको छ।,"Suddenly, a bicycle is racing wildly.",D5G,6,short,Non-Past,Affirmative
COM_P2_D3E_S3_5132,"सामाजिक सञ्जालला खाताग्याम ह्राङ, ह्राङ्ला ह्रोकादेला मानसिक नाछाल पत्ता लाबारि खाम्ला।","सामाजिक सञ्जालको खाताबाट तपाईँ, तपाईँको साथीभाईहरूको मानसिक स्थिति पत्ता लगाउन सकिन्छ।",You and your friends' mental state can be detected through social media accounts.,D3E,11,medium,Non-Past,Affirmative
COM_D3E_S5_3067,चुगुङरि परिक्षण लाबालिच्छा जेक्खेन साप्तोला औपचारिक ठोङ्सेङ लाबा नोन मेयरसे ग्रानाङ पिन्स्ह्युजि।,यसबीचमा परिक्षण गरेपछि मात्रै सेवाको औँपचारिक उद्घाटन गरिएको पनि मेयरले जानकारी दिनुभयो।,The mayor also informed that the service was formally inaugurated only after testing.,D3E,12,medium,Past,Affirmative
COM_D2H_S4_5017,"ल्हाना चिल्लो आदि आचाबा ज्याबा ताम, तासाइ थोरै जजागि मसला चाबा ल्हाना ज्याबा हिन्ना","धेरै चिल्लो आदि नखानु राम्रो कुरा, तर थोरैथोरै मसला खानु धेरै राम्रो हो।","It's good not to eat too much fat, etc., but it's much better to eat a little spice.",D2H,13,medium,Non-Past,Affirmative
COM_P2_D5G_S4_5457,चु आधुनिक व्हाइ प्रेम भावरि तयार लाबा थेसे पाङ्जि।,यो आधुनिक गीत प्रेम भावमा तयार गरिएको उनले बताए।,He said that this modern song was composed with a sense of love.,D5G,9,medium,Past,Affirmative
COM_P2_D5G_S1_6934,चु चुनावरि बुरी तोसोसे हारे गोर्कि महान गोबोनला अचानक दर्शन ताजि।,इस चुनाव में बुरी तरह हारे एक महान नेता के अचानक दर्शन हुए।,A great leader who lost badly in this election had a sudden vision.,D5G,13,medium,Past,Affirmative
COM_P2_D5G_S3_2872,थे तामदा चु न्हिसे अस्वीकार लाबान खाजि।,त्यस कुरालाई यी दुईले नकार्दै आए।,These two denied that.,D5G,6,short,Past,Affirmative
D1A_S0_B1_4387,नाम्सादिमरि साङाला प्रयोग च्याङ्ना ताबान निबा मुसाइनोन ग्यासाला होटलसे बिसाम साङाला परिकारदा नोन आकर्षणला स्रुगरि थान्बारि तिःबा मुल।,गाउँघरमा कोदोको प्रयोग कम हुँदै गएको भए पनि शहरका होटलले भने कोदोका परिकारलाई नै आकर्षणका रूपमा राख्न थालेका छन्।,"Although the use of millet is decreasing in rural areas, hotels in the city have started to feature millet dishes as an attraction.",D1A,19,long,Non-Past,Affirmative
COM_D3E_S4_3300,नेपालरि मिरे ङ्यासे अचानक खाचिबाइ सन्देश आपिन्ना फेसबुक एकाउन्ट लगआउट ताबा मुला।,नेपालमा मङ्गलबार साँझ अचानक कुनै सन्देश नदिई फेसबुक एकाउन्ट लगआउट भएको छ।,"In Nepal, a Facebook account was suddenly logged out without any message on Tuesday evening.",D3E,12,medium,Non-Past,Affirmative
COM_P2_D5G_S2_5089,खालाइला दिमरि निमा राणाला ढर्रा थेन ठकुरी ज्योः थेनिकादेरि सोबान मुबा।,कसैको घरमा जाँदा राणाको ढर्रा र ठकुरी शैली उनीमा जीवितै थियो।,Rana's style of chivalry and chivalry was still alive in him when he visited someone's house.,D5G,11,medium,Past,Affirmative
COM_D5G_S4_2193,ङादा अनौठो ताजि तिल्दा बिसाम ङानिसे खाइमाइ चुराङ्लासि टाङ्गा पोप लाबा आरेबा।,मलाई अनौठो लाग्यो किनकि हामीले कहिल्यै यसरी पैसा जम्मा गरेका थिएनौँ।,I found it strange because we had never saved money like this before.,D5G,11,medium,Past,Negative
D4S_S2_5095,तिल्मा न्यायाधीशकादेतेनला काठुइरि ग्रेनन्यायाधीश जबरासे ह्राङ ह्युलठिमकि गेरिमग्याम खाबा थेन थेनोन गेरिमग्याम निबा पाङ्बा मुबा।,हिजो न्यायाधीहरूसँगको छलफलमा प्रधानन्यायाधीश जबराले आफू संवैधानिक प्रक्रियाबाट आएको र त्यही प्रक्रियाबाट जाने बताउनुभएको थियो।,"In a discussion with the judges yesterday, Chief Justice Jabra said that he came through the constitutional process and will go through the same process.",D4C,15,medium,Past,Affirmative
P2_D1A_S0_B1_393,थेनोन आमासे कौसी खु सास्हिङ लामा ताङ्बा मुला।,उनीपनि आमाले कौसी तरकारी खेती गरेकोमा खुशी छन्।,He is also happy that his mother is growing vegetables on the roof.,D1A,8,medium,Non-Past,Affirmative
COM_P2_D4C_S1_B1_2471,"छे पुइमा गोःबा व्हाइरि ब्ले, ब्लेपा, नामे थेन ङुमेला नुरकादे थुइमुला।","घाँस बोक्दा गाइने गीतमा पाखा, पखेरा, चरा र चुरुङ्गीका विषयहरू जोडिन्छन्।","The songs sung while carrying hay combine themes of birds, squirrels, birds, and squirrels.",D4C,11,medium,Non-Past,Affirmative
COM_D2H_S5_2464,न्हाबा घन्टा गिक लिच्छा ला डु दोःना निरन्तर आमाला ङ्हे ख्वातोमुला।,जन्मेको एक घन्टापछि ६ महिनासम्म निरन्तर आमाको दूध खुवाउनुपर्छ।,"Breastfeeding should be continued for 6 months, starting one hour after birth.",D2H,9,medium,Non-Past,Affirmative
P4_D1A_S1_B1_587,मजदुरी लासि लेङ्बा टाङ्गा नोन जिन्जि।,मजदूरी गरेर बचेको पैसा पनि सकियो।,The money I had saved from working was also gone.,D1A,6,short,Past,Affirmative
COM_P2_D3E_S1_6069,थेसे खेडोबला ताङरि पिन्बा छात्रवृत्तिछ्याम खेडोब जिन्बालिच्छा नोन कलेजसे पोस्ट ग्राजुएट स्कलरसिप पिन्बान खाबा पाङ्जि।,उनले अध्ययनका क्रममा दिइने छात्रवृत्तिसँगै अध्ययन सकेपछि पनि कलेजले पोस्ट ग्राजुएट स्कलरसिप दिँदै आएको बताए।,"He said that in addition to the scholarships provided during studies, the college has been providing postgraduate scholarships even after completion of studies.",D3E,15,medium,Past,Affirmative
COM_D2H_S1_S2_2040,चु नोइग्याम जाम्बुलिङनाङ दिङ दाङ्से तोङ्जा ६० म्हिला ल्हुइ निमुला।,यस रोगबाट संसारभरि हरेक वर्ष ६० हजार मानिसको ज्यान जान्छ।,This disease kills 60 thousand people worldwide every year.,D2H,10,medium,Non-Past,Affirmative
COM_D5G_S3_3258,पुष्परामदा ह्राङ्लान ङामला पात्रसे न्होङ्ना लाबा यथार्थ वर्णन लाबा मुला।,पुष्परामलाई आफ्नै नजिकका पात्रले बिगारेको यथार्थ वर्णन गरिएको छ।,The reality of Pushparam being corrupted by characters close to him is described.,D5G,9,medium,Non-Past,Affirmative
P3_D1A_S0_B1_3816,पञ्चैह्रोल्मो ह्राप्सि भोज ख्वासि पौवादुङरि–१ श्यामशीलाला धनबहादुर पाण्डसे १९ हल ग्लाबा छ्याम म्हेन्दो १८० खेतालासे सुबा मुला।,पञ्चैबाजा बजाएर भोज खुवाई पौवादुङमा– १ श्यामशीलाका धनबहादुर पाण्डले १९ हल गोरुसहित १८० जना खेतालाले रोपाइँ गरेका हुन्।,"Dhan Bahadur Panda of Shyamshila-1 in Poubadung has planted crops with 180 farmers, including 19 bullocks, while playing the Panchaibaja and serving a feast.",D1A,18,long,Non-Past,Affirmative
D4S_S3_2215,क्योङ म्हिसे ह्राङ्ला केवादा स्हाङ्बा स्होबाला लागिरि शास्त्रीय नियमकादे तेन्तोबा तामुला।,हरेक मानिसले आफ्नो जिवनलाई सफल बनाउनको लागि शास्त्रीय नियमहरू मान्नु पर्ने हुन्छ।,Every person must follow the rules of the scriptures to make their life successful.,D4C,12,medium,Non-Past,Affirmative
D1A_S0_B2_2331,नोबा ताबा म्हिदा चाबारि सेम आतामा सुन्तलाला च्याङ्नान खुगु ख्वामा चाबारि सेम ल्हेःबा मुला।,बिरामी भएको व्यक्तिलाई खान मन नलाग्दा सुन्तलाको थोरै रस खुवाँउदा खानामा रुची बढ्छ।,"When a sick person does not feel like eating, feeding them a small amount of orange juice can increase their appetite.",D1A,13,medium,Non-Past,Affirmative
COM_P2_D3E_S1_3630,सरकारसे सन् २०३० दोःना ग्युइसेर थुमला लागि दिगो फेल्गेबा दोनडुप्पा तय लाबा मुला।,सरकारले सन् २०३० सम्म शिक्षा क्षेत्रका लागि दिगो विकास लक्ष्य तय गरेको छ।,The government has set sustainable development goals for the education sector by 2030.,D3E,13,medium,Non-Past,Affirmative
COM_D2H_S1_S2_5894,अस्पताल कोभिड–१९ ला क्योन्बारि केन्द्रित मुमा स्यान्दो तोसोलाला कोबा नोइरि थेला नोत्पा दोबा काठाक्पा डा. राजभण्डारीसे सुङ्लास्ह्युजि।,अस्पताल कोभिड–१९ को उपचारमा केन्द्रित हुँदा अरू किसिमका सरुवा रोगमा त्यसको असर परेको निर्देशक डा. राजभण्डारीले बताउनुभयो।,Director Dr. Rajbhandari said that the hospital's focus on treating COVID-19 has had an impact on other types of infectious diseases.,D2H,17,long,Past,Affirmative
COM_D2H_S1_S2_1580,दिङ गोनेरि ओम साईरि कोल्टोला शल्यक्रिया ताजि।,साल साउनमा ओम साईमा गाँठोको शल्यक्रिया भयो।,On Om Sai underwent surgery for a tumor in July.,D2H,7,short,Past,Affirmative
COM_P2_D2H_S1_1460,आम्बाकाडोरि ल्हानान तोसोला पोषक तत्त्वकादे याङ्मुला।,एवोकाडोमा धेरै प्रकारका पोषक तत्त्वहरू पाइन्छ।,Avocados contain many types of nutrients.,D2H,6,short,Non-Past,Affirmative
COM_D4C_S1_S2_4213,ग्यागारह्युलकि ह्युलकोर्पाला चाप ल्हे:बारि ति:बालिच्छा नेपालगन्जला ल्हानाराङ बेनान ग्रेन थेन मध्यम होटलकादे प्लिङप्लिङ्बा ताबान निबान मुला।,भारतीय पर्यटकको चाप बढ्न थालेपछि नेपालगन्जका प्रायः सबै ठूला र मध्यम होटलहरू भरिभराउ हुँदै गएका छन्।,"As the number of Indian tourists increases, almost all large and medium-sized hotels in Nepalgunj are becoming full.",D4C,16,long,Non-Past,Affirmative
COM_D2H_S3_4685,"म्हुना कफी थुङ्साम ङु आखाबा, छटपटी ताबा, तिङला चाल ल्हेःबा ह्राङ्बा नाछोतकादे म्राङ्बारि खाम्ला।","राति कफीको सेवन गरे निद्रा नलाग्ने, छटपटी हुने, मुटुको चाल बढ्ने आदि लक्षणहरू देखा पर्न सक्छन्।","Consuming coffee at night may cause symptoms such as insomnia, irritability, and increased heart rate.",D2H,16,long,Non-Past,Affirmative
COM_P2_D3E_S2_2325,चु जोङरि बेने १ हेन्से डोबा चुःबा तासि तापाग्रेनरि दिङकि परीक्षा ताला।,यी जिल्लामा फागुन १ देखि पढाइ सुरु भएर मङ्सिरमा वाषिर्क परीक्षा हुन्छ।,"In these districts, education begins on Phalgun 1 and annual exams are held in Mangsir.",D3E,12,medium,Non-Past,Affirmative
P3_D5G_S2_B1_580,तिनि ग्राहककादे नोन खाबा आरे कि तिगा हिन्ना ?,आज ग्राहकहरू पनि आएका रहेनछन् कि के हो?,Are there any customers coming today?,D5G,8,medium,Non-Past,Affirmative
COM_P2_D5G_S3_2576,दिनिरि दिम फिर्ग्याप थोन्मा थोबोदा सुती क्वानसे गाप्स्ह्युगो।,घाममा घरबाहिर निस्कँदा टाउकोलाई सुती कपडाले छोप्नुस्।,Cover your head with a cotton cloth when going outside in the sun.,D5G,7,short,Non-Past,Affirmative
COM_D2H_S3_4826,वडास्तररि वडाचोहो थुछापा मुबा लासि स्होबा खोप समन्वय दाछोकदा आझा सक्रिय स्होसि अनुगमनला लागिरि उत्प्रेरित लाबा मुला।,वडास्तरमा वडाध्यक्ष संयोजक रहने गरी बनेको खोप समन्वय समितिलाई अझ सक्रिय बनाएर अनुगमनका लागि उत्प्रेरित गरिएको छ।,"The Vaccination Coordination Committee, formed at the ward level with the ward chair as coordinator, has been made more active and motivated for monitoring.",D2H,17,long,Non-Past,Affirmative
COM_D3E_S1_S2_4564,सांसद भण्डारीसे ह्युलला अब्बलला स्रुगरि ङोसेबाला बुढानिलकण्ठ लोप्खाङदा ह्युलनाङ फ्रेल्बारि तिदा आखाम्बा बिबान ङ्योइजि।,सांसद भण्डारीले देशको अब्बलकोरूपमा चिनिएको बुढानिलकण्ठ स्कुललाई देशभरि विस्तार गर्न किन नसकिएको भन्दै प्रश्न गरे।,"MP Bhandari questioned why Budhanilkantha School, known as one of the best in the country, could not be expanded across the country.",D3E,15,medium,Past,Affirmative
COM_P3_D3E_S3_2012,थेदुइरि नेविगेदुङ थेन क्रान्तिकारी गुङरि चुनावी गिक्खे ताबा मुबा।,त्यतिबेला नेविसङ्घ र क्रान्तिकारीबीच चुनावी एकता भएको थियो।,"At that time, there was an electoral alliance between the Nepali Sangh and the Revolutionary Party.",D3E,8,medium,Past,Affirmative
COM_D3E_S5_1703,चुला दोन गुगलरि मुबा डाटादा थेसे ल्होलो गेला लागिरि क्योल्बारि खाम्ला।,यसको अर्थ गुगलमा भएका डाटालाई उसले विभिन्न कार्यका लागि प्रयोग गर्न सक्छ।,This means that he can use the data on Google for various purposes.,D3E,12,medium,Non-Past,Affirmative
COM_D3E_S1_S2_1957,"ग्याल्साङ जोम्नाला तिनिला चिसाङसे ग्युइसेरसम्बन्धी तिगाइ नेपाल ऐन डिक्लाबा विधेयक, २०७५ ल्हानामतसे पारित लाबा मुला। ","राष्ट्रियसभाको आजको बैठकले शिक्षासम्बन्धी केही नेपाल ऐन संशोधन गर्ने विधेयक, २०७५ बहुमतले पारित गरेको छ।","Today's meeting of the National Assembly has passed the Bill to Amend Certain Nepal Acts Related to Education, 2075 BS by a majority.",D3E,15,medium,Non-Past,Affirmative
D4S_S2_3561,थेनिकादे क्वाइमि ओसेम सार्वजनिक दिमग्रेनरि आश्रय किन्सि चिचिबा मुला।,उनीहरू आफन्त तथा सार्वजनिक भवनमा आश्रय लिएर बसिरहेका छन्।,They are taking shelter with relatives and in public buildings.,D4C,9,medium,Non-Past,Affirmative
COM_P2_D4C_S1_B4_2215,ग्यासाला मुदेनोबा दिमग्रेनबिमा फिरि स्काइवाक लाबान ग्यासाला ग्यार्जा सोमसे ६० डिग्रीरि भ्यू च्याबारि नेपालरिन याङ्बा ताबा मुला।,सहरका गगनचुम्बी भवनभन्दा माथि स्काइवाक गर्दै सहरको तीन सय ६० डिग्रीमा भ्यू हेर्न नेपालमै पाइने भएको छ।,It is now possible to enjoy a three hundred 60-degree view of the city from a skywalk above the city's skyscrapers in Nepal.,D4C,17,long,Non-Past,Affirmative
COM_D4C_S1_S2_4679,निकुञ्ज न्हाङला दुर्लभ ह्रिसेमचेनला ङ्यान्दि ह्युलकोर छोङनाम फस्टइतिबा चुःबा पाङ्बा मुला।,निकुञ्ज भित्रका दुर्लभ वन्यजन्तुका कारण पर्यटन व्यवसाय फस्टाउन थालेको जनाइएको छ।,It is reported that the tourism industry has begun to flourish due to the rare wildlife within the park.,D4C,11,medium,Non-Past,Affirmative
COM_P2_D2H_S3_816,ह्राङसे चाबा मान निम चातोमुला,आफूले खाने औषधि नियमित सेवन गर्नुपर्छ।,You should take your medications regularly.,D2H,6,short,Non-Past,Affirmative
COM_P2_D2H_S2_2504,"मोकोनबिमा ज्याबा  चिकित्सक थे हिन्ना, थेसे नोइदा उपयुक्त ग्रोइ पिन्बारि खाम्गाइ।","सर्वश्रेष्ठ चिकित्सक त्यो हो, जसले रोगीलाई उपयुक्त सल्लाह दिन सकोस्।",The best doctor is the one who can give appropriate advice to the patient.,D2H,10,medium,Non-Past,Affirmative
COM_D5G_S4_1261,म्युजिक कम्पनीकादे थेदा लगानी लाबारि तयार ताजि।,म्युजिक कम्पनीहरू उनलाई लगानी गर्न तयार भए।,Music companies were ready to invest in him.,D5G,7,short,Past,Affirmative
COM_D5G_S4_3030,खुल्तिसि ङेमुबा ग्राहकला ङाच्छा थेन पाङ्मुबा ङाला ब्राबा ह्रो मुला।,खुलेर हाँस्दथी ग्राहकको अघि र भन्थी मेरो केटा साथि छ।,"She would laugh freely in front of the customers and tell them, 'I have a boyfriend.'",D5G,10,medium,Non-Past,Affirmative
P4_D1A_S1_B1_3777,"सानाम्पादा सानाम बीमाला फिरि ग्रानाङ नोन आरे, ग्रानाङ मुबा सानाम्पा नोन बीमा लाभ किन्बारि झण्झटिलो ताबासे बीमा लाबारि आङ्यान्मुला।","किसानलाई कृषि विमाका बारेमा जानकारी नै छैन, जानकारी भएका किसान पनि बीमा लाभ लिन झण्झटिलो भएकाले बीमा गर्न मान्दैनन्।","Farmers are not aware of agricultural insurance, and even those who are aware are reluctant to take out insurance because they find it difficult to obtain insurance benefits.",D1A,19,long,Non-Past,Negative
P2_D1A_S0_B1_4482,नाम्खाकि सुन ब्लुम्बा ताबासे नाम्दुङे सुन सुबारि तिःबा मुला।,बर्खे धान डुबानमा पर्ने भएकाले चैते धान रोप्न थालेका हौं।,We have started planting Chaite rice as the rainy season rice is prone to flooding.,D1A,10,medium,Non-Past,Affirmative
COM_P2_D5G_S1_311,दान्दे  तिलाइ दिङचुर्से भौतिकस्रुगरि ग्यालठिमरि सक्रिय बिसाम आरे।,अहिले केही वर्षयता भौतिकरूपमा राजनीतिमा सक्रिय भने छैन।,He has not been physically active in politics for a few years now.,D5G,8,medium,Non-Past,Negative
COM_P2_D5G_S3_1355,दान्दे थे ललितकला ब्लिच्छा दिङला लोप्बोन हिन्ना।,अहिले उनी ललितकला चौथो वर्षकी विद्यार्थी हुन्।,She is currently a fourth-year fine arts student.,D5G,7,short,Non-Past,Affirmative
COM_P2_D4C_S1_B1_630,ज्योमोलुङ्माला दान शिविरला बेनान फोहोर बातोबा ठिमतेन मुसाम लोतु तासेला आरेबा।,सगरमाथाको आधार शिविरको सबै फोहोर ल्याउनुपर्ने नीति भए चिन्ता हुने थिएन।,"If there was a policy to bring all the garbage from the Everest base camp, there would be no worries.",D4C,11,medium,Past,Negative
P4_D1A_S1_B1_2472-,"ल्हानाह्राङ्बादा नाम्सि ग्राफिरि था आरे, सानाम्पासे चुला मतलब नोन आलामुला।","अधिकांशलाई मौसमी सूचनाबारे थाहा छैन, किसानले यसको मतलब नै गर्दैनन्।","Most people are unaware of seasonal information, and farmers don't pay attention to it.",D1A,10,medium,Non-Past,Negative
COM_P2_D5G_S1_3128,तिल्दा बिसाम चुला अनुमति नोन आरे।,किनभने यसको अनुमति नै छैन।,Because it is not allowed.,D5G,5,short,Non-Past,Negative
COM_P3_D3E_S3_9558,"लोप्खाङरि हाँस, नाकि न्हाबा मुला।","विद्यालयमा हाँस, कुकुर पालेका छन्।",They have ducks and dogs at the school.,D3E,5,short,Non-Past,Affirmative
COM_D3E_S5_2235,खाचिबाइ नोन ताम बोल्डरि च्याबाला लागिरि ह्राङसे पोस्ट विवरणकादेरि क्लिक लातोबा मुला।,कुनै पनि कुरा बोल्डमा हेर्नका लागि तपाईँँले पोस्ट विवरणहरूमा क्लिक गर्नुपर्नेछ।,You'll need to click on the post details to see anything in bold.,D3E,11,medium,Non-Past,Affirmative
COM_P2_D3E_S2_6683,बझाङरि ह्राङ ङाम ग्यालठिमकि आस्थाला कब्जारि लोप्खाङ थान्बा नियतसे आपराधिक घटनासुत्ताइ ताबा लामुला।,बझाङमा आफूनिकट राजनीतिक आस्थाको कब्जामा विद्यालय राख्ने नियतले आपराधिक घटनासमेत हुने गरेका छन्।,Criminal incidents have also occurred in Bajhang with the intention of keeping schools under the control of political groups close to them.,D3E,13,medium,Non-Past,Affirmative
COM_P2_D3E_S2_714,ग्युइसेर नोन मोकोनबिमा ग्रेन ताम हिन्ना।,शिक्षा नै सबैभन्दा ठूलो कुरा हो।,Education is the biggest thing.,D3E,6,short,Non-Past,Affirmative
COM_D2H_S5_5608,"अस्पतालरि अक्सिजन प्लान्ट खरीद लासि जडानला लागि बोलपत्र आह्वान लाबा हिन्ना,बेल्बोरि प्लान्ट स्थापना तासिजिन्जि।","अस्पतालमा अक्सिजन प्लान्ट खरीद गरी जडानका लागि बोलपत्र आह्वान गरेका हौं,असारमा प्लान्ट स्थापना भइसक्छ।",We have invited bids for the purchase and installation of an oxygen plant at the hospital. The plant is expected to be installed in Asar.,D2H,14,medium,Non-Past,Affirmative
COM_D5G_S5_716,लु ब्राउ बिबान ज्योज्योसे जुम्बि चुङ्जि।,लौ हिँड भन्दै दाइले औँला समाए।,"My brother grabbed my finger, saying, ""Let's go.""",D5G,6,short,Past,Affirmative
D1A_S0_B1_4975,थे जे आहिन सोमदिङरि मलेसियारि ग्यात लासि दोःबा मोरङ दार्वेशा-१ ला अशोक सुवेदीसे रा न्हासि ज्यानाले आम्दानी लाबारि वाङ्जि।,उहाँ मात्र होइन ३ वर्ष मलेसियामा काम गरेर फर्किनुभएका मोरङ दर्वेशा–१ का अशोक सुवेदीेले बाख्रापालन गरेर राम्रो आम्दानी गर्न थालेका छन्।,"Not only him, but Ashok Subedi of Morang Darwesha-1, who returned after working in Malaysia for 3 years, has started earning a good income by raising goats.",D1A,21,very long,Non-Past,Affirmative
D4S_S1_3411,घटनाला ग्रानाङ याङ्बालिच्छा प्रहरीला टोली घटनाग्लारि दोसि अनुसन्धान लाचिबा सिंहसे ग्रानाङ पिन्जि।,घटनाको जानकारी पाएपछि प्रहरीको टोली घटनास्थलमा पुगेर अनुसन्धान गरिरहेको सिंहले जानकारी दिए।,"Singh informed that after receiving information about the incident, a police team reached the spot and is investigating.",D4C,12,medium,Past,Affirmative
COM_D2H_S3_2246,पेक्टिन फाइबरसे ग्रुङदा ज्याबा गे लाबा दुइसाङ पिन्मुला।,पेक्टिन फाइबरले आन्द्रालाई राम्रो काम गर्ने अवसर दिन्छ।,Pectin fiber allows the intestines to function better.,D2H,8,medium,Non-Past,Affirmative
COM_D5G_S1_S2_4761,आनाम गोरनिस महादेशला खाचिबाइ छ्योसेरि चिसि साइनो थुइबारि खाम्ला।,अर्थात् सात महादेशका कुनै पनि कुनामा बसेर साइनो गाँस्न सकिन्छ।,That means you can connect with your loved ones from any corner of the seven continents.,D5G,10,medium,Non-Past,Affirmative
COM_P2_D2H_S5_5406,खेडोबरि १९ हेन्से ३० दिङला म्हेन्दो ५६ थाङ्बा रेमकोलादा बोकिन्बा लाबा मुबा।,अध्ययनमा १९ देखि ३० वर्षका ५६ जना स्वस्थ पुरुषलाई सहभागी गराइएको थियो।,The study involved 56 healthy men aged 19 to 30.,D2H,12,medium,Past,Affirmative
D4S_S3_2805,थेतासि थे दोइ न्हासि चिबा आहिन कि सात्तान दोइ पुइबारि म्हान्मुला।,त्यसैले उनी भारी बिसाएर बस्ने होइन कि सधैँ भारी बोक्न चाहन्छन्।,"So he doesn't want to live with a burden, but always wants to carry it.",D4C,11,medium,Non-Past,Affirmative
COM_P2_D3E_S1_6049,रोसे निजी लोप्खाङ स्याङ्पासे च्याङ्ना मापदण्डसुत्ताइ आछ्योना लाबा स्याप्साम कारबाही लासेला ग्रानाङ पिन्स्ह्युजि।,उहाँले निजी विद्यालय सञ्चालकले न्यूनतम मापदण्डसमेत नपुर्‍याएको पाइए कारबाही गरिने जानकारी दिनुभयो।,He informed that action will be taken if private school operators are found not to meet even the minimum standards.,D3E,12,medium,Past,Affirmative
COM_P2_D2H_S2_3389,प्राध्यापक डा. उषाकिरण सुब्बासे नेपालरि ग्रेन ह्युलम्हिरि म्राङ्बा उदासिनताला नाछालला नुररि गेस्यो प्रस्तुत लामुबा।,प्राध्यापक डा. उषाकिरण सुब्बाले नेपालमा ज्येष्ठ नागरिकमा देखिएको उदासिनताको अवस्थाको विषयमा कार्यपत्र प्रस्तुत गरेका थिए।,Professor Dr. Usha Kiran Subba presented a working paper on the state of depression among senior citizens in Nepal.,D2H,15,medium,Past,Affirmative
COM_P2_D4C_S1_B2_2405,न्हाङ्बा ह्युलकोर्पाला विस्तृत तथ्याङ्क बिसाम गेदिमकादेरि ह्रुप्पाला आरे।,आन्तरिक पर्यटकको विस्तृत तथ्याङ्क भने कार्यालयहरूमा सङ्कलन गरिएको छैन।,Detailed data on domestic tourists is not collected in offices.,D4C,9,medium,Non-Past,Negative
P2_D1A_S0_B1_3880,"सानाम्पासे तिरेमरिन चुङ्बारि दुइ ब्रान्मा सुत्ताइ क्षति दान्ना ताजि, दान्दे साङ्ज्या नोन फाप्पासे क्षतिला विवरणसुत्ताइ च्याङ्ना मुला। ","किसानले एकैचोटी बेच्न समय कुर्दासमेत क्षति बढी भयो, अहिले सङ्ख्या नै कम भएकाले क्षतिको विवरणसमेत कम छ।","Even though farmers waited to sell all at once, the damage was greater. Now, since the numbers are low, the details of the damage are also lacking.",D1A,17,long,Non-Past,Affirmative
COM_P2_D2H_S1_3271,पोषण थेन क्युइ याङ्बासे लाङाइसे ल्हिन फाप्पारि एन ह्रो लामुला।,पोषण र पानी पाइने भएकाले काँक्रोले तौल घटाउँन पनि मद्दत गर्छ।,Cucumbers also help with weight loss because they are rich in nutrients and water.,D2H,11,medium,Non-Past,Affirmative
COM_P2_D2H_S1_5412,विसराम न्हि दिङ ङाच्छा सेती प्रादेशिक अस्पतालरि भर्ना ताबा मुबा।,विसराम दुई वर्षअघि सेती प्रादेशिक अस्पतालमा भर्ना भएका थिए।,Bisram was admitted to Seti Provincial Hospital two years ago.,D2H,9,medium,Past,Affirmative
COM_D2H_S4_1267,गुरुङरि काक्ता तामा फो ङ्यात्पाला काक्ता ताबारि खाम्ला।,आन्द्रामा समस्या हुँदा पेट सुनिने समस्या हुनसक्छ।,Stomach bloating can be a problem when there are problems with the intestines.,D2H,7,short,Non-Past,Affirmative
COM_D4C_S1_S2_5132,"होजा दुइसाङरि पुन्ति ग्यासा ग्रेन्पो रामशरण भण्डारीलेसे पुन्ति थुमला ह्युलकोरकिग्लाला फेल्गेबा, ख्युर्छ्या थेन ल्हेछ्याला लागिरि निरन्तर गे ताचिबा पाङ्जि।  ","सो अवसरमा पनौती नगर प्रमुख रामशरण भण्डारीले पनौती क्षेत्रका पर्यटकीयस्थलको विकास, संरक्षण र संवर्द्धनका लागि निरन्तर कार्य भइरहेको बताए।","On the occasion, Panauti Municipality Mayor Ram Sharan Bhandari said that continuous work is being done for the development, protection and promotion of tourist sites in the Panauti area.",D4C,19,long,Past,Affirmative
COM_D5G_S1_S2_2732,थे पाङ्मुबा बरू गोजिरि सुका गिक आरेगाइ तासाइ खिल्ली गिक खाज्युलासिन तागाइ।,ऊ भन्थ्यो बरू खल्तीमा एक सुका नहोस् तर एक खिल्ली जरुर होस्।,He used to say that it would be better to have a coin in your pocket than a coin.,D5G,12,medium,Non-Past,Affirmative
COM_D4C_S1_S2_415,जापानरि ङाच्छाला म्हेनिङरि व्हाइरिमकि गेताङ स्हेङ्बाला मुबा।,जापानमा अघिल्लो दसैँमा सांगीतिक कार्यक्रम आयोजित गरिएको थियो।,A musical program was organized in Japan last Dashain.,D4C,8,medium,Past,Affirmative
D4S_S1_6876,बादी समुदायदा स्थानीय सरकारसे आयआर्जन योजना बाबारि खाम्बा ह्रेपा मुला।,बादी समुदायलाई स्थानीय सरकारले आयआर्जन योजना ल्याउन सक्ने आशा छ।,It is hoped that the local government can introduce an income-generating scheme for the Badi community.,D4C,10,medium,Non-Past,Affirmative
COM_D5G_S3_3154,ग्युइ आन्सार आहिन प्रकृति आन्सार चालाबतातोला बिबा जुन थेला मान्यता मुला थे ङादा सेम तामुला।,ज्ञान अनुसार होइन प्रकृति अनुसार चल्नुपर्छ भन्ने जुन उसको मान्यता छ त्यो मलाई मन पर्छ।,"I like his belief that we should act according to nature, not according to knowledge.",D5G,15,medium,Non-Past,Affirmative
COM_D5G_S1_S2_4821,लोप्खाङला ल्हुइहेन्से प्राध्यापक ताबा दुइदोःना चुनोन ग्युइस्हेरकि दानसे लोङ्जि।,स्कुले जीवनदेखि प्राध्यापक हुने बेलासम्म यही शैक्षिक आधारले डार्‍यो।,This educational foundation guided me from school life to becoming a professor.,D5G,9,medium,Past,Affirmative
P2_D1A_S0_B2_1662,ज्याबा खेबि ताबालिच्छा १० दिङ ङ्हाच्छाग्याम छोङनामकि स्रुगरि तिम्जोसास्हिङरि थुइबा थेला पाङ्बा मुला।,राम्रो आम्दानी हुने भएपछि १० वर्षअघिबाट व्यावसायिक रूपमा चिराइतोखेतीमा जुटेको उनको भनाइ छ।,He says that he started commercial farming 10 years ago because it provided a good income.,D1A,13,medium,Non-Past,Affirmative
P3_D1A_S0_B1_1222,"दान्दे किवीसे ज्याबा उत्पादन पिन्बा मुला, किवीलान खेबिसे दिमकाम्रा नोन स्याङ्बा मुला।","अहिले किवीले राम्रो उत्पादन दिएको छ, किवीकै आम्दानीले घरखर्च पनि चलाएको छु।","Now the kiwi has produced a good yield, and I have been able to meet my household expenses with the income from the kiwi.",D1A,12,medium,Non-Past,Affirmative
P2_D1A_S0_B1_121,निबा यान्दे जेः गेताङला आवेदन तात्पा मुबा।,गत भदौमा अनुदान कार्यक्रमको आवेदन निकालिएको थियो।,The grant program application was issued last Bhadra.,D1A,7,short,Past,Affirmative
COM_D2H_S1_S2_1901,"डा. प्रसिद्ध ढकाल, वरिष्ठ हर्मोन नोइ खेन्पो सुर्तीजन्य पदार्थरि निकोटिन स्याप्मुला।","डा. प्रसिद्ध ढकाल,वरिष्ठ हर्मोन रोग विशेषज्ञ सुर्तीजन्य पदार्थमा निकोटिन पाइन्छ।","Dr. Prasidh Dhakal, Senior Hormonal Disease Specialist Nicotine is found in tobacco products.",D2H,10,medium,Non-Past,Affirmative
COM_D3E_S5_1689,कम्पनीला योजनाआन्सार स्क्र्याच कार्डग्याम बाइक ओसेम स्कूटर ग्लुबाम्हिगुङरि भाग्यमानी ग्राहकसे बुम गिक टाङ्गा डाबारि खाम्ला।,कम्पनीको योजनाअनुसार स्क्र्याच कार्डमार्फत बाइक तथा स्कुटर खरिदकर्तामध्ये भाग्यशाली ग्राहकले १ लाख क्यास जित्न सक्छन्।,"According to the company's plan, lucky customers who purchase bikes and scooters through scratch cards can win 1 lakh cash.",D3E,15,medium,Non-Past,Affirmative
D1A_S0_B1_1831,निबा दिङ नोन ह्युलन्हाङ रासायनिक सारला उपलब्धता तोदेबा नोन मुबा।,गत वर्ष पनि देशभर रासायनिक मलको उपलब्धता पर्याप्त नै थियो।,"Last year too, the availability of chemical fertilizers was sufficient across the country.",D1A,10,medium,Past,Affirmative
D4S_S2_6455,प्रिबाला दुइ लाथानन्हाङरि स्थापित शिलासे आफ्नो ग्लाग्याम ग्ला ल्हेबा ताबासेलामा चुदा लोट्तिबा माणौं बिबा लाबा हिन्ना थेसे पाङ्जि।,पर्वको वेला मन्दिरभित्र स्थापित शिलाले अफ्नो ठाउँबाट स्थान सर्ने भएकाले यस्लाई लोट्ने माणौं भन्ने गरिएको हो उनले भने।,He said that it is called the rolling stone because the stone installed inside the temple moves from its place during the festival.,D4C,18,long,Non-Past,Affirmative
D1A_S0_B1_2149,काभ्रेपलाञ्चोकला नमोबुद्ध नगरपालिकासे नगरन्हाङला सानाम्पादा जेःरि सिङसोरदिम पिन्बा मुला।,काभ्रेपलाञ्चोकको नमोबुद्ध नगरपालिकाले नगरभित्रका कृषकलाई अनुदानमा मौरीघार वितरण गरेको छ।,Namobuddha Municipality of Kavrepalanchok has distributed beehives as grants to farmers within the municipality.,D1A,10,medium,Non-Past,Affirmative
P2_D1A_S0_B1_117,"ख्याम्बासे कामदार आडुप ताजि, उत्पादन स्योप्चि।","पलायनले कामदार अभाव भयो, उत्पादन घट्यो।",The exodus led to a shortage of workers and decreased production.,D1A,6,short,Past,Affirmative
D4S_S2_5283,तिलाइ रे ङाच्छा थेनोन नगरपालिकारि दिमन्हाङरि म्हेर्बा नाछालरि दिम फुप्मा म्हेन्दो ङाला ल्हुइ निबा आरेबा।,केहीदिन अघि त्यसै नगरपालिकामा घरभित्र सुतिरहेको अवस्थामा घर भत्किंदा पाँच जनाको ज्यान गएको थिएन।,"A few days ago, five people died when a house collapsed while they were sleeping in the same municipality.",D4C,14,medium,Past,Negative
D1A_S0_B2_3035,वन्यजन्तुसे आचाबा क्युइबिना नोन सास्हिङ लाबारि खाम्बासे  धनकुटाला दान्नाराङ सानाम्पासे टुङ्गासास्हिङदा ग्रेन्पो नगदेतेन्तोला स्रुगरि किन्बान खाबा ह्रोला पाङ्बा मुला।,वन्यजन्तुले नखाने बिनापानी पनि खेती गर्न सकिने भएकाले धनकुटाका प्रायः किसानले अदुवाखेतीलाई प्रमुख नगदेबालीका रूपमा लिदै आएका उहाँको भनाइ छ।,He says that most farmers in Dhankuta have been taking ginger cultivation as their main cash crop because it can be cultivated without water and is not eaten by wild animals.,D1A,20,long,Non-Past,Affirmative
D4S_S1_8039,"मित्रुकासे गौशालारि बिघा २५, जोशीसे बिघा ३ थेन शर्मासे कट्ठा सोमसे गाङ्साल सा ह्योन लाजि।","मित्रुकाले गौशालामा २५ बिघा, जोशीले ३ बिघा र शर्माले साढे तीन कट्ठा जग्गा दान गरे।","Mitruka donated 25 Bighas of land for the cowshed, Joshi donated 3 bighas, and Sharma donated three and a half kattas of land.",D4C,15,medium,Past,Affirmative
COM_D5G_S5_52,थे लाम्पाटीरि केवा मुबा।,उनी लाम्पाटीमा जन्मिएका थिए।,He was born in Lampati.,D5G,4,short,Past,Affirmative
COM_P2_D5G_S1_625,"थेतासि, थेतेन दोःबा निसाल आरेबा ।","तसर्थ, ऊसँग फर्काउने जवाफ थिएन।","Therefore, he had no answer to return.",D5G,5,short,Past,Negative
P2_D1A_S0_B1_1699,बन्दाला ब्रान्डिङरि खाइमान पहल आलामा चुला बजारला आडुप दुइदुइरि सामना लातोबा मुला।,बन्दाको ब्रान्डिङमा कहिल्यै पहल नगरिंदा यसको बजारको अभाव वेलावेला सामना गर्नुपरेको छ।,"Since no initiative has been taken to brand the product, it has been facing a lack of market for it for a long time.",D1A,12,medium,Non-Past,Affirmative
COM_D2H_S1_S2_4309,अस्पतालरि गम्भीर काक्ता ताबा थेन अक्सिजन पिन्दोबा नाबादा थान्बा लाबा थेसे  सुङ्लास्ह्युजि।,अस्पतालमा गम्भीर समस्या भएका र अक्सिजन दिनुपर्ने बिरामीलाई राखिने गरिएको उहाँले बताउनुभयो।,He said that patients with serious problems and who need oxygen are being kept in the hospital.,D2H,12,medium,Past,Affirmative
COM_P3_D3E_S1_1230,डा कोठाला ङ्हाच्छा ७२ इन्चला एलइडी मनिटर थान्बा मुला।,कक्षा कोठाको अगाडि ७२ इञ्जको एलइडी मनिटर राखिएको छ।,A 72-inch LED monitor is placed in front of the classroom.,D3E,9,medium,Non-Past,Affirmative
COM_D2H_S1_S2_900,तासाइ दात्तेदोना ग्लुबा ताबारि खाम्बा आरे।,तर हालसम्म खरिद हुन सकेको छैन।,But it has not been purchased yet.,D2H,6,short,Non-Past,Negative
COM_D2H_S5_4083,नारे विराटनगररि म्हेन्दो ङिदा डेङ्गुला च्यालाङ ताबा पुष्टि ताबालिच्छा महानगरसे नगरथुमन्हाङरि मान स्वाबा छ्यामला गे चुःबाला मुबा।,बिहीबार विराटनगरमा दुईजनालाई डेङ्गुको सङ्क्रमण भएको पुष्टि भएपछि महानगरले नगरक्षेत्र भित्र औषधी छर्कने लगायतको काम सुरु गरेको थियो।,"After two people were confirmed to be infected with dengue in Biratnagar on Thursday, the metropolis had begun spraying medicine within the city area.",D2H,18,long,Past,Affirmative
COM_P3_D3E_S2_4804,छ्यामरि ल्हुइथाङ ग्युइसेर ल्हेछ्यारि उन्ब्रिबाला योगदानसुत्ताइ पिन्बा मुबा।,साथै स्वास्थ्य शिक्षा प्रवद्र्धनमा उल्लेखनीय योगदानसमेत दिएका थिए।,He also made significant contributions to the promotion of health education.,D3E,8,medium,Past,Affirmative
COM_P2_D2H_S2_266,छेप्पाला दुइरि स्यो योनान् मर्निङवाकरि निबा ज्याबा तामुला,गर्मीको समयमा बिहानै मर्निङवाकमा जानु राम्रो हुन्छ।,It's best to go for a morning walk in the summer.,D2H,7,short,Non-Past,Affirmative
COM_D4C_S1_S2_6035,थेराङ्बान सांसद थापासे कोरोना भाइरसला च्यालाङ थेन लकडाउनला ङ्यान्दि लोप्खाङकादे डुङ्बा तासाइ नोन विद्यार्थीकादेदा अन्तर्क्रियात्मक क्रियाकलापरि बोकिन्पुङ्बारि खाम्सेदा पाङ्जि।,त्यस्तै सांसद थापाले कोरोना भाइरसको सङ्क्रमण र लकडाउनका कारण विद्यालयहरू बन्द भए पनि विद्यार्थीहरूलाई अन्तर्क्रियात्मक क्रियाकलापमा सहभागी गराउन सकिने बताए।,"Similarly, MP Thapa said that even though schools are closed due to the coronavirus infection and lockdown, students can be involved in interactive activities.",D3E,20,long,Past,Affirmative
D1A_S0_B2_571,दाछोकला आन्सार खु थेन रोरोला ल्हानारि थोक साइ निर्धारण लाबा हिन्ना।,समितिका अनुसार तरकारी र फलफूलको अधिकतम थोक मूल्य निर्धारण गरिएको हो।,"According to the committee, the maximum wholesale price of vegetables and fruits has been determined.",D1A,11,medium,Non-Past,Affirmative
D1A_S0_B1_3933,स्याउला गुणस्तर थेन ब्रोइ कायम थान्बारि ज्योमोगाङ फिरक्यापला जोङ मुस्ताङरि म्हेनिङ १ गतेचुसो थुबा थेन चुङ्बारि आयाङ्बा मुला।,स्याउको गुणस्तर र स्वाद कायम राख्न हिमालपारिको जिल्ला मुस्ताङमा असोज १ गतेयता स्याउ टिप्न र बिक्री गर्न नपाइने भएको छ।,"To maintain the quality and taste of apples, the picking and selling of apples will be prohibited in the trans-Himalayan district of Mustang from September 1.",D1A,20,long,Non-Past,Affirmative
COM_D2H_S5_2467,आर्थिक सवलतासे समाजरि दुर्लभ नोइला नाबादा लासेला हेलादा च्याङ्ना लाबारि खाम्ला।,आर्थिक सवलताले समाजमा दुर्लभरोगका बिरामीलाई गरिने हेलालाई कम गर्न सकिन्छ।,Financial support can reduce the stigma faced by patients with rare diseases in society.,D2H,10,medium,Non-Past,Affirmative
D4S_S3_3800,"पन्ध्र मिनेटरि एयरपोर्ट खाउ, ताल्चा फ्याङ्बा ताजि रो फोनरि थेला आङ्कलला काइ मुबा।","पन्ध्र मिनेटमा एयरपोर्ट आऊ, ताल्चा उड्ने भयो रे फोनमा उनका अङ्कलको आवाज थियो।","Be at the airport in fifteen minutes, the lock is about to fly, his uncle's voice was on the phone.",D4C,13,medium,Past,Affirmative
D4S_S1_931,थे ह्यामसे दिङनाङ थाला चिजि।,त्यस व्याधिले वर्षभरी थलिएँ।,I was sick for a whole year with that illness.,D4C,4,short,Past,Affirmative
COM_P2_D2H_S1_3015,प्रह्युल नाङिला बेनान् अस्पतालदा मानसहित अक्सिजन लगायत ल्हुइथाङ सामग्रीकादे तयारी नाछालरि थान्बारि काठान पिन्बा मुला ।,प्रदेशभरिका सबै अस्पताललाई औषधिसहित अक्सिजनलगायत स्वास्थ्य सामग्रीहरू तयारी अवस्थामा राख्न निर्देशन दिएका छौँ।,"We have instructed all hospitals across the province to keep medical supplies, including oxygen, ready.",D2H,13,medium,Non-Past,Affirmative
P4_D1A_S1_B1_1068,दात्तेला ग्रेन मुद्दा थेरिन मुला।,अहिलेको मुख्य मुद्दा त्यहींनेर छ।,That's where the main issue lies right now.,D1A,5,short,Non-Past,Affirmative
COM_P2_D4C_S1_B3_319,ह्याङ्ला बजाररि ह्रोह्युल ग्यानाकह्युलला उत्पादनकादेला थुप्रो ताबा मुला।,हाम्रो बजारमा मित्रराष्ट्र चीनका उत्पादनहरूको थुप्रो लागेको छ।,"Our market is flooded with products from our friendly country, China.",D4C,8,medium,Non-Past,Affirmative
P2_D1A_S0_B2_2161,ठोङ्बा सीमाला ङ्यान्दि तिलाइसे ग्यागारह्युलग्यामनोन अवैध स्रुगरि प्याज बाबा ङ्यान्दि नोन प्याज सस्तो ताबा छोङनाम्पाजुगु पाङ्मुला।,खुला सीमाका कारण केहीले भारतबाटै अवैध रूपमा प्याज भित्र्याएका कारण पनि प्याज सस्तो भएको व्यवसायीहरू बताउँछन्।,Traders say that onions are also cheaper because some people are illegally importing onions from India due to the open border.,D1A,16,long,Non-Past,Affirmative
D4S_S1_6232,हाेसे सगुन बिसाम म्हेन्दो २०८ दा तयार लाबा मुबा।,उहाँले सगुन भने २०८ जनालाई तयार गर्नु भएको थियो।,He had prepared the gifts for 208 people.,D4C,9,medium,Past,Affirmative
D1A_S0_B3_1716,रासायनिक सा आयाङ्मा निबा दिङ तापाग्रेनरि सप्तरीला सानाम्पासे ग्रेन्पो जोङ अधिकारीला गेदिम ख्युर्सि चोक चोकरि टायर म्राबा नाछाल सिर्जना ताबा मुला।,रासायनिक मल नपाउँदा गत वर्ष मङ्सिरमा सप्तरीका किसानले प्रमुख जिल्ला अधिकारीको कार्यालय घेराउ गरेर चोक चोकमा टायर बाल्ने अवस्था सिर्जना भएको थियो।,"Last year, in December, due to a lack of chemical fertilizers, farmers in Saptari surrounded the office of the Chief District Officer and burned tires in public squares.",D1A,22,very long,Past,Affirmative
COM_D4C_S1_S2_3331,फिह्युल्बादा नेपालला झझल्को पिन्बा ऐनाला स्रुगरि नोन याम्बु विमानस्थलदा किन्बामुला।,विदेशीलाई नेपालको झझल्को दिने ऐनाका रूपमा पनि काठमाडौँ विमानस्थललाई लिइन्छ।,Kathmandu Airport is also considered a mirror that gives foreigners a glimpse of Nepal.,D4C,10,medium,Non-Past,Affirmative
COM_P2_D5G_S2_565,दिमला नाछाल नोन ल्हानान आज्याबा आरेबा।,घरको अवस्था पनि साह्रै नराम्रो थिएन।,The condition of the house wasn't too bad either.,D5G,6,short,Past,Negative
D1A_S0_B3_835,सुदूरन्हुप प्रदेश सरकारसे क्षतिला विवरण ह्रुप्पान लाबा उन्पाङ्बा मुला।,सुदूरपश्चिम प्रदेश सरकारले क्षतिको विवरण सङ्कलन गरिरहेको जनाएको छ।,The Sudurpaschim Provincial Government has stated that it is collecting details of the damage.,D1A,9,medium,Non-Past,Affirmative
COM_P2_D2H_S1_2260,१ ग्यार्जा ४७ शिविर स्याङ्बा लाबा घिमिरेसे ग्रानाङ पिन्जि।,१ सय ४७ शिविर सञ्चालन गरिएको घिमिरेले जानकारी दिए।,Ghimire informed that 1 hundred 47 camps have been operated.,D2H,9,medium,Past,Affirmative
COM_P2_D2H_S2_3860,"तुलसी, पुदिना ओसेम मरिच युसि क्युइ थुङ्मा एन खारेला खसखस च्याङ्ना तामुला।","तुलसी, पुदिना तथा मरिच हालेर उमालिएको पानी पिउँदा पनि घाँटीको खसखस कम हुन्छ।","Drinking water boiled with basil, mint, and pepper also reduces throat irritation.",D2H,13,medium,Non-Past,Affirmative
P3_D5G_S2_B2_75,थेसेलामा नोन चु छ्योइ ह्याङ्ला लागिरि विशेष मुला।,त्यसैले पनि यो पुस्तक हाम्रा लागि विशेष छ।,That's why this book is special to us.,D5G,8,medium,Non-Past,Affirmative
P3_D1A_S0_B2_2464,चु दिङ जोङरि डि २४ बुम कु टाङ्गा बिमा ल्हाना साइला सुन्तला उत्पादन ताबा थेला ताबा मुला।,यस वर्ष जिल्लामा २४ करोड नौ लाख रूपैयाँ भन्दा बढी मूल्यको सुन्तला उत्पादन भएको उनको भनाइ छ।,He said that oranges worth more than 24 crore 9 lakh rupees have been produced in the district this year.,D1A,17,long,Non-Past,Affirmative
COM_D3E_S3_2344,काबा परीक्षा लकडाउन जिन्बाछ्याम स्याङ्बा तासेला ग्युइसेरकि घेन्दुनजुगुसे कापाङ लाजिन्बा मुला।,स्थगित परीक्षा लकडाउन सकिएसँगै सञ्चालन हुने शैक्षिक संस्थाहरूले घोषणा गरिसकेका छन्।,Educational institutions have announced that the postponed exams will be conducted once the lockdown is lifted.,D3E,11,medium,Non-Past,Affirmative
P2_D1A_S0_B2_866,सरकारसे चु दिङ उस्युपला समर्थन २० टाङ्गा दान्ना लाबा मुला।,सरकारले यो वर्ष उखुको समर्थन २० रूपैयाँ वृद्धि गरेको छ।,The government has increased sugarcane support by Rs. 20 this year.,D1A,10,medium,Non-Past,Affirmative
P3_D5G_S1_B2_541,देन्बान थे ङालान मुबा।,साँच्चै उनी मेरै थिए।,He was truly mine.,D5G,4,short,Past,Affirmative
D1A_S0_B1_4430,स्थानीय प्राथमिक ग्लुबा दाछोकसे चिसाङग्याम आप्ता आन्सार सानाम्पाला सुन ग्लुसि गे चुःबाला मुला।,स्थानीय प्राथमिक खरीद समितिको बैठकबाट निर्णय अनुसार किसानको धान खरीद कार्य सुरु गरिएको हो।,The procurement of farmers' rice has begun as decided by the local primary procurement committee meeting.,D1A,14,medium,Non-Past,Affirmative
COM_D4C_S1_S2_4633,"कतिपयदा सिन्धुलीगढी थेन हरिहरपुरगढीला महत्त्वफिरि थाहान आरे, राष्ट्रिय गौरवला स्रुगरि मुबा दोङरापकि सिन्धुलीगढी थेन हरिहरपुरगढीफिरि प्रचार–प्रसार लासि ह्युलकोर प्रवर्द्धन लाबा याङ्बा दोन्ता हिन्ना।","कतिपयलाई सिन्धुलीगढी र हरिहरपुरगढीको महत्त्वबारे थाहै छैन, राष्ट्रिय गौरवका रूपमा रहेको ऐतिहासिक सिन्धुलीगढी र हरिहरपुरगढीबारे प्रचार–प्रसार गरि पर्यटन प्रवर्द्धन गर्ने हाम्रो उद्देश्य हो।","Some people are unaware of the importance of Sindhuligarhi and Hariharpurgarhi. Our aim is to promote tourism by publicizing the historical Sindhuligarhi and Hariharpurgarhi, which are a source of national pride.",D4C,23,very long,Non-Past,Affirmative
COM_P2_D5G_S2_4650,ओत्ते नोन खेर जेठाजु थेन ह्रेम्बासे डोलारि पुइसि सुत्केरी लाबारि म्हेन्दो गिक बाजि।,त्यति नै खेर जेठाजु र लोग्नेले डोलामा बोकेर सुत्केरी गराउन एकजना ल्याए।,"At that moment, her brother-in-law and husband brought someone to carry her in a cradle and deliver her.",D5G,12,medium,Past,Affirmative
P4_D1A_S1_B2_1252-,थेसे ४०० बोरा युरिया थेन डिएपी सार बाबा ग्रानाङ पिन्जि।,उनले ४०० बोरा युरिया र डिएपी मल ल्याएको जानकारी दिए।,He informed that he had brought 400 bags of urea and DAP fertilizer.,D1A,10,medium,Past,Affirmative
COM_P3_D3E_S1_6302,ला गिकला ह्रेङ्बा बिदालिच्छा लानिरेहेन्से लोप्खाङ ठ्वाङ्बा मुला।,एक महिनाको लामो बिदापछि सोमबारदेखि विद्यालय खुलेका छन्।,Schools reopened on Monday after a month-long vacation.,D3E,8,medium,Non-Past,Affirmative
COM_D2H_S5_1043,अल्कोहल थुङ्बालिच्छा कादेराङदा योनायोना च्याम खाबारि खाम्ला।,अल्कोहलको सेवनपछि कतिपयलाई छिटो–छिटो पिसाब आउन सक्छ।,Some people may experience frequent urination after consuming alcohol.,D2H,7,short,Non-Past,Affirmative
D1A_S0_B2_1409,थेनोन दिङ बुम गिक तोङ्जा ७३ से ८३१.६५ मेट्रिक टन प्याज फिह्युलग्याम खाबा मुबा।,सोही वर्ष १ लाख ७३ हजार ८३१.६५ मेट्रिक टन प्याज विदेशबाट आएको थियो।,"In the same year, 1 lakh 73 thousand 831.65 metric tons of onions were imported from abroad.",D1A,13,medium,Past,Affirmative
D4S_S1_3371,विपदरि ताबाकादेदा ह्युम्बुल ठाबाला गे नोन रेडक्रसग्याम चुःबाला थेसे पाङ्जि।,विपद्मा परेकाहरूलाई राहत वितरण गर्ने कार्य पनि रेडक्रसमार्फत सुरु भएको उनले बताए।,He said that the work of distributing relief to those affected by the disaster has also begun through the Red Cross.,D4C,12,medium,Past,Affirmative
COM_D3E_S3_2080,ह्युलम्हि अभियन्ता डम्बर खतिवडासे ग्युइसेररि ग्याल्साला लगानी नोन आछ्योबा  ब्रेस्सो लाजि।,नागरिक अभियन्ता डम्बर खतिवडाले शिक्षामा राज्यको लगानी नै अप्रर्याप्त गरेको गुनासो गरे।,Citizen activist Dambar Khatiwada complained that the state's investment in education was inadequate.,D3E,12,medium,Past,Affirmative
COM_P2_D2H_S2_1018,डिमेन्सिया ल्होलो ङ्यान्दिसे तामुला,डिमेन्सिया विभिन्न कारणले हुन्छ।,Dementia occurs for various reasons.,D2H,4,short,Non-Past,Affirmative
COM_D4C_S1_S2_5665,गोनेङ्यान्से म्हेनिङदोःना निकुञ्जन्हाङरि ह्युलकोरकि गतिविधि कासेला तामा ह्युलकोर्पाला साङ्ज्यारि च्याङ्ना खाबाला बिबान होजा दुइरि सामुदायिक ह्रिरि बिसाम ह्युलकोर्पाला खाबानिबा ताचिबाला पाङ्जि।,साउनदेखि असोजसम्म निकुञ्जभित्र पर्यटकीय गतिविधि रोकिने हुँदा पर्यटकको सङ्ख्यामा कमी आउने गरेको भन्दै सो समयमा सामुदायिक वनमा भने पर्यटकको आवागमन भइरहने गरेको बताए।,"He said that since tourist activities within the park are suspended from Shrawan to Asoj, the number of tourists decreases, but during that time, there is continued movement of tourists in the community forest.",D4C,23,very long,Past,Affirmative
COM_P2_D4C_S1_B3_423,सेर्खारि ग्लिङतेन छुबाकादे थेरि दोमुला।,हिउँदमा हिउँसँग रमाउनेहरू उता पुग्छन्।,Those who enjoy the snow go there in winter.,D4C,5,short,Non-Past,Affirmative
P3_D1A_S0_B2_878,हाल्दिला बुइबुइ स्होसि छ्योआछ्यो तोङ्जा सोम किलो चुङ्बा लाबा स्यान सानाम्पा गोविन्दसे पाङ्जि।,बेसारको धुलो बनाएर करिब तीन हजार किलो बिक्री गरेको अर्का कृषक गोविन्दले बताए।,"Another farmer, Govinda, said that he has sold about three thousand kilos of turmeric powder.",D1A,13,medium,Past,Affirmative
D4S_S3_5767,याम्बु महानगरपालिकारि तिनिहेन्से सार्वजनिक ग्लारि म्युगुथुङ्बा ओसेम सुर्तीजन्य पदार्थ थुङ्बारि काबा मुला।,काठमाडौँ महानगरपालिकामा आजदेखि सार्वजनिक स्थलमा धुम्रपान तथा सुर्तीजन्य पदार्थ सेवनमा रोक लगाइएको छ।,Smoking and consumption of tobacco products in public places has been banned in Kathmandu Metropolitan City from today.,D4C,13,medium,Non-Past,Affirmative
COM_P2_D2H_S2_5577,भौतिक थेन मानसिक ङिनोन हिसाबसे सन्तुलित ल्हुइज्योः आप्नाबलासि नोइ मुक्त ल्हुइ सोगाइ।,भौतिक र मानसिक दुवै हिसाबले सन्तुलित जीवनशैली अपनाइ रोग मुक्त जीवन बाँचौँ।,"Let's live a disease-free life by adopting a balanced lifestyle, both physically and mentally.",D2H,12,medium,Non-Past,Affirmative
D4S_S1_8043,समाजला न्होरचोहो ध्रुवबहादुर सिंहसे कोरोनाला ङ्यान्दिसे चु दिङ भुवा प्रिबा ल्होलो गेताङ लासि दाङ्बारि आखाम्बा पाङ्जि।,समाजका कोषाध्यक्ष ध्रुवबहादुर सिंहले कोरोनाका कारणले यस वर्ष भुवा पर्व विविध कार्यक्रम गरी मनाउन नसकिएको बताए।,"Society treasurer Dhruba Bahadur Singh said that due to the coronavirus, it was not possible to celebrate Bhuwa festival with various programs this year.",D4C,16,long,Past,Affirmative
COM_P2_D4C_S1_B1_2959,"समरमाथा, पाथिभरा, मकालु, कञ्चनजंघा, इलाम थेन ल्हानाराङ्बा जोङरि फेल्बा च्या चुला ह्युलकोरला लागिरि दान हिन्ना।","समरमाथा, पाथिभरा, मकालु, कञ्चनजंघा, इलाम र अधिकांश जिल्लामा फैलिएको चिया यहाँको पर्यटनका लागि आधार हुन्।","Tea, spread across Samarthatha, Pathibhara, Makalu, Kanchenjunga, Ilam, and most of the districts, is the basis for tourism here.",D4C,15,medium,Non-Past,Affirmative
D4S_S3_2989,नेपालीसे छे थेन म्हेन्दो ग्याम्से समृद्धिला म्हाङ म्राङ्बान मुला।,नेपालीले घाँस र फूल मार्फत समृद्धिका सपना देखिरहेका छन्।,Nepalis are dreaming of prosperity through grass and flowers.,D4C,9,medium,Non-Past,Affirmative
COM_P2_D5G_S2_7214,ङाइ ताम लाबा था याङ्सि म्हेन्दो गि लोप्बेनसे पिएचडीला लागिरि ह्रोछ्या ह्रिबारि खाजि।,मैले कुराकानी गरेको थाहा पाएर एकजना विद्यार्थीले पिएचडीका लागि सहयोग माग्न आए।,"A student, learning that I had spoken to him, came to ask for help with his PhD.",D5G,12,medium,Past,Affirmative
P4_D1A_S1_B2_471,बुला तोच्चा डेङारि बेल्बो छिरि पञ्चेबाजा ङ्ह्यासिचिबा मुबा।,खेतको उपल्लो गरामा असारे भाकामा पञ्चेबाजा घन्किरहेको थियो।,A panchebaza was playing in a melodious voice in the upper reaches of the field.,D1A,8,medium,Past,Affirmative
D1A_S0_B1_912,बुरि क्युइ बिसाम तोङतोङ लाबारि आता।,खेतमा पानी भने खाली गर्नुहुँदैन।,Water should not be emptied in the fields.,D1A,5,short,Non-Past,Negative
COM_P2_D4C_S1_B2_3827,गुरुङ समुदायला बाहुल्यता मुबा चु ग्लाला म्हिकादे होमस्टे स्याङ्बारि वाङ्बा मुला।,गुरुङ समुदायको बाहुल्यता रहेको यस ठाउँका मानिसहरू होमस्टे सञ्चालनमा लागेका छन्।,"The people of this place, which is dominated by the Gurung community, have started operating homestays.",D4C,11,medium,Non-Past,Affirmative
P2_D1A_S0_B2_2382,"थेसे थेरिन उत्पादन आताबा सा पोन सादा फेल्गेबा लाउ बिस्युजि, होछेम थे पोन ब्लेनरि सर्चुराङ्बा नकादे तेन्तो सुबारि  सुझाब नोन ताजि। ","उहाँले त्यही उत्पादन नहुने जमिन बाँझो जमिनलाई विकास गर्न भन्नुभयो, अनि त्यो बाँझो पाखामा अम्रिसोलगायत नगदेबाली लगाउन सुझाउनु पनि भयो।","He suggested developing the barren land, which was unproductive, and also suggested planting cash crops, including broom grass, on that barren land.",D1A,20,long,Past,Affirmative
COM_D2H_S1_S2_2276,ब्लोनखाङसे अस्पतालदा बजेट आपुइबा ङ्यान्दि ग्लुबा गेरिम ङाच्छा बढ्ह्राङ्बाबा गुरुङला पाङ्बा मुला।,मन्त्रालयले अस्पताललाई बजेट नपठाएका कारण खरिद प्रक्रिया अगाडि नबढेको गुरुङको भनाइ छ।,Gurung says that the procurement process has not progressed because the ministry has not sent the budget to the hospital.,D2H,12,medium,Non-Past,Affirmative
D4S_S1_883,बेनानदा उधारोरि सामान चुङ्तोमुला।,सबैलाई उधारोमा सामान बेच्नुपर्छ।,Everyone should sell goods on credit.,D4C,4,short,Non-Past,Affirmative
COM_P3_D3E_S1_12808,थेनोन मिनकादेग्याम कुलपति नियुक्त ताला।,तिनै नामहरूबाट कुलपति नियुक्त हुन्छ।,The Chancellor is appointed from those names.,D3E,5,short,Non-Past,Affirmative
D1A_S0_B1_1992,वैदेशिक रोजगारीरि ङादिङ चिबा विनोद पौडेलसे स्यामोला सास्हिङरि सिक डि गिक लगानी लाबा मुला।,वैदेशिक रोजगारीमा पाँच वर्ष बिताएका विनोद पौडेलले च्याउ खेतीमा रु एक करोड लगानी गरेका छन्।,"Binod Poudel, who spent five years in foreign employment, has invested Rs one crore in mushroom farming.",D1A,15,medium,Non-Past,Affirmative
COM_D3E_S4_3380,झान्नाइ ८ दिङलिच्छा फिच्चा रे माइक्रोसफ्ट अमेरिकाला मोकोनबिमा साइला कम्पनी दोबारि स्हाङ्बा ताबा हिन्ना।,झण्डै ८ वर्षपछि उक्त दिन माइक्रोसफ्ट अमेरिकाको सबैभन्दा मूल्यवान कम्पनी बन्न सफल भएको हो।,"Almost 8 years later, on that day, Microsoft became the most valuable company in America.",D3E,14,medium,Non-Past,Affirmative
COM_D2H_S1_S2_3692,स्ह्योरि  रेसि मोजे चामा चुसे ल्हुइला नाल्बा गेरिम न्होङ्खाम्बा खतरा तामुला।,बिहान उठेर केरा खाँदा यसले शरीरको पाचनप्रक्रिया बिग्रने खतरा हुन्छ।,Eating a banana first thing in the morning can disrupt the body's digestive process.,D2H,10,medium,Non-Past,Affirmative
COM_D5G_S3_2874,योना टाङ्गाला बन्दोबस्त लाउ डाक्टर थेदा बोर्सि न्हाङरि वाङ्मुला।,चाँडो पैसाको बन्दोबस्त गर्नु डाक्टर उसलाई लिएर भित्र पस्छ।,The doctor takes him inside to arrange the money quickly.,D5G,9,medium,Non-Past,Affirmative
P4_D1A_S1_B1_2688,इन्धनला साइ निर्णायक स्रुगरि ल्हेःबा ताबासे ज्याबा तोसोसे बु मोइबा खाम्बा आरेबा सानाम्पाजुगुसे पाङ्बा मुला।,ईन्धनको मुल्य निरन्तर बृद्धी भई रहेकोले राम्रो तरिकाले खेत जोतन सकेको छैन कृषकहरूले बताएका छन।,Farmers have said that they have not been able to cultivate their fields properly due to the continuous increase in fuel prices.,D1A,15,medium,Non-Past,Negative
D4S_S2_7315,इलामला माइजोगमाई गाउँपालिका वडा नम्बर ६ प्याङरि मुबा प्याङ्ग माविदा समाजसेवी सादातासे सा ह्योन लास्ह्युबा आरे।,इलामको माईजोगमाई गाउँपालिका वडा नम्बर ६ प्याङ्गमा रहेको प्याङ्ग माविलाई समाजसेवी जग्गादाताले जग्गा दान गर्नुभएको छैन।,"The social worker land donor has not donated land to Pyang Secondary School located in Ward No. 6 Pyang, Maijogmai Rural Municipality, Ilam.",D4C,16,long,Non-Past,Negative
D4S_S3_674,ह्राङजुगु डिक्सि जोम्नाछेनरि वाङ्स्ह्युगो।,तपाईँँहरू मिलेर अधिवेशनमा लाग्नुस्।,Let's go to the convention together.,D4C,4,short,Non-Past,Affirmative
COM_D3E_S3_4586,ङा मिनेट गिकरि ६५ छिक टाइप लामुबा तासाइ ङादा नोन था आतामुबा कि ङाइ तिगा टाइप लाचिबा मुला।,म एक मिनेटमा ६५ शब्द टाइप गर्थेँ तर मलाई नै थाहा हुँदैनथ्यो कि मैले के टाइप गरिरहेको छु।,"I was typing 65 words a minute, but I didn't even know what I was typing.",D3E,18,long,Non-Past,Affirmative
COM_P2_D5G_S1_3864,दर्शकदा ङाच्छा साक्षी थान्सि ओन्छाङ रापबिबा ग्युङ हिन्ना चेमा।,दर्शकलाई अगाडि साक्षी राखेर प्रत्यक्ष कथा भन्ने माध्यम हो नाटक।,"Drama is a means of telling a story directly, with the audience as witnesses.",D5G,10,medium,Unknown,Unknown
COM_D5G_S7_1940,ह्राङ आपा आमाला प्रेरणा थेन आर्थिकछ्यामसे ङ्हाच्छा दान्बा थेला कथन मुला।,आफु बुबा आमाको प्रेरणा र आर्थिक साथले अघि बढेको उनको कथन छ।,He says that he moved forward with the inspiration and financial support of his parents.,D5G,12,medium,Non-Past,Affirmative
P3_D5G_S1_B2_241,भौतिक सम्पत्ति बाहेक तिलाइ आरेना दुखी मुला।,भौतिक सम्पत्ति बाहेक केही नभएर दुखी छन्।,They are unhappy because they have nothing but material possessions.,D5G,7,short,Non-Past,Affirmative
COM_P3_D3E_S1_12734,तासाइ डिछ्याबा दाछोकसे लोप्बोन लुइटेलदा हाजिर लापुङ्बारि  आङ्यान्बा लिच्छा अन्योलता ल्हेःसि निबा हिन्ना ।,तर व्यवस्थापन समितिले शिक्षिका लुइटेललाई हाजिर गराउन नमाने पछि अन्यौलता बढेर गएको हो।,But the confusion increased after the management committee refused to allow Teacher Luitel to appear.,D3E,13,medium,Non-Past,Affirmative
D4S_S3_1616,खास लासि ज्याबा गेरि पान अनिवार्य तामुला।,खास गरी शुभ काममा पान अनिवार्य हुन्छ।,Drinking paan is especially essential for auspicious tasks.,D4C,7,short,Non-Past,Affirmative
COM_D3E_S5_122,चुला परिक्षण सोम्छा छ्यारिदोःना ताबा मुबा।,यसको परीक्षण तेस्रो चरणसम्म भएको थियो।,Its testing was carried out up to the third stage.,D3E,6,short,Past,Affirmative
COM_D5G_S3_4401,"दान्दे महङ्गी ल्हेबा, भ्रष्टाचारी झाननोन सलबलब ताबा थेन काक्ताकादेला भुमरीरि प्राङ्बो, निमुखा थेन सर्वहारा ताबान निबासे चु थुम्तोबा नुररि बाङ पिन्बा मुला।","अहिले महङ्गी बढेको, भ्रष्टाचारी झनै सलबलाएका र समस्याहरूको भुमरीमा गरीब, निमुखा र सर्वहारा पर्दै गएकाले यसको अन्त्य हुनु पर्ने विषयमा जोड दिएका छन्।","They have emphasized the need to end this as prices have increased, corruption has become more rampant, and the poor, the destitute, and the proletariat are increasingly caught in the vortex of problems.",D5G,23,very long,Non-Past,Affirmative
P4_D1A_S1_B2_2305,ङाच्छाङ्हाच्छा किलो ङादोःनाला काउली उत्पादन ताबा थेला म्राङरि तिनिनाङ्गार ओत्ते काउली रोबा आरे।,पहिले–पहिले पाँच किलोसम्मको काउली उत्पादन हुने उनको बारीमा आजभोलि त्यत्रो काउली फल्दैन।,"His garden, which used to produce up to five kilos of cauliflower, doesn't produce that much cauliflower these days.",D1A,12,medium,Non-Past,Negative
COM_D2H_S1_S2_4238,खड्कासे अस्पतालदा च्याङ्नारि ला सोम-सोमरि ह्राङसे बिजा गेला पारदर्शी स्रुगरि सार्ल्हिनिक लाबारि मोइजेन लाजि।,खड्काले अस्पताललाई कम्तीमा तीन–तीन महिनामा आफूले गरेका कामको पारदर्शी रूपमा सार्वजनिक गर्न आग्रह गरिन्।,Khadka urged the hospital to transparently publicize the work it has done in at least three months.,D2H,14,medium,Non-Past,Affirmative
COM_P2_D2H_S2_6778,"चुरि उच्च सजगता आप्नाबलाबान हिन्ना, दात्ते नाछोतछ्यामला च्यालाङ्पाला साङ्ज्या ल्हेःबान मुला।","यहाँ उच्च सजगता अपनाइएकै हो, अहिले लक्षणसहितका सङ्क्रमितको सङ्ख्या बढ्दो छ।","High alert has been adopted here, and the number of infected people with symptoms is currently increasing.",D2H,11,medium,Non-Past,Affirmative
D4S_S3_4192,छ्याइ फाबा रे थे ह्राङदा जाम्बुलिङलान बेनानबिमा याङ्जा म्हि डान्मुबा।,ऋण तिरेको दिन उनी आफूलाई संसारकै सबैभन्दा हलुका मान्छे सम्झिन्थे।,"On the day he paid off his debt, he felt like the lightest person in the world.",D4C,10,medium,Past,Affirmative
COM_P2_D5G_S1_4715,साव्हाना च्यासि चिबा साने झसङ्ग ताजि थेन हिन्ना ज्योज्यो बिबा छिक याइजि।,भुईंतिर हेरेर बसेको साने झसङ्ग भयो र हो दाजु भन्ने शब्द फर्कायो।,"The little boy, who was sitting looking at the ground, was startled and said, ""Yes, brother.""",D5G,12,medium,Past,Affirmative
COM_D3E_S3_2870,२५ दिङला छारिब्योन जमातसे सामाजिक सञ्जालग्याम सामाजिक अभियान छेक्तिबा खाम्ला बिसाम लोप्खेन सङ्गठनसे तिल्दा आखाम्सेला ?,२५ वर्षका युवा जमातले सामाजिक सञ्जालमार्फत समाजिक अभियान छेड्न सक्छ भने विद्यार्थी सङ्गठनले किन नसक्ने?,"If a group of 25-year-old youth can launch a social campaign through social media, why can't a student organization?",D3E,15,medium,Non-Past,Affirmative
P3_D1A_S0_B2_3186,"उद्योग, सानाम्पा थेन सरकार गिक स्यान्दोला परिपुरक ताबासे सानाम्पाला काक्ताला सवालरि राङ गम्भीर मुबा  धमलाला पाङ्बा मुबा। ","उद्योग, किसान र सरकार एक अर्काको परिपुरक भएकाले किसानको समस्याको सवालमा आफू गम्भीर रहेको धमलाको भनाई थियो।","Dhamala said that he is serious about the problems of farmers as industry, farmers, and the government complement each other.",D1A,17,long,Past,Affirmative
P3_D1A_S0_B1_3252,चुसे सानाम्पादा जेक्खे आताना भू–ख्युर्छ्या थेन वातावरणला थुमरि सुत्ताइ ह्रो लाबासे थे पोवा ठाबान खाबा मुला।,यसले किसानलाई मात्र नभएर भू–संरक्षण र वातावरणको क्षेत्रमा समेत सहयोग गर्ने भएकाले सो विरुवा वितरण गरिँदै आइएको छ।,The plants are being distributed because they not only help farmers but also help in the areas of soil conservation and the environment.,D1A,18,long,Non-Past,Affirmative
D1A_S0_B1_3049,थेसे १५ सेन्टिमिटर बिमा नुप्पा थोरि सार युदोबा लोप्चि।,उनले १५ सेन्टिमिटरभन्दा माथि गहिराइमा मल हाल्नु पर्ने सिकाए।,He taught that fertilizer should be applied to a depth of no more than 15 centimeters.,D1A,9,medium,Past,Affirmative
COM_D5G_S3_1670,ब्रिटिस गोर्खा सैनिकला स्रुगरि फौजी केवानाङ हङकङरि नेपाली चिबारि म्याङ्मुबा।,ब्रिटिस गोर्खा सैनिकका रूपमा फौजी जीवनभरि हङकङमा नेपाली बस्न पाउँथे।,"As British Gurkha soldiers, Nepalis were allowed to live in Hong Kong throughout their military service.",D5G,10,medium,Past,Affirmative
D1A_S0_B2_1397,कादेराङ सङ्क्रामक नोइ सेमचेन ओसेम स्याजन्य परिकारग्याम नोन म्हिरि पोबा याङ्मुला।,कतिपय सङ्क्रामक रोग जनवार एवं मासुजन्य परिकारबाट नै मान्छेमा सरेको पाइन्छ।,Some infectious diseases are found to be transmitted to humans from animals and meat-based foods.,D1A,11,medium,Non-Past,Affirmative
D1A_S0_B1_4037,स्यार–न्हुप राजमार्गला कञ्चनपुरला झलारी–बाणी बोला वनहरा गान्दिला ठेरारि थेसे ङ्हाउ ङादिङहेन्से ठेरासास्हिङ लाबान खाबा मुला।,पूर्व–पश्चिम राजमार्गको कञ्चनपुरको झलारी–बाणी खण्डको वनहरा नदीको बगरमा उहाँले विगत पाँच वर्षदेखि बगरखेती गर्दै आउनुभएको छ।,He has been cultivating kelp for the past five years in the kelp of the Banhara River in the Jhalari-Bani section of Kanchanpur on the East-West Highway.,D1A,16,long,Non-Past,Affirmative
COM_P2_D3E_S1_368,तिलाइ रे ङाच्छा लोप्खेनजुगु स्ह्युसेन बासि खाबा मुबा।,केही दिन अघि विद्यार्थीहरू निवेदन लिएर आएका थिए।,"A few days ago, the students came with a petition.",D3E,8,medium,Past,Affirmative
COM_P2_D2H_S4_3210,क्सिजन प्लान्ट स्हेङ्बालिच्छा रेदाङ्से १७७ ग्रेन सिलिण्डर प्लिङ्बारि खाम्सेला  थेसे पाङ्बा मुला।,अक्सिजन प्लान्ट निर्माण भएपछि दैनिक १७७ ठूला सिलिण्डर भर्न सकिने उहाँको भनाइ छ।,"He says that once the oxygen plant is built, 177 large cylinders can be filled daily.",D2H,13,medium,Non-Past,Affirmative
COM_D5G_S4_2777,गेदिमरि ङ्योइसि थेला स्टाफकादेला ङाच्छा ङादा बाङ्बारि खाम्बा पारछालरि नोन थे आरेबा।,अफिसमा बोलाएर उसका स्टाफहरूको अगाडि मलाई गाली गर्न सक्ने स्थितिमा पनि ऊ थिएन।,He wasn't even in a position to call me into the office and abuse me in front of his staff.,D5G,13,medium,Past,Negative
P3_D1A_S0_B3_1453,नेपालरि खाद्यान्नला आडुप आताना म्हि प्राङ्ना तासाइ ले फ्राक खालला ताबा काक्ता खाबासे नेपालीसे छ्याब थिग्युन लातोबा थेसे पाङ्स्ह्युजि।,नेपालमा खाद्यान्नको अभाव नभई मान्छे गरीब तर जिब्रो बेग्लै खालको हुँदा समस्या आएकाले नेपालीले बानी सुधार गर्नुपर्ने उहाँले बताउनुभयो।,"He said that Nepali people need to improve their habits because there is no shortage of food in Nepal, but the people are poor, but the language is different.",D1A,19,long,Past,Affirmative
D1A_S0_B2_4763,घोराही उपमहानगरपालिका वडा नम्बर ८ थेन १० ला स्यानीनाम्सारि नाबिङरे गिक गेताङ स्हेङ्सि गे चुःबाला हिन्ना।,घोराही उपमहानगरपालिका वडा नम्बर ८ र १० को स्यानीगाउँमा बुधबार एक कार्यक्रमको आयोजना गरि कार्य प्रारम्भ गरिएको हो।,"The work was initiated by organizing a program on Wednesday in Syanigaun, Wards 8 and 10 of Ghorahi Sub-metropolitan City.",D1A,18,long,Non-Past,Affirmative
COM_D2H_S5_2025,जाम्बुलिङनाङ निमोनियाला ङ्यान्दि ३९ सेकेन्डरि गोरगिक कोलाला ल्हुइ निमुला।,विश्वभर निमोनियाका कारण प्रत्येक ३९ सेकेन्डमा एक बच्चाको ज्यान जान्छ।,A child dies every 39 seconds from pneumonia worldwide.,D2H,10,medium,Non-Past,Affirmative
P4_D1A_S1_B1_4530,"या ट्र्याक्टरसे मोइमा तोरमार जेक्खे छ्योङ्बा चिम, नुप्पा आमोइमा सोवाङरि काक्ता ताजि, ग्वा थेन माकाइ ताइबा काक्ता म्राङ्जि।","हाते ट्र्याक्टरले जोत्दा माथिमाथि मात्रै जोत्दो रहेछ, गहिरो नजोत्दा उत्पादनमा समस्या भयो, गहुँ र मकै ढल्ने समस्या देखियो।","When plowing with a hand tractor, it only plowed upwards, and if it did not plow deeply, it caused problems in production, and wheat and corn fell.",D1A,18,long,Past,Affirmative
COM_D3E_S4_4880,छारिब्योनदा ह्राङह्युलरिन काबारि ग्युइसेरकि गेताङजुगुदा दुइरिन परिमार्जन थेन पोतोःबा  मुला।,युवालाई स्वदेशमै रोक्न शैक्षिक कार्यक्रमहरूलाई समयानुकूल परिमार्जन र परिवर्तन गर्नु आवश्यक रहेको छ।,It is necessary to timely modify and change educational programs to keep youth at home.,D3E,13,medium,Non-Past,Affirmative
COM_P2_D5G_S3_9203,"ङा चुरि जे नाेन पाङ्बान मुला, ङ्यान्सिजिन्बालिच्छा लिच्छारि ह्राङनिकादेदा चु म्हिसे तिगा पाङ्जि मि ताबारिनाेन म्हान्बारि खाम्ला।","म यहाँ जे पनि भनिरहेको छु, सुनिसकेपछि अन्तिममा तपाईँहरूलाई यो मान्छेले के भन्यो त खै जस्तो पनि लाग्न सक्छ।","Whatever I'm saying here, after listening to it, you might end up wondering what this person said.",D5G,19,long,Non-Past,Affirmative
D1A_S0_B1_899,नारे ङ्यासे कलंकीला खु बजाररि ग्राहकला घुइँचो मुबा।,बिहीबार साँझ कलङ्कीको तरकारी बजारमा ग्राहकको घुइँचो थियो।,The vegetable market in Kalanki was bustling with customers on Thursday evening.,D1A,8,medium,Past,Affirmative
COM_D3E_S3_1013,समयौनिक ब्रेल खाराङलासि थान्बा नोन मि लोप्पा मुताला ?,समयौनिक सम्बन्ध कसरी राख्ने पनि त सिकाउने होला?,Maybe you can also teach how to maintain a timely relationship?,D3E,8,medium,Non-Past,Affirmative
COM_P3_D3E_S1_6873,गैरसरकारी विश्वविद्यालय बिबा मि पेबा ताम हिन्ना।,गैरसरकारी विश्वविद्यालय भन्नु त लाजमर्दो कुरा हो।,It's embarrassing to call it a non-government university.,D3E,7,short,Non-Past,Affirmative
COM_D3E_S3_2402,क्योङरि चुराङ्बा अनुमति किन्बा लोप्खेन साङ्ज्या दिङदाङ्से तोङ्जा २ ला छादसे ल्हेःचिबा मुला।,समग्रमा यस्तो अनुमति लिने विद्यार्थी सङ्ख्या बर्सेनि २ हजारको दरले बढिरहेको छ।,"Overall, the number of students seeking such permission is increasing by 2 thousand each year.",D3E,12,medium,Non-Past,Affirmative
COM_P2_D5G_S1_1704,आपासे जाजारि साङ्गुल खामा सा ह्येङमुला सुङ्बा मुबा।,बुबाले सानोमा भूकम्प आउँदा जमिन हल्लिन्छ भन्नुभएको थियो।,My father used to tell me when I was little that the ground shakes when there is an earthquake.,D5G,8,medium,Past,Affirmative
D4S_S1_144,पीडित बुमोदा बलात्कारलिच्छा छारिब्योनकादेसे बुरिन ख्लासि ह्यार्बा मुबा।,पीडित बालिकालाई बलात्कारपछि युवाहरूले खेतमै छाडेर भागेका थिए।,"After raping the victim, the youths left her in the field and fled.",D4C,8,medium,Past,Affirmative
COM_D3E_S4_3630,चु मिसनतेन थुइबा म्होकोन व्यक्ति गिक्खेन नाछालरि मुबा।,यो मिसनसँग जोडिएका हरेक व्यक्ति एक अलग अवस्थामा थिए।,Every person connected to this mission was in a different situation.,D3E,9,medium,Past,Affirmative
P2_D1A_S0_B1_1871,पोन थान्बा बिमा म्हेसे मोइसिन तासाइनोन सास्हिङ लागे बिसि तासिचिबा मुला।,बाँझो राख्नुभन्दा गोरुले जोतेरै भए पनि खेती गरौँ भनेर लागिरहेको छु।,"I am trying to cultivate the land, even if it is with oxen, rather than leaving it barren.",D1A,11,medium,Non-Past,Affirmative
COM_P2_D5G_S3_6290,"ठिमसे पाङ्बालिच्छा जिन्जि तिका, चरि खालाइसे पाङ्बारि जरुरत आरे।","कानुनले बोलिसकेपछि सकियो के, यहाँ कसैले बोल्न जरुरत छैन।","After the law has spoken, is it over? No one needs to speak here.",D5G,9,medium,Non-Past,Negative
COM_D2H_S4_4680,छेप्पा थेन वर्षातला दुइरि ल्हाना म्राङ्बानोन हाल नाबाला साङ्ज्या घट्दिबा जोङ अस्पताल बैतडीला ग्रेन डा. दीपेश श्रेष्ठसे ग्रानाङ पिन्जि।,गर्मी र वर्षातको समयमा बढी देखिए पनि हाल बिरामीको सङ्ख्या घटेको जिल्ला अस्पताल बैतडीका प्रमुख डा. दीपेश श्रेष्ठले जानकारी दिए।,"Although it is more common during the summer and rainy seasons, the number of patients has decreased recently, said Dr. Dipesh Shrestha, Chief of District Hospital Baitadi.",D2H,20,long,Past,Affirmative
D1A_S0_B2_4663,सानाम्पा ङोसेबा लासि योजना स्होबा थेन  साप्तो पारदर्शिता ल्हेनालाबरि  सोमनोन तादाला साझेदारीरि गे ताबान मुबा थेसे पाङ्जि।,किसान पहिचान गरी योजना बनाउने र सेवा पारदर्शिता बढाउन तीनै तहको साझेदारीमा काम भइरहेको उनले बताए।,He said that work is being done in partnership at all three levels to identify farmers and formulate plans and increase service transparency.,D1A,16,long,Past,Affirmative
COM_D4C_S1_S2_3081,ओहोरदोहोर लाबा थेनि ह्युलकोरपागुङरि ल्होलो ह्युलला तोङ्जा न्हि ग्यार्जा ३४० म्रिङ्कोला मुबा।,ओहोरदोहोर गर्ने ती पर्यटकमध्ये विभिन्न देशका दुई हजार ३४० महिला रहेका थिए।,"Among the tourists who were traveling, there were 2,340 women from various countries.",D4C,12,medium,Past,Affirmative
COM_D4C_S1_S2_819,महेन्द्रनगररि मुबा शुक्लाफाँटा ह्युल्साङ निकुञ्जसे ह्युलकोर्पाका लागिरि शुक्लाफाँटारि ह्रि सफारी खुला लाबा मुला।,महेन्द्रनगरमा रहेको शुक्लाफाँटा राष्ट्रिय निकुञ्जले पर्यटकका लागि शुक्लाफाँटामा जङ्गल सफारी खुला गरेको छ।,Shuklaphanta National Park in Mahendranagar has opened a jungle safari in Shuklaphanta for tourists.,D4C,13,medium,Non-Past,Affirmative
D1A_S0_B2_726,बोरा गिकरि ६० हेन्से ६५ किलो दोःना ताबा थेसे थाइनालाजि।,एक बोरामा ६० देखि ६५ किलोसम्म हुने उनी सुनाउँछन्।,He says that one sack contains 60 to 65 kg.,D1A,9,medium,Non-Past,Affirmative
COM_D3E_S1_S2_2024,"चुत्ते जेन आहिन, लोप्खाङ नेपालरिन प्रख्यात सामुदायिक लोप्खाङला स्रुगरि सेसिजिन्बा मुला।","यति मात्रै होइन, विद्यालय नेपालमै प्रख्यात सामुदायिक विद्यालयको रूपमा चिनिसकेको छ।","Not only this, the school is already known as a famous community school in Nepal.",D3E,11,medium,Non-Past,Affirmative
D1A_S0_B1_783,मेघौलीरि मुबा होमस्टे स्याङ्पा दिमरिन हान्सा किन्बारि खामुबा।,मेघौलीमा भएका होमस्टे सञ्चालक घरमै हाँस लिन आउँछन्।,Homestay owners in Meghauli come to their homes to have a laugh.,D1A,8,medium,Non-Past,Affirmative
COM_D4C_S1_S2_7176,"कालोपत्र ग्यामला पृष्ठभूमिरि ज्योमोगाङ, ल्हा थृ गाङ भूगोलला दृश्यावलोकन, तस्बिर, भिडियो खिच्दिबाकादेला चहलपहल ल्हेःबागेन निबा संरक्षण थुम फेल्गेबा दाछोक लेतेला गउराइ प्रमिश गौचनसे पाङ्जि।","कालोपत्र सडकको पृष्ठभूमिमा हिमाल, जङ्गल र पहाडी भूगोलको दृश्यावलोकन, तस्बिर, भिडियो खिच्नेहरूको चहलपहल बढ्न थालेको संरक्षण क्षेत्र व्यवस्थापन समिति लेतेका सचिव प्रमिश गौचनले बताए।","Pramish Gauchan, secretary of the Conservation Area Management Committee, said that the number of people taking photos and videos of the mountains, forests, and hilly terrain against the backdrop of the blacktop road has started to increase.",D4C,24,very long,Past,Affirmative
D1A_S0_B2_2061,सानामब्लोन सिटौलासे निजी थुमसे सानामरि लाबा योगदानला प्रशंसा लाबा मुला।,कृषिमन्त्री सिटौलाले निजी क्षेत्रले कृषिमा गरेको योगदानको प्रशंसा गरेका थिए।,Agriculture Minister Sitaula praised the contribution made by the private sector in agriculture.,D1A,10,medium,Past,Affirmative
D1A_S0_B1_2099,च्याला साइ चुदे दुइरि सिका ब्रात मुताला तासाइ ङानि चुङ्बा गे आलामुबा।,"चियाका दाम त्यति बेला आठ रुपैयाँ थियो होला तर, हामी बेच्ने काम गर्दैनथ्यौँ।","The price of tea at that time was probably eight rupees, but we weren't selling it.",D1A,13,medium,Past,Affirmative
D4S_S3_5532,तिरेम म्राङ्बा खालाइदा गाङटारि दोबारि सेम तामुला।,एक पटक देख्ने जो कोहीलाई फेदमा पुग्न मन लाग्छ।,Anyone who sees it once will want to get to the bottom of it.,D4C,9,medium,Non-Past,Affirmative
COM_P2_D5G_S3_2367,तिलाइ ताम सोचाब लाबारि मि म्याङ्ला ताला नि ?,कुनैपनि कुरा सोच्न त पाइन्छ होला नी?,Is it possible to think about anything?,D5G,7,short,Unknown,Unknown
COM_D4C_S1_S2_2959,सन् २०११ रि चमेरे उःला प्रचारप्रसारला लागिरि बिबान स्थानीय बासिन्दासे ग्रेनकाप्तोन नोन स्हेङ्बाला मुबा।,सन् २०११ मा चमेरे गुफाको प्रचारप्रसारका लागि भन्दै स्थानीय बासिन्दाले महोत्सवको पनि आयोजना गरेका थिए।,"In 2011, local residents also organized a festival to promote Chamere Cave.",D4C,15,medium,Past,Affirmative
COM_P2_D5G_S1_5273,प्रतिष्ठानला च्युइसे गिक दिङसाङ गोर सोम ग्योइकाइ प्रतिभादा डेन लाबा मुला।,प्रतिष्ठानको एघारौं वार्षिकोत्सव तीन साहित्य प्रतिभालाई सम्मान गरिएको छ।,Three literary talents have been honored on the foundation's eleventh anniversary.,D5G,9,medium,Non-Past,Affirmative
COM_P2_D3E_S3_4782,छ्योइ थेन कम्प्युटर बार्बु ओसेम थ्री डाइमेन्सनला ह्रोछ्यासे लोप्खेनदा खाचिबाइ नोन च्याप्टरतेन कनेक्ट लाबारि खाम्ला।,पुस्तक र कम्प्युटर सामग्री तथा थ्री डाइमेन्सनको सहयोगले विद्यार्थीलाई कुनै पनि च्याप्टरसँग कनेक्ट गर्न सकिन्छ।,"With the help of books, computer materials, and 3D, students can be connected to any chapter.",D3E,15,medium,Non-Past,Affirmative
P3_D1A_S0_B2_21,तिलाइ दोङदा गोर गिक न्हि टेका पिन्बा मुला।,केही बोटलाई एक दुई वटा टेका दिइएको छ।,Some plants have been given one or two supports.,D1A,8,medium,Non-Past,Affirmative
COM_D2H_S3_1989,जोङ प्रशासनसे मास्क आक्वान्बादा दारेम सिका १०० जरिवाना फाबा आप्ता लाबा मुला।,जिल्ला प्रशासनले मास्क नलगाउनेलाई अब १०० रूपैयाँ जरिबाना तिराउने निर्णय गरेको छ।,The district administration has now decided to impose a fine of Rs 100 on those who do not wear masks.,D2H,12,medium,Non-Past,Affirmative
COM_D5G_S3_1314,चु ङ्योइबाला निसाल स्यान्दो पानारि मुला।,यस प्रश्नको उत्तर अर्को पानामा छ।,The answer to this question is on the next page.,D5G,6,short,Non-Past,Affirmative
D1A_S0_B2_2612,"ग्रा ह्रुप्पा, काठुइ, स्याप्पा छ्यामला गेताङदा बाङ पिन्सि ह्रेङान लाबा परिणाम खाबा लासि तयारी लाबा थेला पाङ्बा मुला।","सूचना सङ्कलन, छलफल, भेटघाट लगायत कार्यक्रमलाई जोड दिई अपेक्षित परिणाम आउने गरी तयारी गरेको उनको भनाइ छ।","He said that preparations have been made to achieve the expected results by emphasizing information gathering, discussions, meetings and other programs.",D1A,17,long,Non-Past,Affirmative
COM_P3_D3E_S1_10729,दात्तेदोना ग्यार्जा ६ से १६ म्हे लोप्बोन कर्मचारीदा कोरोना च्यालाङ ताबा दाहालसे तेःबा विज्ञप्तिरि उन्ब्रिबा मुला।,अहिलेसम्म ६ सय १६ जना शिक्षक कर्मचारीलाई कोरोना सङ्क्रमण भएको दाहालले निकालेको विज्ञप्तिमा उल्लेख छ।,Dahal's statement states that 6 hundred 16 teachers and staff have been infected with the coronavirus so far.,D3E,15,medium,Non-Past,Affirmative
COM_P2_D3E_S2_5280,चु नुररि कुलपति ओसेम काइब्लोनसे जोम्नारि गेविधि पुनर्विचार लाबारि ध्यानाकर्षणसुत्ताइ लाबा मुबा।,यस विषयमा कुलपति तथा प्रधानमन्त्रीले सभामा कार्यविधि पुनर्विचार गर्न ध्यानाकर्षणसमेत गराएका थिए।,The Chancellor and the Prime Minister had also drawn attention to the matter and called for a reconsideration of the procedure in the assembly.,D3E,12,medium,Past,Affirmative
COM_P3_D3E_S1_11935,कलेजसे डि गिक बुम २५ ला छात्रवृत्ति अक्षयकोष ठोङ्बा मुला।,क्याम्पसले एक करोड २५ लाखको छात्रवृत्ति अक्षयकोष स्थापना गरेको छ।,The campus has established a scholarship revolving fund of Rs. one crore 25 lakh.,D3E,10,medium,Non-Past,Affirmative
COM_P2_D5G_S2_2511,तिलाइ ग्रा पिन्स्ह्युबा आरेबा।,कुनै सूचना दिनुभएको थिएन।,No information was given.,D5G,4,short,Past,Negative
P3_D5G_S1_B2_1168,पीडकसे लोङ्ना लासि थान्बा ताला।,पीडकले तर्साएर राखेको हुन्छ।,The perpetrator has kept it under threat.,D5G,4,short,Non-Past,Affirmative
COM_D3E_S5_3115,थेसे मुतेबा म्हिला केवारि विज्ञान थेन प्रविधिला क्योल्बा आरेना ङाच्छा दाङ्बारि आखाम्बा पाङ्जि।,उनले हरेक व्यक्तिको जीवनमा विज्ञान र प्रविधिको प्रयोग बिना अघि बढ्न नसक्ने बताए।,He said that no one can move forward without the use of science and technology in their lives.,D3E,13,medium,Past,Affirmative
COM_D3E_S4_3343,प्रभावित थुमला बिजाबुमो नोन तिनि गिक्छा रे लोप्खाङ दोमा लोङ्जि।,प्रभावित क्षेत्रका बालबालिका पनि आज पहिलो दिन विद्यालय पुग्दा डराए।,Children in the affected areas were also scared when they arrived at school on their first day today.,D3E,10,medium,Past,Affirmative
D4S_S1_7668,वडा गेदिमसे स्याङ्बा लाबा मदिरा डिग्यान अभियानरि छ्योआछ्यो म्हेन्दो ३९ कारबाहीरि ताबा मुला।,वडा कार्यालयले सञ्चालन गरेको मदिरा व्यवस्थापन अभियानमा करिब ३९ जना कारबाहीमा परेका छन्।,Around 39 people have been taken into action in the liquor management campaign conducted by the ward office.,D4C,13,medium,Non-Past,Affirmative
COM_P2_D4C_S1_B4_552,चुदा हानोभरला राजवंशला प्राकृतिक सम्पदाला स्रुगरि दात्ते नोन ज्यूकात्यू थान्बा चिम।,यसलाई हानोभरको राजवंशको प्राकृतिक सम्पदाको रूपमा अहिले पनि ज्यूकात्यू राखिएको रहेछ।,It is still preserved as a natural heritage of the Hanoverian dynasty.,D4C,11,medium,Non-Past,Affirmative
COM_D4C_S1_S2_1965,अभिनेता च्याङ्नाल नाम्सासे नोन चु दिङ ल्हानान तीज व्हाइला म्युजिक भिडियोरि अभिनय लाबा मुला।,अभिनेता कमल गाउँलेले पनि यो वर्ष थुप्रै तीज गीतका म्युजिक भिडियोमा अभिनय गरेका छन्।,Actor Kamal Gaunle has also starred in many music videos for Teej songs this year.,D4C,14,medium,Non-Past,Affirmative
COM_D3E_S3_393,आतोःबा ह्रेङ्बा थेन गन्थने निसाल ब्रिसि आङ्ज्या आयाङ्बा।,अनावश्यक लामो र गन्थने उत्तर लेखेर अङ्क नपाइने।,No points will be awarded for writing unnecessarily long and rambling answers.,D3E,8,medium,Non-Past,Affirmative
COM_P2_D5G_S4_2376,ङानि दर्शककादेदा व्हाइखारि संलग्न लाबारि म्हान्बामुला।,हामी दर्शकहरूलाई कवितामा संलग्न गराउन चाहन्छौँ।,We want to engage the audience with the poetry.,D5G,6,short,Non-Past,Affirmative
COM_D5G_S1_S2_336,थेरि ङाला तामला खाचिबाइ प्रभाव नोन आरेबा।,उसमा मेरो कुराको कुनै प्रभावै थिएन।,My words had no effect on him.,D5G,6,short,Past,Negative
COM_D4C_S1_S2_2988,ल्हाम्पाला सहजताकला लागिरि हवाई फ्याङ्बा सहज स्होबारि ति:बा थेसे पाङ्जि।,यात्रुको सहजताका लागि हवाई उडान सहज बनाउन थालिएको उनले बताए।,He said that air travel has been made easier for the convenience of passengers.,D4C,10,medium,Past,Affirmative
COM_P2_D2H_S1_7395,चिकित्सा विज्ञानरि चु प्रविधि आङ्पो प्रत्यारोपणरि कात्तेला च्योच्यो मुला बिसि एन च्याबारि खाम्ला।,चिकित्सा विज्ञानमा यो प्रविधि अङ्ग प्रत्यारोपणमा कत्तिको समानता छ भनेर हेर्नसमेत गर्न सकिन्छ।,"In medical science, this technique can even be used to see how similar it is to organ transplantation.",D2H,13,medium,Non-Past,Affirmative
D4S_S1_995,झट्ट च्यामा थेनिकादे हनुमानजी राङ्बा म्राङ्मुबा।,झट्ट हेर्दा उनीहरू हनुमानजी जस्तै देखिन्थे।,"At first glance, they looked like Hanumanji.",D4C,6,short,Past,Affirmative
COM_D5G_S4_351,कार्यशालाला लागिरि ललितपुरला पुल्चोकरि फ्रान्सेली उइ तोकतिबा मुला।,कार्यशालाका लागि ललितपुरको पुल्चोकस्थित फ्रान्सेली केन्द्र तोकिएको छ।,"The French Center in Pulchowk, Lalitpur has been designated for the workshop.",D5G,8,medium,Non-Past,Affirmative
COM_D3E_S1_S2_6245,कीर्तिपुरला त्रिवि क्रिकेट पाङ्ग्यालदा स्यानह्युल स्तरला स्होबारि खाबा आर्थिक दिङला बजेट विनियोजनरि विशेष प्राथमिकतारि थान्बा आप्ता ताबा सुताइ पाङ्जि।,कीर्तिपुरस्थित त्रिवि क्रिकेट मैदानलाई अन्तराष्ट्रिय स्तरको बनाउन आगामी आर्थिक वर्षको बजेट विनियोजनमा विशेष प्राथमिकतामा राख्ने निर्णय भएको समेत बताइन्।,She also said that it has been decided to give special priority to making the Tribhuvan University Cricket Ground in Kirtipur an international standard in the budget allocation for the upcoming fiscal year.,D3E,19,long,Past,Affirmative
COM_D5G_S1_S2_1185,निःसन्देह न्याय वुश सरकारला क्रास्यारि आरेबा।,निःसन्देह न्याय वुश सरकारको दिमागमा थिएन।,"Of course, justice was not on the Bush government's mind.",D5G,6,short,Past,Negative
COM_D5G_S3_1054,"थे विक्षिप्त तामुला, सन्तापरि ब्लुम्मुला।","ऊ विक्षिप्त हुन्छ, सन्तापमा डुब्छ।","He becomes deranged, immersed in grief.",D5G,5,short,Non-Past,Affirmative
COM_D2H_S3_2774,"मोकोन मान छोङखाङसे आरे जे बिजि, ह्राङसे पो आगोनि पाङ्स्ह्युजि।","सबै औषधि पसलेले छैन मात्र भने, तपाईँँले पो बुझिनँ भन्नुभयो।","All the drugstores just said no, you said you didn't understand.",D2H,10,medium,Past,Affirmative
COM_D3E_S3_4216,दाखाबा रेरि एचआइभी च्यालाङ्पा लोप्खेनला उच्च ग्युइसेरला लागि ग्याल्साला ठिमतेन ओसेम गेताङरि तानालासि निश्चित बजेट विनियोजन लासेला सुत्ताइ ब्लोन श्रेष्ठसे पाङ्जि।,आगामी दिनमा एचआइभी संक्रमित विद्यार्थीको उच्च शिक्षाका लागि राज्यको नीति तथा कार्यक्रममा पारेर निश्चित बजेट विनियोजन गर्नेसमेत मन्त्री श्रेष्ठले बताए।,Minister Shrestha also said that a specific budget will be allocated in the state's policies and programs for the higher education of HIV-infected students in the coming days.,D3E,20,long,Past,Affirmative
COM_D2H_S1_S2_3362,म्हुनाला भोजन थेन ब्रेकफास्टला गुङरि ८ हेन्से १२ घन्टाला अन्तरसे क्रास्या ओसेम फ्रुमस्यादा गेल्बा स्होबालामुला।,रातिको भोजन र ब्रेकफास्टका बीच ८ देखि १२ घन्टाको अन्तरले मस्तिष्क तथा मांसपेशीलाई कमजोर तुल्याउँछ।,A gap of 8 to 12 hours between dinner and breakfast weakens the brain and muscles.,D2H,15,medium,Non-Past,Affirmative
COM_P2_D5G_S2_3372,भीडतेन खाचिबाइ चेतना आता।,भीडसित कुनै चेतना हुँदैन।,Crowds have no consciousness.,D5G,4,short,Non-Past,Negative
COM_D2H_S1_S2_909,पेदेबिमा फिरि कुरि स्हुखाबा तामुला।,नाइटोभन्दा माथि छातीमा दुखाइ हुन्छ।,Chest pain above the navel.,D2H,5,short,Non-Past,Affirmative
COM_D4C_S1_S2_239,चुदुइ थारु समुदायरि गोःबा विशेष व्हाइदा धमार बिमुला।,यतिबेला थारु समुदायमा गाइने विशेष गीतलाई धमार भनिन्छ।,The special song sung by the Tharu community at this time is called Dhamar.,D4C,8,medium,Non-Past,Affirmative
COM_P2_D3E_S2_1035,पाठ्यपुस्तक बेसग्याम ह्याङ थोरि रेबारि खाम्बा नाछाल दान्दे मुला।,पाठ्यपुस्तक बेसबाट हामी माथि उठ्नसक्ने अवस्था अहिले छ।,We are now in a position to rise above the textbook base.,D3E,8,medium,Non-Past,Affirmative
COM_P2_D3E_S3_4942,फेसबुकरि दात्तेलान ह्राङसे खाबा दिङहेन्से डिजिटल मुद्रा स्याङ्बारि बाबारि छ्याइबा पाङ्बा मुबा।,फेसबुकले हालै आफूले आगामी वर्षदेखि डिजिटल मुद्रा सञ्चालनमा ल्याउन लागेको बताएको थियो।,Facebook recently announced that it will launch a digital currency next year.,D3E,12,medium,Past,Affirmative
COM_D5G_S5_260,"स्यानदा दिम, गाडी थुइमा ताङ्बा ताजि ताला।","अरूलाई घर, गाडी जोड्दा खुसी मिल्यो होला।",Others may have found happiness by adding houses and cars.,D5G,7,short,Non-Past,Affirmative
COM_P2_D4C_S1_B2_1613,ङाच्छा श्रीपञ्चमीहेन्से फागू ङ्ह्यादोःना जोगिरा गोःबा लामुबा।,पहिले श्रीपञ्चमीदेखि फागू पूर्णिमासम्म जोगिरा गाइने गरिन्थ्यो।,"Previously, Jogira was sung from Sri Panchami to Phagu Purnima.",D4C,7,short,Past,Affirmative
COM_D2H_S3_1165,प्याजला ल्हाना गुणजुगु मुला।,प्याजका कयौँ गुणहरू रहेका छन्।,Onions have many properties.,D2H,5,short,Non-Past,Affirmative
COM_D4C_S1_S2_1828,नेपाली ब्योन प्रकाशराज पाण्डेसे युरोपला ह्यार्देबिमा नोबा गाङजो माउन्ट एलब्रस ज्योमोगाङ स्हाङ्बा क्रेबा मुला।,नेपाली युवा प्रकाशराज पाण्डेले युरोपको सर्वोच्च शिखर माउन्ट एलब्रस हिमाल सफल आरोहण गरेका छन्।,"Nepali youth Prakash Raj Pandey has successfully climbed Mount Elbrus, the highest peak in Europe.",D4C,14,medium,Non-Past,Affirmative
COM_D5G_S3_590,अदालतला आदेशला डेन लागे।,अदालतको आदेशको सम्मान गरौं।,Let's respect the court order.,D5G,4,short,Non-Past,Affirmative
COM_D3E_S4_647,एन्ड्रोइड १३ रि दानित फोनरि एमआइयूआई १४ मुला।,एन्ड्रोइड १३ मा आधारित फोनमा एमआईयूआई १४ छ।,The phone is based on Android 13 and has MIUI 14.,D3E,8,medium,Non-Past,Affirmative
COM_P2_D2H_S2_5414,ह्राङ्ला महिनावारीरि गडबडी ताबा ङ्यान्दि फिच्चा आकस्मिक गर्भनिरोधक चक्कीला आतोःबा प्रयोग एन ताबारि खाम्ला।,तपाईँँको महिनावारीमा गडबडी हुनुको कारण उक्त आकस्मिक गर्भनिरोधक चक्कीको अनावश्यक प्रयोग पनि हुन सक्छ।,The reason for your menstrual irregularities may also be the unnecessary use of the emergency contraceptive pill.,D2H,14,medium,Non-Past,Affirmative
COM_D2H_S4_3139,परिक्षणरि च्यालाङग्याम अतिप्रभावित छोक्पा आनाम गान्बागान्बादा सुत्ताइ बोकिन्बा लाबा मुबा।,परीक्षणमा सङ्क्रमणबाट अतिप्रभावित समूह अर्थात् वृद्धवृद्धालाई समेत सहभागी गराइएको थियो।,"The trial also included the elderly, a group most affected by the infection.",D2H,10,medium,Past,Affirmative
D4S_S3_1169,थे कोशीग्याम ङ्हाच्छा ल्हेःबारिन खाम्बा आरेबा।,उनी कोशीबाट अघि बढ्नै सकेका थिएनन्।,He was unable to move forward from Koshi.,D4C,6,short,Past,Negative
COM_D2H_S3_4135,"चु ताङरि कादेराङला फो १० सेन्टिमिटर, खालाइला १५ सेन्टिमिटर थेन ट्युमर ल्हाना मुला बिसाम २०–३० सेन्टिमिटरदोःना एन छिम्बा लामुबा।","यसक्रममा कतिपयको पेट १० सेन्टिमिटर, कसैको १५ सेन्टिमिटर र ट्युमर धेरै छ भने २०–३० सेन्टिमिटरसम्म पनि चिर्ने गरिन्थ्यो।","In this process, some people's stomachs were cut 10 centimeters, some 15 centimeters, and if the tumor was large, even 20-30 centimeters.",D2H,18,long,Past,Affirmative
COM_P2_D2H_S1_9170,"छुसि स्वा ख्रुलास्ह्युगो स्वा साङ्बा लाबाला लागिरि ब्रश लाबा, फ्लस लाबा वा माउथवाशसे कुल्ला लाबा बेनान थोक लालास्ह्युगो।","मजाले दाँत माझ्नुस् दाँत सफा गर्नका लागि ब्रश गर्ने, फ्लस गर्ने वा माउथवाशले कुल्ला गर्ने सबै थोक गर्नुस्।","Brush your teeth with pleasure. Do everything you can to clean your teeth, including brushing, flossing, or rinsing with mouthwash.",D2H,18,long,Non-Past,Affirmative
COM_D5G_S4_312,थेबा बहुरानीः चु चा गोर्कि युङ्बाला मिन चिम।,जेठी बहुरानीः यो चाहिँ एक ढुङ्गाको नाम रहेछ।,The eldest princess: This is the name of a stone.,D5G,8,medium,Non-Past,Affirmative
COM_D3E_S1_S2_6293,सामाजिक विज्ञान ओसेम जीवनोपयोगी सिपजुगुदा लोप्खेनकेन्द्रित तोसोरि एकीकृत थेन समन्वयात्मक स्रुगसे डुप्बा लासि प्रस्तुत लाबा।,सामाजिक विज्ञान तथा जीवनोपयोगी सिपहरूलाई विद्यार्थीकेन्द्रित ढङ्गमा एकीकृत र समन्वयात्मक रूपले हासिल हुने गरि प्रस्तुत गरिएको।,Social sciences and life skills are presented in a student-centered manner in an integrated and coordinated manner.,D3E,16,long,Past,Affirmative
COM_P2_D3E_S3_5325,लोप्खाङला स्वामित्वरि १० रोपनी सा मुसाइ नोन थारेङ मुबासे क्लाङ पाङ्ग्यालला लागि उपयुक्त आरे।,विद्यालयको स्वामित्वमा १० रोपनी जग्गा भए पनि टाढा भएकाले खेलमैदानका लागि उपयुक्त छैन।,"Although the school owns 10 ropanis of land, it is not suitable for a playground because it is far away.",D3E,13,medium,Non-Past,Negative
D4S_S3_1470,चुला लागिरि ह्रो लासिचिबा मुला।,यसका लागि सहायता गरिरहेका छौँ।,We are helping with this.,D4C,5,short,Non-Past,Affirmative
P4_D1A_S1_B2_3065,"म्हेनिङबिमा ङाच्छा नोन पोर्वा चुङ्बाला लागिरि तयार ताजिन्बा मुला, पोर्वाला ह्रिबा जोङरि ल्हानाबिमाल्हाना मुला।","दसैँभन्दा पहिले नै कालिज बिक्रीका लागि तयार भइसक्छन्, कालिजको माग जिल्लामा अत्यधिक छ।","The black beans are ready for sale even before Dashain, as the demand for black beans is high in the district.",D1A,13,medium,Non-Past,Affirmative
P3_D5G_S2_B1_359,चुराङ्बा तिलाइ घटनाकादे ङा उन्ब्रिबा लासेला मुला।,यस्ता केही घटनाहरू म उल्लेख गर्नेछु।,I will mention some such incidents.,D5G,6,short,Non-Past,Affirmative
P2_D1A_S0_B1_1767,थेसे लामा कम्पनीछ्यामला निरन्तरला करारसे सानाम्पाजुगुदा दास युगरि दोसि पुइखाबा मुला।,जसले गर्दा कम्पनीसँगको निरन्तरको करारले किसानहरूलाई दास युगमा फिर्ता पठाइदिने छ।,"Therefore, continued contracts with the company will send farmers back to the era of slavery.",D1A,11,medium,Non-Past,Affirmative
COM_P3_D3E_S1_10546,सङ्घीय संसदला ल्होलो ब्लि दाछोकला चिसाङ तिनि चिसेला ताबा मुला।,सङ्घीय संसद्का विभिन्न चार समितिको बैठक आज बस्ने भएको छ।,Meetings of four different committees of the Federal Parliament are scheduled to be held today.,D3E,10,medium,Non-Past,Affirmative
COM_P2_D3E_S1_1143,म्हिकादे म्रापदोःना खासि देवेन्द्र सरदा बिदाइ लाजि।,मान्छेहरू ढोकैसम्म आएर देवेन्द्र सरलाई बिदाइ गरे।,People came to the door and bid farewell to Devendra Sir.,D3E,7,short,Past,Affirmative
COM_P2_D5G_S1_4619,छ्योइरि ब्रिखेनसे ङा पात्रग्याम प्रस्तुत लाबा विम्बसे ङादा ल्हानान थुर्जि।,किताबमा लेखकले म पात्रमार्फत प्रस्तुत गरेको विम्बले मलाई असाध्यै छोयो।,The imagery that the author presented through the character in the book touched me deeply.,D5G,10,medium,Past,Affirmative
COM_P2_D3E_S1_1667,त्रिवि नियमआन्सार दिङ दाङ्से न्हिरि स्ववियु निर्वाचन तातोला।,त्रिवि नियमअनुसार प्रत्येक २ वर्षमा स्ववियु निर्वाचन हुनुपर्छ।,"According to TU rules, there should be a self-government election every 2 years.",D3E,8,medium,Non-Past,Affirmative
COM_P2_D2H_S2_7457,विशिष्टिकृत क्योन्बा साप्तो प्रदेशरि फ्रेल्बा सङ्घीय सरकारला ठिमतेनन्हाङरि भेरी अस्पताल नेपालगञ्जरि जलन वार्ड ठोङ्बाला मुला।,विशिष्टिकृत उपचार सेवा प्रदेशमा विस्तार गर्ने सङ्घीय सरकारको नीतिअन्तर्गत भेरी अस्पताल नेपालगञ्जमा जलन वार्ड स्थापना गरिएको छ।,"A burn ward has been established at Bheri Hospital, Nepalgunj, as part of the federal government's policy to expand specialized treatment services to the province.",D2H,17,long,Non-Past,Affirmative
D4S_S2_5767,"प्रतियोगीतारि डाबा लोप्खेनकादेदा गिक्छा, न्हिछा थेन सोम्छा ताबा लोप्खाङकादेदा पुरस्कार ठाबाला थेसे पाङ्जि।","प्रतियोगीतामा बिजयी हुने बिद्यार्थीहरूलाई प्रथम, दितिय र तृतिय हुने विद्यालयहरूलाई पुरस्कार बितरण गरिएको उनले बताइन्।","She said that prizes were distributed to the students who won the competition and to the schools that came in first, second, and third.",D3E,15,medium,Past,Affirmative
P3_D1A_S0_B3_687,"चुरि रोरि म्हेन्दो छार्बा, पुपु वाङ्बा, रो रोबा ताङ छ्याम गिक तासिचिबा मुला।","यस फलमा फुल फुल्ने, कोपिला लाग्ने, फल फल्ने क्रम एकसाथ चलिरहन्छ।","In this fruit, the process of blooming, budding, and fruiting occurs simultaneously.",D1A,11,medium,Non-Past,Affirmative
D4S_S3_2352,अनलाइन स्योमि गेदुङ गण्डकीला स्यानचोहो सन्तोष बस्यालसे मिडियादा स्तरीय स्होबारि तालिमला स्हेङ्बा लाबा पाङ्जि।,अनलाइन पत्रकार सङ्घ गण्डकीका उपाध्यक्ष सन्तोष बस्यालले मिडियालाई स्तरीय बनाउन तालिमको आयोजना गरेको बताए।,"Santosh Basyal, Vice President of the Online Journalists Association Gandaki, said that the training was organized to improve the quality of the media.",D4C,14,medium,Past,Affirmative
COM_P2_D3E_S1_2861,बालुवाटाररि मुबा पञ्चकन्या आधारभुत लोप्खाङला प्रधानाध्यापक विनीता रञ्जित छार ग्युइसेरकि सत्र चुःबा ताबान लामा हैरान मुला।,बालुवाटारस्थित पञ्चकन्या आधारभुत विद्यालयकी प्रधानाध्यापक विनीता रञ्जित नयाँ शैक्षिक सत्र सुरु हुँदै गर्दा हैरान छिन्।,"Vinita Ranjit, the principal of Panchakanya Adharabhoot School in Baluwatar, is nervous as the new academic session begins.",D3E,15,medium,Non-Past,Affirmative
COM_P2_D5G_S1_839,म्हिरि गोर्गिक मनोविज्ञान थेन आनन्द याङ्बाला सेम ताला।,मानिसमा एकै मनोविज्ञान र आनन्द प्राप्तिको चाहना हुन्छ।,Humans have the same psychology and desire to achieve happiness.,D5G,8,medium,Non-Past,Affirmative
COM_P2_D5G_S3_3490,व्हाइरिमकार सिंहला व्हाइरिम चोम्बारि नोन छारपन ङ्यान्बारि म्याङ्बा मुला।,सङ्व्हाइकार सिंहको सङ्व्हाइ सिर्जनामा पनि नयाँपन सुन्न पाइएको छ।,A sense of innovation can also be heard in the creation of the song by composer Singh.,D5G,9,medium,Non-Past,Affirmative
COM_P2_D3E_S2_4072,थेसे योजना कार्यान्वयनरि ग्युइसेरखाङ थेन स्थानीयसे लाबा समन्वय थेन गेछ्याम अपरिहार्य मुबा बिबान सरहाना लाजि।,उनले योजना कार्यान्वयमा शिक्षालय र स्थानीयले गरेको समन्वय र सहकार्य अपरिहार्य रहेको भन्दै सरहाना गरे।,"He praised the coordination and collaboration between the school and the locals in implementing the plan, saying that it was indispensable.",D3E,15,medium,Past,Affirmative
COM_D4C_S1_S2_2315,"चु स्हाङ्बा ल्हामरि ह्रोछ्या लाबा गण्डकी प्रदेश, अन्नपूर्ण गाउँपालिकाछ्यामला ह्रो बेनानदा थेसे थुजेछे पिन्जि।","यो सफल यात्रामा सहयोग गर्ने गण्डकी प्रदेश, अन्नपूर्ण गाउँपालिकालगायत सहयोगी सबैलाई उनले धन्यवाद दिइन्।","She thanked all the collaborators, including Gandaki Province and Annapurna Rural Municipality, who supported this successful journey.",D4C,14,medium,Past,Affirmative
COM_D3E_S3_3227,महानगरपालिकासे ह्राङ्ला थुमन्हाङरि स्याङ्बारि मुबा छात्रावासला अभिलेखिकरण चुःबा मुला।,महानगरपालिकाले आफ्नो क्षेत्रभित्र सञ्चालनमा रहेको छात्रावासको अभिलेखीकरण सुरु गरेको छ।,The Metropolitan City has begun documenting the dormitories operating within its area.,D3E,10,medium,Non-Past,Affirmative
COM_P3_D3E_S2_3926,चुह्राङ्बा महँगा लोप्खाङरि ग्यालठिमकि दलला लगानी मुला।,यस्ता महँगा स्कुलमा राजनीतिक दलको लगानी छ।,Political parties have invested in such expensive schools.,D3E,7,short,Non-Past,Affirmative
D4S_S3_3346,घाइते बिकला तिनि कामरे क्योन्बाला ताङरि ल्हुइ निबा सुदूरन्हुप प्रदेश प्रहरी गेदिमसे उन्पाङ्बा मुला।,घाइते बिकको आज शनिवार उपचारको क्रममा ज्यान गएको सुदूरपश्चिम प्रदेश प्रहरी कार्यालयले जनाएको छ।,The Sudurpaschim Province Police Office has stated that the injured BK died during treatment on Saturday.,D4C,14,medium,Non-Past,Affirmative
COM_D2H_S1_S2_5055,डाक्पोा गाउँपालिका वडा नं. ४ अर्खबाङ्गरि ङाच्छालाब्लोन गोकर्णराज बिष्टसे तामझामला छ्याम अस्पताल शिलान्यास लाजि।,मालिका गाउँपालिका वडा नं ४ अर्खबाङ्गमा पूर्वमन्त्री गोकर्णराज बिष्टले तामझामका साथ अस्पताल शिलान्यास गरे।,"Former Minister Gokarna Raj Bista laid the foundation stone of a hospital in Arkhabang, Ward No. 4 of Malika Rural Municipality with pomp and show.",D2H,14,medium,Past,Affirmative
COM_D2H_S3_958,यान्देहेन्से चुर्से छार नाबाला पालो खाबा आरे।,भदौदेखि यता नयाँ बिरामीको पालो आएको छैन।,There has been no new patient since Bhadra.,D2H,7,short,Non-Past,Negative
P2_D1A_S0_B2_387,"जोङला बर्दिवास, गौशाला, औरही थेन भङ्गाहा नगरपालिका थुमरि निबा ङिसरेला लाबाल्हुङसे मज्जर ताइना लाबा मुला।","जिल्लाको बर्दिवास, गौशाला, औरही र भङ्गाहा नगरपालिका क्षेत्रमा गत साताको हावाहुरीले मज्जर झारेको छ।","Last week's storms have wreaked havoc in the Bardibas, Gaushala, Aurahi and Bhangaha municipalities of the district.",D1A,14,medium,Non-Past,Affirmative
COM_P3_D3E_S1_1043,गिक्खेस्रुगछ्याम डोबालोप्डोबारि सहजता तागाइ बिबा दोन्तासे तोःबा गोइलो ठाबा क्याप्टेन रमेश श्रेष्ठसे पाङ्जि।,एकरूपतासँगै पठनपाठनमा सहजता होस् भन्ने उद्देश्यले आवश्यक पोसाक वितरण गरिएको क्याप्टेन रमेश श्रेष्ठले बताए।,Captain Ramesh Shrestha said that the necessary uniforms were distributed with the aim of ensuring uniformity and ease in teaching and learning.,D3E,14,medium,Past,Affirmative
COM_P2_D5G_S1_1131,दारेम अमेरिकारिन गे म्हाइतोला।,अब अमेरिकामै काम खोज्नुपर्ला।,Now I have to look for work in America.,D5G,4,short,Non-Past,Affirmative
COM_D2H_S1_S2_3674,"व्यायामाङाच्छा, व्यायामला दुइरि थेन व्यायामलिच्छा खेलाडीकादेला ल्हुइला गतिविधिरि ताबा पोबाला खेडोप लाजि।","व्यायामअघि, व्यायामका बेलामा र व्यायामपछि खेलाडीहरूको शारीरिक गतिविधिमा भएको परिवर्तनको अध्ययन गरियो।","Changes in the athletes' physical activity before, during, and after exercise were studied.",D2H,12,medium,Past,Affirmative
COM_D4C_S1_S2_5852,इस्गल थेन थे छ्योआछ्योसुर मुबा नाम्साबा खाङ्बा मौसम दाङ्से बुम ५ बिमा ल्हाना ह्युलकोरपादा स्वागत लाबा लामुला।,इस्गल र त्यस आसपास रहेका गाउँले हरेक जाडो मौसममा ५ लाखभन्दा बढी पर्यटकलाई स्वागत गर्ने गर्छन्।,"Ischgl and the surrounding villages welcome more than 500,000 tourists every winter.",D4C,16,long,Non-Past,Affirmative
COM_P2_D4C_S1_B1_3651,"चुरेम चाबा ग्रेनकाप्तोनरि स्थानीय परिकार, थारुला परिकार थेन सौराहारि ताबा चाबा ओसेम स्यानह्युल्साङ परिकार उन्बान मुला।","यसपटक खाना महोत्सवमा स्थानीय परिकार, थारुको परिकार र सौराहामा हुने खाना तथा अन्तर्राष्ट्रिय परिकार प्रदर्शन गरिदै छ।","This time, the food festival is showcasing local dishes, Tharu dishes, Sauraha cuisine, and international dishes.",D4C,17,long,Non-Past,Affirmative
COM_D3E_S1_S2_105,ङ्योइबासे लोप्बोनला ब्लेबापन च्याङ्ना लामुला।,प्रश्नले शिक्षकको अल्छीपन घट्छ।,Questions reduce teacher's laziness.,D3E,4,short,Non-Past,Affirmative
D4S_S2_6952,थेदुइरि खाबा स्थानीयकादेतेन ग्रेन्पो शाहसे धाराला ङ्हाउला नुररि थेन प्राविधिककादेतेन जलप्रवाह सम्भावनाला नुररि ताम लाबा मुबा।,त्यसबेला आएका स्थानीयहरूसँग प्रमुख शाहले धाराको विगतका विषयमा र प्राविधिकहरूसँग जलप्रवाह सम्भावनाका विषयमा कुराकानी गरेका थिए।,Chief Shah talked to the locals who came at that time about the past of the river and with the technicians about the potential of the water flow.,D4C,16,long,Past,Affirmative
COM_P2_D4C_S1_B1_3685,नाम्सारि फुन्दि ह्राप्पा म्हि आताबालिच्छा सख्या स्याबा स्याबारि ख्लाबा हिन्ना।,गाउँमा मादल बजाउने मान्छे नभएपछि सख्या नाच नाच्न छाडेको हो।,Sakhya Nach stopped being danced because there were no people in the village to play the madal.,D4C,10,medium,Non-Past,Affirmative
COM_P2_D5G_S2_7590,चु म्होकोन गेरिमला कडी मानबलाबा मुखिया आखेला बोमोखाबा पालो लिच्छारि दोखाबा मुबा।,यो सब प्रक्रियाको कडी मानिएका मुखिया बाजेको रिसाउने पालो अन्तिममा आइपुगेको थियो।,"The turn of the chief, who was considered the link in this entire process, to get angry had finally arrived.",D5G,12,medium,Past,Affirmative
COM_P2_D2H_S1_4572,म्हुना म्हेर्बाबिमा घन्टा सोम ङाच्छा कान चाबा ज्याबा तामुला।,रातमा सुत्नुभन्दा तीन घन्टा पहिले खाना खानु राम्रो हुन्छ।,It is best to eat three hours before going to bed at night.,D2H,9,medium,Non-Past,Affirmative
COM_P2_D3E_S1_5981,दारे चु बोर्डग्याम ग्रा प्रवाह ताबालिच्छा मोक्कोन अभिभावकसे चासो उन्बा अभिभावक बिर्ख बुढासे पाङ्जि।,अब यो बोर्डमार्फत सूचना प्रवाह भएपछि सबै अभिभावकले चासो देखाउने अभिभावक बिर्ख बुढाले बताए।,"Parent Birkha Budha said that now that information is disseminated through this board, all parents will show interest.",D3E,14,medium,Past,Affirmative
D4S_S2_418,गेला आन्सारला साइ आयाङ्ना फिह्युल निबारि म्हाइबान मुला।,काम अनुसारको मूल्य नपाएर विदेश जान खोजिरहेको छु।,I am trying to go abroad because I am not getting paid for my work.,D4C,8,medium,Non-Past,Affirmative
D1A_S0_B2_527,तापाग्रेनहेन्से बेने लादोःना कलमी लातोमुला।,पुष देखि फागुन महिना सम्म कलमी गर्नु पर्दछ।,Grafting should be done from Poush to Falgun.,D1A,8,medium,Non-Past,Affirmative
COM_D3E_S3_809,"वाच्य, प्रेरणाार्थक, वाक्य संश्लेषण/विश्लेषणरि कालचाहिँ पोबा आलाबा।","वाच्य, प्रेरणाार्थक, वाक्य संश्लेषण/विश्लेषणमा कालचाहिँ परिवर्तन नगर्ने।","Do not change tense in reading, motivational, sentence synthesis/analysis.",D3E,7,short,Non-Past,Affirmative
COM_P2_D5G_S1_2628,दुइ ल्हानान निसिजिन्बा मुबा।,समय निक्कै बितिसकेको थियो।,A lot of time had passed.,D5G,4,short,Past,Affirmative
COM_P2_D2H_S1_2039,थेसे अस्पतालला स्तरोन्नतिला लागिरि पहल लाबारि मोइजेन लाजि।,उनले अस्पतालको स्तरोन्नतीका लागि पहल गरिदिन अनुरोध गरे।,He requested that initiatives be taken for the upgrading of the hospital.,D2H,8,medium,Past,Affirmative
COM_D5G_S3_2173,"ज्योस्हेङ, ज्योस्हेङला निम्ति हिन्ना बिसि हाहारि छ्योङ्बा छिङ्गाइला नीति।","कला, कलाको निति हो भनेर हाहामा दगुड्ने काँचा ठेट्नाको निति।","The policy of the glass-blowing, which is the policy of art, is a joke.",D5G,10,medium,Unknown,Affirmative
COM_D5G_S1_S2_1693,ङाला खारे खार्बा मुबा।,मेरो घाँटी सुकेको थियो।,My throat was dry.,D5G,4,short,Past,Affirmative
COM_P2_D4C_S1_B3_843,ज्योमोगाङकि फ्याङ्बा छ्योआछ्यो घन्टा गिकला ताबा उन्पाङ्बा मुला।,पर्वतीय उडान करिब एक घण्टाको हुने जनाइएको छ।,The mountain flight is expected to take about an hour.,D4C,8,medium,Non-Past,Affirmative
COM_P2_D3E_S3_4674,"चु दृश्य स्पेक्ट्रम, थेदा ह्याङ सामान्यतया तार प्रकाशुला स्रुगरि परिभाषित लामुला।","यो दृश्य स्पेक्ट्रम, जसलाई हामी सामान्यतया सेतो प्रकाशु को रूपमा परिभाषित गर्छौँ।","This is the visible spectrum, which we usually define as white light.",D3E,12,medium,Non-Past,Affirmative
COM_D3E_S4_2254,डा ११ रि किन्बा नुरसे मोक्कोन करियरलान म्राप ठोङ्मुला।,कक्षा ११ मा लिएको विषयले समग्र करिअरकै ढोका खोल्छ।,The subjects taken in grade 11 open the door to a whole career.,D3E,9,medium,Non-Past,Affirmative
P3_D1A_S0_B2_3111,निम नाम्सि लेपताङरि खाबा फाप्पासे तार्ङाग्योइला क्युइला लेपताङ च्याङ्ना तासि दान्दे तार्ङा सिबा ताङ चुःबा मुला।,लगातार मौसमी तापक्रममा आएको गिरावटले माछापोखरीको पानीको तापक्रम कम भएर अहिले माछा मर्ने क्रम सुरु भएको छ।,"Due to the continuous drop in seasonal temperatures, the water temperature in fish ponds has dropped, causing fish to die.",D1A,17,long,Non-Past,Affirmative
COM_P2_D5G_S1_7729,थेदुइरि ग्योइकाइरि ङाला देन्बान द्हाम्बा मुबा बिबा दान ङातेन आरे।,त्यतिबेला साहित्यमा मेरो साँच्चै रुचि थियो भन्ने आधार मसँग छैन।,I don't have any basis for believing that I was truly interested in literature at that time.,D5G,10,medium,Non-Past,Negative
P2_D1A_S0_B2_25,चुला लागिरि छेप्पा तोःबा मुला।,यसका लागि गर्मी चाहिन्छ।,This requires heat.,D1A,4,short,Non-Past,Affirmative
P3_D1A_S0_B3_554,छोङनामकि सिङ्सोरन्हाबाला लागिरि सिङ्सोर छाबाला लागिरि गिक ग्लाग्याम स्यान्दो ग्लारि बोर्बा लाबा याङ्मुला।,व्यावसायिक मौरीपालनका लागि मौरी चरनका लागि एक स्थानबाट अर्को स्थानमा लाने गरेको पाइन्छ।,Commercial beekeeping involves transporting bees from one place to another for grazing.,D1A,13,medium,Non-Past,Affirmative
COM_D2H_S4_2002,"प्रोफेसर म्याट वाकरला आन्सार अल्जाइमर, क्यान्सर, छोबापन, सुगरला नाबा ओसेम तानाला सिकार ताबारि खाम्ला।","प्रोफेसर म्याट वाकरका अनुसारअल्जाइमर, क्यान्सर, मोटोपन, सुगरको बिरामी तथा तानाको सिकार हुन सकिन्छ।","According to Professor Matt Walker, you can become a victim of Alzheimer's, cancer, obesity, diabetes, and stress.",D2H,13,medium,Non-Past,Affirmative
D1A_S0_B2_2887,ग्लेठिम लाबासे ढुक्क चिसि सास्हिङ लाबारि  दुइ आयाङ्ना नोन एभोकाडोदा ल्हाना दुइ आपिन्ना फान्बा दुइरि खट्दिमा नोन ज्याबा ताबा मुला।,राजनीति गर्नेले ढुक्क बसेर खेती गर्न समय नपाए पनि एभोकाडोलाई धेरै समय नदिई फुर्सदमा खटिँदा पनि राम्रो उपार्जन हुन्छ।,"Even if politicians don't have time to farm, they can still earn a good income by working on avocados in their spare time without spending too much time on them.",D1A,19,long,Non-Past,Affirmative
COM_D2H_S1_S2_1557,डाक्टरसे छोबापन च्याङ्नाबारि पाङ्बा मुबा।,डाक्टरले मोटोपन घटाउनु भनेका थिए।,The doctor said to lose weight.,D2H,5,short,Past,Affirmative
P3_D1A_S0_B2_16,गलकोट थेन निसीस्योङरि नोन तेमे होत्तेन रोबा मुला।,गलकोट र निसीखोलामा पनि आलु उत्तिकै फलाइन्छ।,Potatoes are also grown in Galkot and Nisikhola.,D1A,7,short,Non-Past,Affirmative
P4_D1A_S1_B1_584,जोङरि चिदिचौर मैदान क्लाङ्पा सोवाङरि ह्रोछ्या दोःबा मुबा।,जिल्लामा चिदिचौर मैदान खेलाडी उत्पादनमा सहयोगी बनेको थियो।,The Chidichaur ground in the district had become instrumental in producing players.,D1A,8,medium,Past,Affirmative
COM_P2_D2H_S2_610,थेनिकादेदा तत्कालनोन् चिकित्सकीय सहायता पिन्बारि खाम्ला।,उनीहरूलाई तत्कालै चिकित्सकीय सहायता दिन सकिन्छ।,They can be given immediate medical attention.,D2H,6,short,Non-Past,Affirmative
COM_D2H_S1_S2_2275,लिच्छाला दुइरि अस्पतालरि डेङ्गुला परिक्षणका लागिरि खाबा नाबागुङ ७० कार्ग्यादा डेङ्गु पोजेटिभ म्राङ्बा मुला।,पछिल्लो समय अस्पतालमा डेङ्गुको परीक्षणका लागि आएका बिरामीमध्ये ७० प्रतिशतलाई डेङ्गु पोजेटिभ देखिएको छ।,"Recently, 70 percent of patients who came to the hospital for dengue testing have tested positive for dengue.",D2H,14,medium,Non-Past,Affirmative
COM_D4C_S1_S2_5659,"छिल्लीकोट दोबा ह्युलकोरग्याम दात्ते कालोपत्रताबागेन मुला, त्यो थुम्बा तासाम झान सहज ताला थेन ह्युलकोर्पाला साङ्ज्या काप्पा ल्हेःदा मुला।","छिल्लीकोट पुग्ने पर्यटनमार्ग अहिले कालोपत्र भइरहेको छ, त्यो सम्पन्न भए झनै सहज हुने छ र पर्यटकको सङ्ख्या थप बढ्ने छ।","The tourist route leading to Chillikot is currently being blacktopped. Once completed, it will be even more convenient and the number of tourists will increase further.",D4C,20,long,Non-Past,Affirmative
COM_P2_D2H_S2_6980,अलग–अलग रक्त छोक्पाला व्यक्तिला का चाबाारि स्याप्पा चु प्रोटिनरि फरक किसिमला प्रतिक्रिया जनबलामुला।,अलग–अलग रक्त समूहको व्यक्तिको रगत खानामा पाइने यस प्रोटिनमा फरक किसिमको प्रतिक्रिया जनाउँछ।,The blood of people with different blood types react differently to this protein found in food.,D2H,13,medium,Non-Past,Affirmative
D4S_S2_1549,थुम्ता दुइदोःना न्यायला लागिरि छेसिनचिला।,अन्तिम समयसम्म न्यायका लागि लडिरहन्छु।,I will fight for justice until the end.,D4C,5,short,Non-Past,Affirmative
COM_P2_D2H_S2_2776,आइराकला प्रयोगसे ग्यार्जा न्हि बिमा ल्हाना नोइ थेन चोटपटक लाग्तिबा नाछाल ङ्योइमुला।,मदिराको प्रयोगले दुई सय भन्दा बढी रोग र चोटपटक लाग्ने अवस्था निम्त्याउँछ।,Alcohol use causes more than two hundred diseases and injuries.,D2H,12,medium,Non-Past,Affirmative
COM_D4C_S1_S2_903,लो ग्यागारह्युलरि वसन्तोत्सव दाङ्बा परम्परा आटाङ्बा स्रुगरि चाल्तिसि खाबान मुला।,दक्षिण भारतमा वसन्तोत्सव मनाउने परम्परा अक्षुण्ण रूपमा चल्दै आएको छ।,The tradition of celebrating Vasantav in South India continues intact.,D4C,10,medium,Non-Past,Affirmative
COM_P2_D2H_S1_385,ल्होलो तोसोला नोइग्याम क्योप्पाला लागिरि इम्युनिटी कोङ्बा तातोमुला।,विभिन्न प्रकारका रोगबाट बच्नका लागि इम्युनिटी बलियो हुनुपर्छ।,Immunity must be strong to avoid various types of diseases.,D2H,8,medium,Non-Past,Affirmative
P3_D1A_S0_B1_4119,ड्वान्हाबारि सानाम ओसेम सेमचेनज्याबि फार्म उत्कृष्ट ताबारि स्हाङ्बा ताबासे सानाम ओसेम सेमचेनमेला प्रदर्शनी दाछोकसे उन्पाङ्बा मुला।,बंगुरपालनमा कृषि तथा पशुपन्छी फार्म उत्कृष्ट हुन सफल भएको कृषि तथा पशुमेला प्रदर्शनी समितिले जनाएको छ।,The Agriculture and Livestock Fair Exhibition Committee has stated that the agriculture and livestock farm has succeeded in excelling in pig farming.,D1A,16,long,Non-Past,Affirmative
COM_P2_D2H_S5_3988,तोच्चा डोल्पाबिमा दिला डोल्पारि सुरक्षित सुत्केरी ताबा म्रिङ्माला साङ्ज्या दान्ना मुला।,उपल्लो डोल्पाभन्दा तल्लो डोल्पामा सुरक्षित सुत्केरी हुने महिलाको सङ्ख्या बढी रहेको छ।,The number of women who have safe deliveries is higher in Lower Dolpa than in Upper Dolpa.,D2H,12,medium,Non-Past,Affirmative
COM_P2_D4C_S1_B4_1781,दाछोकसे स्यानह्युल्साङस्तररि प्रिबाब्रेल्बि विवाद तासाम आप्ता लाबाला मुला।,समितिले अन्राष्ट्रियस्तरमा चाडपर्वसम्बन्धी विवाद भएमा निर्णय गर्ने गरेको छ।,The committee has been making decisions in case of disputes related to festivals at the international level.,D4C,9,medium,Non-Past,Affirmative
D4S_S2_4749,थे दुइसाङरि सेनासे राइफल थेन तोपग्याम महाशिवरात्रि ल्हेःबा थेन कावाज प्रस्तुत लाबा मुबा।,त्यस अवसरमा सेनाले राइफल र तोपबाट महाशिवरात्रि बढाइँ र कवाज प्रस्तुत गरेको थियो।,"On that occasion, the army presented a Mahashivaratri parade and parade with rifles and cannons.",D4C,13,medium,Past,Affirmative
COM_P2_D2H_S1_3660,मधुमेहला नाबाला लागि फाइदाजनक ताबा छ्यामरि इम्युनिटी बुस्ट लाबारि मद्दत पिन्बालामुला,मधुमेहका बिरामीका लागि फाइदाजनक हुनुका साथै इम्युनिटी बुस्ट गर्न मद्दत पुर्‍याउँछ।,It is beneficial for diabetic patients and helps boost immunity.,D2H,11,medium,Non-Past,Affirmative
COM_P2_D4C_S1_B2_3927,साहसिक ह्युलकोरला थुमरि नोन गे लाबान खाजिबा स्पार्क कारसे ल्हाम्पाकादेला लागिरि यातायातला डिग्यान लाबान खाजिबा मुला।,साहसिक पर्यटनका क्षेत्रमा पनि काम गर्दै आइरहेको स्पार्क कारले यात्रुहरूका लागि यातायातको व्यवस्थापन गर्दै आइरहेको छ।,"Spark Cars, which has also been working in the field of adventure tourism, has been managing transportation for passengers.",D4C,16,long,Non-Past,Affirmative
D4S_S2_3920,डिजिटल साक्षरताला आडुपरि लुबा सान्ग्युरकादेदा ङोसेबा लाबारि आखाम।,डिजिटल साक्षरताको अभावमा झुटा समाचारहरूलाई पहिचान गर्न सक्दैनन्।,Lack of digital literacy makes it difficult to identify fake news.,D4C,8,medium,Non-Past,Negative
COM_P3_D3E_S1_11831,"खालाइ स्टाफ नर्स मि खालाइ ठिम, ग्युइसेर थेन डिग्यान छोक्पारि डोचिबा मुला।","कोही स्टाफ नर्स त कोही कानुन, शिक्षा र व्यवस्थापन समूहमा पढ्दै छन्।","Some are staff nurses, while others are studying in the law, education, and management groups.",D3E,12,medium,Non-Past,Affirmative
P3_D1A_S0_B1_2528,झापारि दान्दे खानाइ माकाइ सुसिजिन्बा मुला बिसाम खानाइ सुबा नाछालरि मुला।,झापामा अहिले कतै मकै रोपिसकिएको छ भने कतै रोप्ने अवस्थामा छ।,"In Jhapa, corn has already been planted in some areas and is in the process of being planted in others.",D1A,11,medium,Non-Past,Affirmative
COM_D5G_S3_1163,टाङ्गा छाबारि सेस्ह्युबा मुला।,पैसा कमाउन जानुभएको छ।,You have gone to earn money.,D5G,4,short,Non-Past,Affirmative
COM_P2_D2H_S1_4745,गोर्लाङ स्टोनला खतरा घटबलामुला नियमित नरिवल क्युइ थुङ्मा गोर्लाङ स्टोनला खतराग्याम बचबलामुला,किड्नी स्टोनको खतरा घटाउँछ नियमित नरिवल पानी पिउँदा किड्नी स्टोनको खतराबाट बचाउँछ।,Reduces the risk of kidney stones: Regularly drinking coconut water protects against the risk of kidney stones.,D2H,12,medium,Non-Past,Affirmative
COM_D2H_S1_S2_166,ल्हुइथाङ थुमला बेथिति ज्यासि साध्य आरे।,स्वास्थ्य क्षेत्रका बेथिति गनेर साध्यै छैन।,The irregularity in the health sector is incalculable.,D2H,6,short,Non-Past,Negative
COM_P2_D2H_S2_3893,ल्हुइरि एन्टिबडीला मात्रा ल्हेःबालिच्छा थेदा च्याङ्ना लाबारि ओलीला प्लाज्मा फेरोसिस लाबा हिन्ना।,शरीरमा एन्टिबडीको मात्रा बढेपछि त्यसलाई कम गर्न ओलीको प्लाज्मा फेरोसिस गरिएको हो।,Oli underwent plasmapheresis to reduce the amount of antibodies in his body.,D2H,12,medium,Non-Past,Affirmative
COM_D5G_S3_169,होत्छेम ह्राङ्दान ङ्योइबा लाबारि सेम ताजि।,अनि आफूलाई नै प्रश्न गर्न मन लाग्यो।,And I wanted to ask myself.,D5G,7,short,Past,Affirmative
COM_P2_D3E_S2_518,ग्युइसेरकि बार्बु बिजाबुमोसे छुबा मुला।,शैक्षिक सामग्री बालबालिका रमाएका छन्।,The children are enjoying the educational materials.,D3E,5,short,Non-Past,Affirmative
D1A_S0_B1_4132,"माकाइला फौजी बुलुङला जोखिम दुइ दाङ्सेरि म्राङ्बा ताबासे, साप्रारि फुम तासिचिबा थेन लार्भा उत्पादनला तादाग्याम माकाइला दोङ चाबारि तिःमुला। ","मकैमा फौजी कीराको जोखिम प्रत्येक याममा देखा पर्ने गरेको छ, माटोमा अण्डा भइरहने र लार्भा उत्पन्नको तहबाटै मकैको बोट खान थाल्छ।","The threat of armyworms in corn appears every season, with eggs laid in the soil and larvae starting to feed on corn plants from the stage of emergence.",D1A,21,very long,Non-Past,Affirmative
COM_D5G_S4_2418,चुत्ते डान्बा ह्रोला याग्याम ब्रिसि खाइमा ह्याङसे डोबारि म्याङ्ला बिबा मुबा।,यति स्मृति साथीकै हातबाट लेखेर कहिले हामीले पढ्न पाइएला भन्ने थियो।,I wondered when we would be able to read all that memory written by my friend.,D5G,11,medium,Past,Affirmative
D4S_S2_1929,थेसे ङाच्छाला स्थानीय निर्वाचनरि नाम्सालान म्हेन्दो गिकला ह्राेरि मतदान आलामुबा।,उनले अघिल्लो स्थानीय चुनावमा गाउँकै एक जनाको सहारामा मतदान गरेनन्।,He did not vote in the previous local elections with the support of a villager.,D4C,10,medium,Non-Past,Negative
P2_D1A_S0_B1_588,"न्हे न्हेबा, मेख्लि स्यार्बा मोकोन गे लाजि। ","दूध दुहुने, गोबर सोहोर्ने सबै काम गरेँ।","I did all the work, from milking to collecting cow dung.",D1A,7,short,Past,Affirmative
P3_D1A_S0_B2_2594,तासाइ चुसो सानाम ग्युइ उइ बझाङला गेदिम ग्रेन्पो टेकबहादुर विष्टसे बिसाम काक्ता छिम्बाला लागिरि ह्राङजुगु तत्पर मुबा पाङ्जि।,तर यता कृषि ज्ञान केन्द्र बझाङका कार्यालय प्रमुख टेकबहादुर विष्टले भने समस्या समाधान गर्न को लागि आफूहरू तत्पर रहेको बताए।,"However, Tek Bahadur Bista, head of the Agricultural Knowledge Center, Bajhang, said that they are ready to solve the problem.",D1A,20,long,Past,Affirmative
D1A_S0_B3_147,उन्नत जातला म्हे न्हाबा ह्रोसे सोच स्होबा मुला।,उन्नत जातका गाई पाल्ने उहाँले सोच बनाउनुभएको छ।,He has come up with the idea of ​​raising advanced breeds of cows.,D1A,8,medium,Non-Past,Affirmative
COM_P2_D4C_S1_B2_2851,"रेमकोलाकादेसे धुमारी, ढुस्को, ठाडो थेन देउडा क्लाङ्मुला।","पुरुषहरूले धुमारी, ढुस्को, ठाडो र देउडा खेल्छन्।","Men play Dhumari, Dhusko, Chedo, and Deuda.",D4C,7,short,Non-Past,Affirmative
P2_D1A_S0_B1_2952,चुदिङ मनुसन योनान ताबा  ङ्यान्दि रोपाई नोन दुइरिन ताबा हिन्ना।,यसवर्ष मनुसन चाँडै सुरु भएका कारण रोपाई पनि समयमै भएको हो।,"This year, planting was also done on time because the monsoon started early.",D1A,11,medium,Non-Past,Affirmative
COM_P2_D5G_S1_5963,गठबन्धन बिबा नोन दलाल पुँजीवादलान गोरगिक तोसोला अभ्यास हिन्ना।,गठबन्धन भनेको पनि दलाल पूँजीवादकै एक प्रकारको अभ्यास हो।,Alliances are also a form of crony capitalism.,D5G,9,medium,Non-Past,Affirmative
COM_P2_D5G_S2_3989,दिङला स्योनाम केवाला अनुभवदा छ्योइरि समावेश लाबा सिग्देलसे पाङ्मुला।,वर्षको पत्रकारिता जीवनको अनुभवलाई पुस्तकमा समावेश गरेको सिग्देल बताउँछन्।,Sigdel says that he has included years of journalistic experience in the book.,D5G,9,medium,Non-Past,Affirmative
COM_P2_D4C_S1_B3_997,चु दृष्यदा रोइबारि क्योल्बा याक्खार्गि बार्बु चुनोन प्रिबा ब्रेल्बि ग्रेन ब्यानर हिन्ना।,यो दृष्यलाई छोप्न प्रयोग गरिएको एउटा सामग्री यही पर्व सम्बन्धी ठूलो ब्यानर हो।,One of the materials used to cover this scene is a large banner related to this festival.,D4C,13,medium,Non-Past,Affirmative
COM_D3E_S4_3469,तासाइ दारेम फायरफक्स मिनला ब्राउजर चुदा टक्कर पिन्बा तयारीरि मुला।,तर अब फायरफक्स नामक ब्राउजर यसलाई टक्कर दिने तयारीमा लागेको छ।,But now a browser called Firefox is preparing to compete with it.,D3E,11,medium,Non-Past,Affirmative
D1A_S0_B2_4,चुसे स्योङ नोन  ख्युर्छ्या ताबा मुला।,यसले खोला पनि संरक्षण भएको छ।,This has also protected the river.,D1A,6,short,Non-Past,Affirmative
COM_D2H_S1_S2_5477,"सूर्तिरि ताबा हानिकारक निकोटिन ओसेम चुरोटरी ताबा टार, कार्बनमोनोअक्साइड, साएनाइड ह्राङ्बा पदार्थसे क्यान्सर राङ्बा घातक नोइ ङ्योइबा चिकिस्तककादेला पाङ्बा मुला।","सूर्तिमा हुने हानिकारक निकोटिन तथा चुरोटमा हुने टार, कार्बनमोनोअक्साइड, साएनाइड जस्ता पदार्थले क्यान्सर जस्तो घातक रोग निम्त्याउने चिकिस्तकहरूको भनाइ छ।","Doctors say that the harmful nicotine in tobacco and substances like tar, carbon monoxide, and cyanide in cigarettes cause deadly diseases like cancer.",D2H,20,long,Non-Past,Affirmative
COM_D2H_S3_4424,रिह्युम: यदि कोला म्हेर्बारि रेसि तिख्याङरिन ब्रामुला बिसाम चु तोसोला नाछोत म्राङ्साम चुला ह्रेवा लाबारि खाम्ला।,रिह्युमःयदि बच्चा निद्रामा उठेर ओछ्यान मै हिँडेन गर्दछ भने यस किसिम को लक्षण देखिएमा यसको व्यवहार गर्न सकिन्छ।,"Rheumatism: If a child wakes up in their sleep and does not move around in bed, this type of symptom can be treated.",D2H,18,long,Non-Past,Affirmative
COM_D2H_S1_S2_4740,थेसे चिकित्सककादेला ह्रेवा सुधार तादोसेला थेन अस्पतालदा ह्राङला आसेपासेला भर्ती केन्द्र स्होबारि आताबा पाङ्जि।,उनले चिकित्सकहरूको व्यवहार सुधार हुनुपर्ने र अस्पताललाई आफ्ना आसेपासेको भर्ती केन्द्र बनाउन नहुने बताए।,He said that the behavior of doctors should be improved and that hospitals should not be made a recruitment center for their associates.,D2H,14,medium,Past,Affirmative
D1A_S0_B1_2313,सानाम अवशेष बुरि ख्राङ्साम सार ताबाला छ्यामरि बुलुङनोन सिबा गलत धारणा नोन मुबा थेसे पाङ्जि।,कृषि अवशेष खेतमा जलाएमा मल बन्नुका साथै कीरासमेत मर्ने गलत धारणा पनि रहेको उनले बताए।,He said that there is a misconception that burning agricultural residues in the fields will not only turn them into fertilizer but will also kill insects.,D1A,15,medium,Past,Affirmative
COM_P2_D4C_S1_B1_3061,सामुदायिक ह्रिन्हाङरि मुबा स्रोतसाधनला ङोसेबा लासि लाभ किन्बारि उपभोक्ता दाछोकला ह्रोमिदा थेला म्होइजेन मुला।,सामुदायिक वनभित्र भएका स्रोतसाधनको पहिचान गरी लाभ लिन उपभोक्ता समितिका सदस्यलाई उनको आग्रह छ।,He urges the members of the user committee to identify and benefit from the resources within the community forest.,D4C,14,medium,Non-Past,Affirmative
P2_D1A_S0_B1_3634,ग्यागारह्युलकि प्याजला साइ मुथुर्मा हेन्से उद्योग वाणिज्य ओसेम आपूर्ति ब्लोनखाङसे ग्यानकह्युलग्याम प्याज बाबारि छोङनाम्पा छ्याम काठुइ लाबा मुबा।,भारतीय प्याजको मूल्य आकाशिएपछि उद्योग वाणिज्य तथा आपूर्ति मन्त्रालयले चीनबाट प्याज ल्याउन व्यवसायीसँग छलफल गरेको थियो।,"After the price of Indian onions skyrocketed, the Ministry of Industry, Commerce and Supplies held discussions with businessmen to import onions from China.",D1A,16,long,Past,Affirmative
COM_P2_D3E_S3_114,कम्पनीसे दात्ते ग्राहकला पासकोड रिसेट लाबा पाङ्बा मुला।,कम्पनीले अहिले ग्राहकको पासकोड रिसेट गरेको बताएको छ।,The company said it has now reset the customer's passcode.,D3E,8,medium,Non-Past,Affirmative
COM_D4C_S1_S2_7371,१२ दिङ दाङ्सेरि कुम्भ मेलाला स्रुग किन्बा चु मेलाला प्रछेप लिच्छवी ग्ले मानदेवग्याम ति:बा विश्वास लामुला।,हरेक १२ वर्षमा कुम्भ मेलाको रूप लिने यो मेलाको प्रचलन लिच्छवी राजा मानदेवबाट प्रारम्भ भएको विश्वास गरिन्छ।,"The tradition of this fair, which takes the form of the Kumbh Mela every 12 years, is believed to have begun with the Lichchhavi King Mandev.",D4C,17,long,Non-Past,Affirmative
COM_P2_D2H_S1_8830,ऊर्जा खपतला साइ हिसाब लामा न्होरकि काम्रा जे आताना वातावरणरि ताबा नोत्पा थेन ल्हुइथाङ काक्तादा सुत्ताइ थुइसि लातोमुला।,ऊर्जा खपतको मूल्य हिसाब गर्दा आर्थिक खर्च मात्र नभई वातावरणमा पारेको असर र स्वास्थ्य समस्यालाई समेत जोडेर गर्नुपर्छ।,"When calculating the cost of energy consumption, it is important to consider not only the financial cost but also the impact on the environment and health problems.",D2H,18,long,Non-Past,Affirmative
D4S_S1_5679,न्हिनोन कोलासे एमाले पार्टी गेदिम च्यासलरि दोसि आपादा थुम्ता दुङाल प्रसाल्जि।,दुवै छोराले एमाले पार्टी कार्यालय च्यासलमा पुगेर बुबालाई अन्तिम श्रद्धाञ्जली अर्पण गरे।,Both sons reached the UML party office in Chyasal and paid their last respects to their father.,D4C,12,medium,Past,Affirmative
P3_D1A_S0_B2_2237,"दान्दे दोःना स्याङ्बारि मुबा तासाइ ह्युलला  तोङ्जान सानाम्पाला दिमरि ह्राङह्युल ट्रयाक्टर, पावर टिलर तामुबा। ","अहिलेसम्म सञ्चालनमा भएको भए देशका हजारौँ किसानका घरमा स्वदेशी ट्रयाक्टर, पावर टिलर हुन्थ्यो।","If it had been in operation by now, thousands of farmers in the country would have indigenous tractors and power tillers in their homes.",D1A,13,medium,Past,Affirmative
COM_D3E_S1_S2_4269,निबा दिङ नोन बेनान नुररि ग्रेड ल्हेना लाबा दुइसाङ पिन्बा मुबा ।,गत वर्ष पनि सबै विषयमा ग्रेड वृद्धिको अवसर दिइएको थियो।,"Last year, the opportunity to increase grades was given in all subjects.",D3E,10,medium,Past,Affirmative
D1A_S0_B2_4055,चु दिङ तोङ्जा ५६ से ९५२ हेक्टर सुन रोपाइँ थुम च्याङ्बा आन्मान मुबा विभागला उपमहा काठाक्पा अरूण काफ्लेसे पाङ्मुला।,यो वर्ष ५६ हजार ९५२ हेक्टर धान रोपाइँ क्षेत्र घट्ने अनुमान रहेको विभागका उपमहा निर्देशक अरूण काफ्ले बताउँछन्।,"Arun Kafle, Deputy Director General of the department, says that the rice planting area is expected to decrease by 56 thousand 952 hectares this year.",D1A,18,long,Non-Past,Affirmative
P2_D1A_S0_B1_1023,तिलाइ रे हेन्से नाम्सि क्योङस्रुगरि आठोङ्बा दुइरि लोङसिलोङसि सुन थाबा सानाम्पादा नामसे लोतु ताबा मुला।,केही दिनदेखि मौसम पूर्ण रूपमा नखुलेका बेला डराइडराई धान काटेका किसानलाई वर्षाले निराश पारेको छ।,The rain has disappointed farmers who have been harvesting rice in panic for several days despite the weather not fully clearing.,D1A,15,medium,Non-Past,Affirmative
P2_D1A_S0_B2_1977,थेस्हेलामा सानामरि क्रान्तिकारी पोवा लाबा हिन्ना बिसि सानाम गेग्याम च्याङ्ना बचत तामुला बिबा प्रत्याभूति सानाम्पादा पिन्तोबा मुला।,त्यसैले कृषिमा क्रान्तिकारी परिवर्तन गर्ने हो भने कृषि कामबाट न्यूनतम बचत हुन्छ भन्ने प्रत्याभूति किसानलाई दिनैपर्छ।,"Therefore, if we are to bring about revolutionary changes in agriculture, we must guarantee farmers that they will achieve minimum savings from agricultural work.",D1A,16,long,Non-Past,Affirmative
COM_P2_D4C_S1_B2_1555,जोङ थेन जोङफिर्ग्यापला भक्तजनकादे मनोकामना पूरा लाबाला लागिरि पूजा लाबारि खामुला।,जिल्ला र जिल्लाबाहिरका भक्तजनहरू मनोकामना पूरा गर्नका लागि पूजा गर्न आउँछन्।,Devotees from within and outside the district come to worship to fulfill their wishes.,D4C,11,medium,Non-Past,Affirmative
COM_P3_D3E_S1_12730,थे आन्सार गाइड लासाम थे लोप्खेनसे चमत्कारी लाबारि खाम्ला बिबा नोन बोध ताजि।,त्योअनुसार गाइड गरेमा त्यो विद्यार्थीले चमत्कार गर्न सक्छ भन्ने पनि बोध भयो।,"I also realized that if guided accordingly, that student could perform miracles.",D3E,12,medium,Past,Affirmative
D4S_S1_4541,"गिक्छा छ्यारि झल्लु महासेठ, सुबन्त, मुकुन्द थेन मणि महासेठला मिनरि निमकोबाला मुबा।","पहिलो चरणमा झल्लु महासेठ, सुबन्त, मुकुन्द र मणि महासेठको नाममा नामसारी भएको थियो।","In the first phase, the names were transferred to Jhallu Mahaseth, Subanta, Mukunda, and Mani Mahaseth.",D4C,13,medium,Past,Affirmative
COM_D5G_S4_882,चुसे एला ल्हुइरि खाराङलासि पोबा बाबा याङ्स्ह्युजि  ?,यसले तपाईँको जीवनमा कसरी परिवर्तन ल्याएको पाउनुभयो?,How have you found this to have changed your life?,D5G,7,short,Past,Affirmative
D1A_S0_B1_2712,काम्रा थासि तिदिङरि सिका बुम सोम ते खेबि ताबालिच्छा चुदेदुइरि थे दङ्ग मुला।,खर्च कटाएर एक वर्षमा रु तीन लाख जति आम्दानी भएपछि यतिखेर उनि दङ्ग छिन्।,She is currently amazed to have earned around Rs. three lakh in a year after cutting expenses.,D1A,14,medium,Non-Past,Affirmative
D1A_S0_B1_821,चु ताम ङानिदा था आरे।,यो कुरा हामीलाई थाहै छैन।,We don't know this.,D1A,5,short,Non-Past,Negative
P4_D1A_S1_B2_3390,"ग्युइ उइला ग्रेन्पो राम जुगन यादवसे पाङ्जि, थेग्याम तोङ्जा गिक ग्यार्जा निससे ४७ टन साङा उत्पादन ताबा लामुला।","ज्ञान केन्द्रका प्रमुख राम जुगन यादवले भने, त्यसबाट एक हजार सात सय ४७ टन कोदो उत्पादन हुने गरेको छ।","Ram Jugan Yadav, head of the Knowledge Center, said that one thousand seven hundred 47 tons of millet is produced from it.",D1A,19,long,Non-Past,Affirmative
D1A_S0_B2_2130,बजाररि छोङ्पोसे ग्यागारह्युलला बान्डा सस्तोरि खासिचिबा मुला बिबान ङानिला बान्डा किन्बारि म्हान्बा आरे।,बजारमा व्यापारीले भारतीय गोलभेँडा सस्तोमा आइरहेको छ भन्दै हाम्रो गोलभेँडा लिन मानिरहेका छैनन्।,"Traders in the market are refusing to buy our tomatoes, saying that Indian tomatoes are cheaper.",D1A,13,medium,Non-Past,Negative
COM_D5G_S5_855,खाइमा याखारगिन तामा भीडरि तासि चिबाताला।,कहिले एक्लै हुँदा भीडमा भइरहेको हुन्छ।,Sometimes it happens in a crowd when you're alone.,D5G,6,short,Non-Past,Affirmative
COM_P2_D5G_S4_200,व्यक्तिगत योजना खासनोन स्होबा आरे।,व्यक्तिगत योजना खासै बनाएको छैन।,I haven't made much of a personal plan.,D5G,5,short,Non-Past,Negative
COM_D3E_S4_3188,हाइस्पिड इन्टरनेट उपलब्ध लाबा ह्युलगुङरि बेनानबिमा ङाच्छा लोकि कोरिया ताबा मुला।,हाईस्पिड इन्टरनेट उपलब्ध गराउने मुलुकमध्ये सबैभन्दा अगाडि दक्षिण कोरिया परेको छ।,South Korea is at the forefront of countries providing high-speed internet.,D3E,11,medium,Non-Past,Affirmative
D4S_S2_6968,फिच्चा छोङखाङसे ह्राङसे ब्याट्रीला ध्रुव न्हिरि तार थुइसिआपिन्बा थेन थे बापत सिका ङा आयाङ्बा बयान पिन्बा मुबा।,उक्त पसलेले आफूले ब्याट्रीका दुई ध्रुवमा तार नजोडिदिएको र त्यस बापत पाँच रूपैयाँ नपाएको बयान दिएका थिए।,The shopkeeper stated that he did not connect the wires to the two poles of the battery and did not receive five rupees for it.,D4C,17,long,Past,Affirmative
COM_D2H_S1_S2_3120,चु ङाच्छा हेन्से नोन सप्तरिला तिलाठी कोईलाडी नाकरि हेल्प डेक्स स्थापना लाबा मुला।,यसअघिदेखि नै सप्तरीको तिलाठी कोईलाडी नाकामा हेल्प डेक्स स्थापना गरिएकाे छ।,A help desk has already been set up at the Tilathi Koiladi checkpoint in Saptari.,D2H,11,medium,Non-Past,Affirmative
COM_P2_D5G_S2_8435,खालाइदा हानि लाबा खालला म्हि आरेबासे थेदा थेरिन ख्लासि अधिकारीकादेसे लेङ्बा गे जिन्नालाजि।,कसैलाई हानि गर्ने खालको व्यक्ति नभएकोले उसलाई त्यहीँ छाडेर अधिकारीहरूले बाँकी काम सकाए।,"Since he was not someone who would harm anyone, the authorities left him there and did the rest.",D5G,13,medium,Past,Affirmative
COM_P2_D2H_S5_5288,अस्पतालला कार्यकारी काठाक्पा प्रा.डा. जागेश्वर गौतमसे अस्पतालरि दिनदाङ्से ६६ म्रिङ्मा सुत्केरी ताबा लाबा ग्रानाङ पिन्जि।,अस्पतालका कार्यकारी निर्देशक प्रा.डा. जागेश्वर गौतमले अस्पतालमा दैनिक ६६ महिला सुत्केरी हुने गरेका जानकारी दिए।,"Executive Director of the hospital, Prof. Dr. Jageshwor Gautam, informed that 66 women give birth at the hospital daily.",D2H,15,medium,Past,Affirmative
COM_D3E_S1_S2_310,स्ह्युसेन फाराम भरतिबारि गेक्खे लोप्खेनला ग्यार्जा ङ्हा ल्हागतिसेला मुला।,आवेदन फारम भर्न प्रतिविद्यार्थी पाँच सय रूपैयाँ लाग्नेछ।,The application form will cost five hundred rupees per student.,D3E,8,medium,Non-Past,Affirmative
COM_D2H_S1_S2_1561,पर्सारि क्योङ खोपयुक्त गेताङ २०७३ दुगुग्याम तिःबाला मुबा।,पर्सामा पूर्ण खोपयुक्त कार्यक्रम २०७३ वैशाखबाट थालिएको थियो।,The full vaccination program in Parsa was launched in April 2016.,D2H,8,medium,Past,Affirmative
COM_D2H_S3_865,म्हेन्दो गिकला जेक्खे क्योन्बासे यौननोइ खाइमाइ फान्बा आतामुला।,एक जनाको मात्र उपचारले यौनरोग कहिल्यै निको हुँदैन।,Sexually transmitted diseases can never be cured by treating just one person.,D2H,8,medium,Non-Past,Negative
P3_D5G_S1_B2_1278,"स्हुखाबा, आक्युइबा तिका मुला ?","नदुख्ने, नटुट्ने के छ?",What is there that doesn't hurt or break?,D5G,4,short,Non-Past,Affirmative
COM_D4C_S1_S2_6689,"पाथीभरा ज्योइल्हामरि मुबा तोच्चा गाङटारि ज्योमोगाङकि होटल स्याङ् सिचिबा घिमिरे पाङ्मुला, पाथीभरा दोबालिच्छा ह्राङसे म्हान्बा पूरा ताबा बिबा विश्वास मुला।","पाथीभरा पदमार्गस्थित माथिल्लो फेदीमा हिमाली होटल सञ्चालन गरिरहेकी घिमिरे भन्छिन्, पाथीभरा पुगेपछि आफूले चिताएको पूरा हुन्छ भन्ने विश्वास छ।","Ghimire, who runs a Himalayan hotel at the upper foot of the Pathibhara trekking route, says she believes that her dreams will come true after reaching Pathibhara.",D4C,19,long,Non-Past,Affirmative
COM_D4C_S1_S2_3211,ज्योस्हेङदिमरि सर्जककादे खासि सिर्जना लाबारि खाम्बा डिछ्या लाबा मुला।,कलाघरमा सर्जकहरू आएर सिर्जना गर्न सक्ने व्यवस्था गरिएको छ।,Arrangements have been made for creators to come and create in the art gallery.,D4C,9,medium,Non-Past,Affirmative
D1A_S0_B1_399,मोकोन खु सास्हिङरि मग्न मुला।,सबै तरकारी खेतीमा मग्न छन्।,Everyone is busy with vegetable farming.,D1A,5,short,Non-Past,Affirmative
COM_D3E_S1_S2_845,"मौका डिक्मा रेसपि, लेबल, क्याप्सन राङ्बा डोपुङ्गे।","मौका मिल्दा रेसपि, लेबल, क्याप्सन आदि पढ्न लागाऔँ।","When you get a chance, start reading recipes, labels, captions, etc.",D3E,8,medium,Past,Affirmative
COM_P2_D3E_S3_4885,चुङाच्छा गुगल थेन अमेजन राङ्बा ग्रेन कम्पनीकादेसे नोन कर्मचारी ब्याङ्बा मुबा।,यसअघि गुगल र अमेजन जस्ता ठूला कम्पनीहरूले पनि कर्मचारी हटाएका थिए।,"Previously, large companies like Google and Amazon had also laid off employees.",D3E,11,medium,Past,Affirmative
COM_D3E_S3_1973,लोप्खेनकादे उच्च ग्युइसेर खेडोबला लागि फिह्युलनिबारि बाध्य ताबा मुबा।,विद्यार्थीहरू उच्च शिक्षा अध्ययनका लागि विदेशिन बाध्य भएका थिए।,Students were forced to go abroad for higher education.,D3E,9,medium,Past,Affirmative
COM_D3E_S4_3322,प्रोसेसर ल्हाना दुदुमला तामा ल्हाना गे लामा नोन मोबाइल लेप्पा लामुला।,प्रोसेसर बढी क्षमताको हुँदा धेरै काम गर्दा पनि मोबाइल तात्ने गर्छ।,"Because the processor is more powerful, the mobile heats up even when doing a lot of work.",D3E,11,medium,Non-Past,Affirmative
D1A_S0_B3_296,चुस्पान सानाम्पादा प्रोत्साहन लाबाला लागिरि सरकारसे पिन्बा जेः वास्तविक सानाम्पासे याङ्बारि आखाम्बा थेला ब्रेस्सो मुला।,यस्तै किसानलाई प्रोत्साहन गर्नका लागि सरकारले दिने अनुदान वास्तविक किसानले पाउन नसकेको उनको गुनासो छ।,"Similarly, he complains that actual farmers are not receiving the subsidies provided by the government to encourage farmers.",D1A,15,medium,Non-Past,Affirmative
COM_P2_D4C_S1_B2_1553,थेला जाकादे मनिन्द्रप्रसाद बज्राचार्य थेन दीपेन्द्रप्रसाद बज्राचार्यसे ह्रोलासिचिबा मुला।,उनका छोराहरू मनिन्द्रप्रसाद बज्राचार्य र दीपेन्द्रप्रसाद बज्राचार्यले सघाइरहेछन्।,His sons Manindra Prasad Bajracharya and Dipendra Prasad Bajracharya are helping him.,D4C,8,medium,Non-Past,Affirmative
COM_D2H_S1_S2_4170,थोबो ल्हिसि स्हु खासाम तत्काल क्युइ थुङदोबा थेन १० मिनेटला फरकरि च्याङ्ना तिगाइ चातोबा।,टाउको गह्रौँ भएर दुःखेमा तत्काल पानी पिउने र १० मिनेटको फरकमा थोरै केही खाने।,"If you feel dizzy or lightheaded, drink water immediately and eat something small every 10 minutes.",D2H,14,medium,Non-Past,Affirmative
COM_P2_D4C_S1_B2_3631,टोड्के ङामलान सिद्ध सामुदायिक ह्रिरि उद्यान स्हेङ्बाला मुला।,टोड्के नजिकैको सिद्ध सामुदायिक वनमा उद्यान निर्माण गरिएको छ।,A garden has been constructed in the Siddha Community Forest near Todke.,D4C,9,medium,Non-Past,Affirmative
P3_D1A_S0_B3_35,न्हाङ्गारला दिन म्हेन्दोला पोवा उत्पादन लाबा योजना मुला।,भोलिका दिनमा फूलका बिरुवा उत्पादन गर्ने योजना छ।,There are plans to produce flower seedlings in the future.,D1A,8,medium,Non-Past,Affirmative
COM_D3E_S4_1603,ग्यानाकह्युलग्याम भौगोलिक गाकाङाल थेन छोङनामकि ङ्यान्दिसे ब्यान्डविथ आयात खासनोन आरे।,चीनबाट भौगोलिक जटिलता र व्यावसायिक कारणले व्यान्डविथ आयात खासै छैन।,There is not much bandwidth import from China due to geographical complexity and commercial reasons.,D3E,10,medium,Non-Past,Negative
COM_P2_D4C_S1_B4_773,डिछ्याबाकि तिलोदा उच्च प्राथमिकतारि थान्बा थेन ज्याल्बा भक्तजनदा सहज स्होबारि मोक्कोन ध्यान उइक्यु लाबा मुला।,व्यवस्थापकीय पक्षलाई उच्च प्राथमिकता र दर्शनार्थी भक्तजनलाई सहज बनाउन सम्पूर्ण ध्यान केन्द्रित गरेका छौँ।,We have given high priority to the management aspect and focused our full attention on making it easy for the visiting devotees.,D4C,14,medium,Non-Past,Affirmative
COM_P3_D3E_S1_22441,क्याम्पसला संस्थापक ख्युर्छ्यापा सुश्री मैयादेवी श्रेष्ठ मुबा मुला।,क्याम्पसको संस्थापक संरक्षक सुश्री मैयादेवी श्रेष्ठ रहेका छन्।,The founding patron of the campus is Ms. Maiyadevi Shrestha.,D3E,8,medium,Non-Past,Affirmative
COM_P2_D2H_S2_1437,गोल्छेसेन फो एन स्हुखाबारि तिःजि।,बिस्तारै पेट पनि दुख्न थाल्यो।,"Gradually, my stomach also started to hurt.",D2H,5,short,Past,Affirmative
COM_P2_D4C_S1_B1_3165,नाम आताइमा चुला स्थानीय युङ्बा ह्राप्सि क्युइ युबा लामुला।,पानी नपर्दा यहाँका स्थानीय ढुङ्गा बजाएर पानी डाक्ने गर्छन्।,"When there is no rain, the locals here use stones to attract water.",D4C,9,medium,Non-Past,Affirmative
COM_P2_D5G_S1_4387,तासाइ दसैँरि बिसाम थेला सेम गोर्कि तमासला दोइ तासि खाला।,तर दसैँमा भने उनको मन एक तमासको भारी भएर आउँछ।,"But during Dashain, his mind is filled with a sense of wonder.",D5G,10,medium,Non-Past,Affirmative
P2_D1A_S0_B2_679,थेस्हेलामा सास्हिङ लाबा चुदेला दिङ तासाइनोन जिन्दगी खान्दामानला थेनोन मुला।,त्यसैले खेती गरेको यत्तिका वर्ष भए पनि जिन्दगी जहाँको त्यहीं नै छ।,"So, even after so many years of farming, life is still the same.",D1A,12,medium,Non-Past,Affirmative
COM_D5G_S6_1189,"स्यान ताम, ङोसेबाला दान जातीय जेन आता।","अर्को कुरा, पहिचानको आधार जातीय मात्रै हुँदैन।",Another thing is that identity is not based solely on ethnicity.,D5G,7,short,Non-Past,Negative
P2_D1A_S0_B1_828,ङाच्छा न्हेला साइ तोक्दिमा सानाम्पा थेन उपभोक्तासे तोक्दिमुबा।,पहिला दूधको मूल्य तोक्दा किसान र उपभोक्ताको तोकिन्थ्यो।,"Previously, when milk prices were set, they were set for farmers and consumers.",D1A,8,medium,Past,Affirmative
P3_D1A_S0_B2_1498,सात्तान राङ चु दिङ नोन सुन दिङ्कि दाङ्बान मुला।,सधैँ झैँ यो वर्ष पनि धान दिवस मनाइएको छ।,"As always, Paddy Day has been celebrated this year too.",D1A,9,medium,Non-Past,Affirmative
COM_P2_D3E_S1_3142,"लोप्खेनजुगुला द्हाम्बा आन्सार मनोरञ्जनला लागिरि व्हाइ, व्हाइरिम नोन ह्राप्पा लाबा मुला।","विद्यार्थीहरूको रुचि अनुसार मनोरन्जनका लागि गीत, सँगीत पनि बजाउने गरिएको छ।",Songs and music are also played for entertainment according to the students' interests.,D3E,11,medium,Non-Past,Affirmative
COM_D4C_S1_S2_2673,मेलारि बोकिन्बाला लागिरि सुत्ताइ दाछोकसे बेनान भक्तजनरि मोइजेन लाबा मुला।,मेलामा सहभागिताका लागिसमेत समितिले सबै भक्तजनमा अनुरोध गरेको छ।,The committee has also requested all devotees to participate in the fair.,D4C,9,medium,Non-Past,Affirmative
COM_P3_D3E_S1_10524,"लोप्खाङ थेन सार्वजनिक दिमग्रेन जेक्खेन आहिन, म्हिला दिमकादे सुत्ताइ खण्डहरताजि।","स्कुल र सार्वजनिक भवन मात्रै होइन, मान्छेका घरहरू समेत खण्डहर बने।","Not only schools and public buildings, but even people's homes were destroyed.",D3E,11,medium,Non-Past,Affirmative
COM_D3E_S1_S2_3706,"ह्राङ्निसे छार पुस्तादा याकाङ ख्रुबारि, छिन थाबारि थेन या ख्रुसि कान चाबारि लोप्चिबा खत्रीसे पाङ्जि। ","आफूहरूले नयाँ पुस्तालाई हातखुट्टा धुन, नङ काट्न र हात धोएर खाना खान सिकाइरहेको खत्रीले बताए।","Khatri said that they are teaching the new generation to wash their hands and feet, cut their nails, and wash their hands before eating.",D3E,15,medium,Past,Affirmative
COM_D5G_S3_3858,याम्बु ग्यासा जाम्बुलिङला म्हिला निम्ति गोर्कि ग्रेन आकर्षण ताबारि खाम्सेला।,काठमाडौँ सहर संसारका मानिसका निम्ति एउटा ठूलो आकर्षण हुन सक्थ्यो।,Kathmandu city could have been a great attraction for people around the world.,D5G,10,medium,Past,Affirmative
COM_D4C_S1_S2_2549,केसीसे कोरा लाबा नुर चिनियाँ ह्युलकोरपा न्हाङरि नोन चर्चित ताबा मुला।,केसीले कोरा गरेको विषय चिनियाँ पर्यटकमाझ पनि चर्चित बनेको छ।,The topic raised by KC has also become popular among Chinese tourists.,D4C,10,medium,Non-Past,Affirmative
COM_P2_D2H_S1_5487,"ऊहानरि कोभिड १९ ग्याम गिक्छा सिबा ११ जनवरी, २०२० रि तेःबारि खाजि।","ऊहानमा कोभिड–१९ बाट पहिलो मृत्यु ११ जनवरी, २०२० मा प्रकाशमा आयो।","The first death from COVID-19 in Wuhan was reported on January 11, 2020.",D2H,11,medium,Past,Affirmative
COM_P2_D5G_S4_2609,चेमारि तिलाइ गेल्बाख्योल्बा नोन मुला।,नाटकमा केही कमीकमजोरी पनि छन्।,There are some shortcomings in the play.,D5G,5,short,Non-Past,Affirmative
COM_P2_D3E_S3_485,जाम्बुलिङला छ्योआछ्यो ९० कार्ग्या सर्भररि लिनक्स थान्बा तामुला।,संसारका लगभग ९० प्रतिशत सर्भरमा लिनक्स राखिएको हुन्छ।,About 90 percent of the world's servers run Linux.,D3E,8,medium,Non-Past,Affirmative
COM_D4C_S1_S2_7592,"ग्याग्यालामरि ल्हाम लामा दुःबा साल्बा ग्लाला स्रुगरि फेल्गेबा ताचिबा मुजिम, अवस्थीसे पाङ्ज, चु ग्लाला अझ प्रचारप्रसार लाबाला लागिरि बेनानसे ह्रोछ्या लातोला।","राजमार्गमा यात्रा गर्दा थकाइ मार्ने स्थानको रूपमा विकास भइरहेको रहेछ, अवस्थीले भने, यस ठाउँको अझ प्रचारप्रसार गर्नका लागि सबैले सहयोग गर्नुपर्छ।","Awasthi said that it is developing as a place to relieve fatigue while traveling on the highway, and everyone should help to further promote this place.",D4C,21,very long,Non-Past,Affirmative
COM_P2_D2H_S3_5438,दात्तेला नाछालरि फिच्चा तिख्याङ तिनिन प्लिङ्बा ह्राङ्बा म्राङ्बा डा. पौडेलसे पाङ्स्ह्युजि।,अहिलेको अवस्थामा उक्त शय्या आजै भरिनेजस्तो देखिएको डा. पौडेलले बताउनुभयो।,"In the current situation, it looks like the bed will be filled today, Dr. Poudel said.",D2H,10,medium,Past,Affirmative
COM_D2H_S1_S2_297,क्योन्बा गाइसि तिःबा ङ्यान्दि थेला ल्हुइ निजि।,उपचार ढिला सुरु गरेका कारण उनको ज्यान गयो।,He died due to delayed treatment.,D2H,8,medium,Past,Affirmative
D4S_S1_6339,सामुदायिक ह्रिरि तारबार लासि छाडा सेमचेनसेमचेन थान्बा थेन दाङ्से दिमग्याम लारि गिक ग्यार्जा टाङ्गा रूप्सि हेरालु थान्बा आप्ता ताबा मुबा।,सामुदायिक वनमा तारबार गरेर छाडा पशुचौपाया राख्ने र हरेक घरबाट महिनामा एक सय रूपैयाँ उठाएर हेरालु राख्ने निर्णय भएको थियो।,"It was decided to fence off the community forest, keep free-ranging livestock, and collect one hundred rupees a month from each household to keep watch over it.",D4C,20,long,Past,Affirmative
COM_D3E_S1_S2_5969,"थेह्राङ्नोनलासि, नेपालरि अनलाइन लोप्डाला लागि शैक्षिक, भौतिक पुर्वाधार स्हेङ्बा ओसेम इन्टरनेटला पुर्वाधार स्हासिआजिन्बा सन्दर्भरि अनलाइन लोप्डादा जेक्खे विकल्पला स्ह्रुगरि किन्बा स्यान्दो कमजोरी मुबा । ","त्यसैगरी, नेपालमा अनलाइन कक्षाको लागि शैक्षिक, भौतिक पूर्वाधार निर्माण तथा इन्टरनेटको पूर्वाधार नबनिसकेको सन्दर्भमा अनलाइन कक्षालाई मात्र विकल्पको रूपमा लिनु अर्को कमजोरी थियो।","Similarly, considering online classes as the only option in a context where educational, physical infrastructure, and internet infrastructure for online classes have not been built in Nepal was another weakness.",D3E,23,very long,Past,Affirmative
P3_D5G_S2_B2_827,केवानाङला दुङाल गोर्कि सर्कोसे बोर्मुला।,जीवनभरिको दुःख एक सर्कोले लैजान्छ।,A lifetime of sorrow can be taken away by a single stroke.,D5G,5,short,Non-Past,Affirmative
COM_D2H_S3_2972,बुटवल अस्पतालरि कोरोना च्यालाङ्पासे स्यासिचिबा भिडियो रीयासे नोन खिच्तिबा मुबा।,बुटवल अस्पतालमा कोरोना सङ्क्रमितले नृत्य गरिरहेको भिडियो रीयाले नै खिचेकी थिइन्।,Riya herself filmed the video of a COVID-19 patient dancing at Butwal Hospital.,D2H,11,medium,Past,Affirmative
COM_D5G_S3_1114,ल्हानान ताजि थेसे म्हेनिङ आदाङ्बा।,निकै भो उस्ले दशैँ नमनाएको।,It's been a long time since he celebrated Dashain.,D5G,5,short,Past,Affirmative
D1A_S0_B2_1392,मिक्वाखोला गाउँपालिका–५ लोदेन थुमला तेन्जिङनुपु शेर्पा दान्दे चौँरीगोठरि चौँरी स्याहारदिबारि  व्यस्त मुला।,मिक्वाखोला गाउँपालिका–५ लोदेन क्षेत्रका तेन्जिङनुपु शेर्पा अहिले चौँरीगोठमा चौँरी स्याहार्नमा व्यस्त छन्।,Tenzingnupu Sherpa of the Loden area of ​​Mikwakhola Rural Municipality-5 is currently busy caring for goats at the goat farm.,D1A,12,medium,Non-Past,Affirmative
P3_D1A_S0_B1_656,चुरि निबा दिङ हेन्से सुन्तला सुबारि तिःबा मुला।,यहाँ गत वर्षदेखि सुन्तला लगाउन थालिएको हो।,Oranges have been planted here since last year.,D1A,7,short,Non-Past,Affirmative
P2_D1A_S0_B1_820,मार्सी जुम्लारि जे उत्पादन ताबा लामुला।,मार्सी जुम्लामा मात्र उत्पादन हुने गरेको छ।,Marsi is produced only in Jumla.,D1A,7,short,Non-Past,Affirmative
COM_D2H_S1_S2_2493,अभियानरि गोर ग्यार्जा गिकसे २१ ल्हुइथाङ्बागेपा थेन गोर ग्यार्जा निससे ९६ स्वयंसेवक परिचालन ताबा मुला।,अभियानमा एक सय २१ जना स्वास्थ्यकर्मी र सात सय ९६ जना स्वयंसेवक परिचालन भएका छन्।,One hundred and twenty-one health workers and seven hundred and ninety-six volunteers have been mobilized for the campaign.,D2H,15,medium,Non-Past,Affirmative
COM_D5G_S1_S2_851,डान्बारि थेनि रेकादे रिलह्राङ स्यासिखामुला।,सम्झनामा ती दिनहरू रिल झै घुमेर आउँछन्।,Those days come back to me like a reel.,D5G,7,short,Non-Past,Affirmative
COM_D2H_S1_S2_4745,देश सङ्घीयतारि निबालिच्छा केन्द्ररि तोङ्जा १ ग्यार्जा ४ से १८ जना ल्हुइथाङपा समायोजन ताबा मुबा।,देश सङ्घीयतामा गएपछि केन्द्रमा १ हजार ४१८ जना स्वास्थ्यकर्मी समायोजन भएका थिए।,"After the country transitioned to federalism, 1,418 health workers were integrated into the center.",D2H,12,medium,Past,Affirmative
COM_P2_D5G_S1_7815,दिमरि क्यान्सर वाङ्बालिच्छा चुला सामनालाबारि विकल्प नोन मि आरे।,घरमा क्यान्सर छिरेपछि त्यसको सामना गर्नुको विकल्प पनि त छैन।,"Once cancer enters the home, there is no choice but to face it.",D5G,10,medium,Non-Past,Negative
COM_P2_D3E_S1_4330,कारबाही लाबालिच्छा विश्वविद्यालयन्हाङरिन पुनरावेदन  लाबारि म्याङ्बा ठिमकि प्रावधान मुला।,कारबाही गरेपछि विश्वविद्यालयभित्रै पुनरावेदन गर्न पाउने कानुनी प्रावधान छ।,There is a legal provision to appeal within the university after taking action.,D3E,9,medium,Non-Past,Affirmative
COM_D2H_S1_S2_5728,खोपप्रतिला सही ग्रा पिन्बारि आखाम्बा ङ्यान्दि एसियाली ह्युलकादेरि कोरोना लिसोला भ्याक्सिनेसन अभियान गाइबा ताजिबा डा. रिकोला पाङ्बा मुला।,खोपप्रतिको सही सूचना प्रदान गर्न नसकेका कारण एसियाली मुलुकहरूमा कोरोनाविरुद्धको भ्याक्सिनेसन अभियान ढिलाइ भइरहेको डा. रिकोको भनाइ छ।,Dr. Rico says that the COVID-19 vaccination campaign in Asian countries is being delayed due to the failure to provide accurate information about the vaccine.,D2H,18,long,Non-Past,Affirmative
D1A_S0_B2_280,न्हे सस्तोरि चुङ्दोबा मुला।,दूध सस्तोमा बेच्नुपर्छ।,Milk should be sold cheaply.,D1A,3,short,Non-Past,Affirmative
COM_D3E_S4_781,सरकारसे मिडिया साक्षरता अभियान स्याङ्बा पाङ्बा मुला।,सरकारले मिडिया साक्षरता अभियान सञ्चालन गर्ने बताएको छ।,The government has said it will launch a media literacy campaign.,D3E,8,medium,Non-Past,Affirmative
D1A_S0_B1_4039,जाम्बुलिङरि ताबा तिःरिला प्रकोप सन् २०१८ हेन्से फेल्गेबा ताबान खाबा चुला पुस्ताजुगुला निरन्तरता हिन्ना।,विश्वमा भएको सलहको प्रकोप सन् २०१८ देखि विकास हुँदै आएका यसका पुस्ताहरूको निरन्तरता हो।,The global locust outbreak is a continuation of generations that have been developing since 2018.,D1A,14,medium,Non-Past,Affirmative
COM_P2_D2H_S1_7151,प्रदेश स्वास्थ्य निर्देशनालयसे कञ्चनपुरला गड्डा चौकीरि हेल्थ डेस्कग्याम नोइ फेल्बारि आपिन्बारि सतर्कता आप्नाइतिबा मुला।,प्रदेश स्वास्थ्य निर्देशनालयले कञ्चनपुरको गड्डा चौकीमा हेल्थ डेस्क मार्फत रोग फैलिन नदिन सतर्कता अपनाएको छ।,The Provincial Health Directorate has taken precautions to prevent the spread of the disease through the health desk at Gadda Chowki in Kanchanpur.,D2H,15,medium,Non-Past,Affirmative
D1A_S0_B1_4080,"च्याङ्ना सेमचेन तामुबा बिसाम बेँसीरि नोनन्हाबारि खाम्साइमुबा, ल्हाना तामा काक्ता हिन्ना, आपा आखेसे न्हाबान खाबा ङानिसे ख्लाबारि नोन आतानि, ल्हा बेँसी लाबा मि ङानिला लागिरि छार ताम आहिन, रहर बिगे कि बाध्यता बिगे, चु मि लानोन तोजि। ","थोरै चौपाया हुन्थे भने बेँसीमै पनि पाल्न सकिन्थ्यो, धेरै हुँदा समस्या हो, बाउ बाजेले पाल्दै आएको हाम्ले छोड्न पनि भएन, लेक बेँसी गर्ने त हाम्रो लागि नौलो कुरा होइन, रहर भनौँ कि बाध्यता भनौँ, यो त गर्न परिहाल्यो।","If there were only a few animals, they could be raised in the valley. When there were many, it was a problem. We couldn't leave the ones our grandparents had raised. Raising animals in the valley is nothing new to us. Whether we call it a desire or a compulsion, we have had to do it.",D1A,38,very long,Past,Affirmative
D1A_S0_B1_1160,विशेष लासि माकाइ तेन्तोरि क्षति ताबा थेसे ग्रानाङ पिन्जि।,विशेष गरी मकै बालीमा क्षति पुगेको उनले जानकारी दिए।,He informed that there was damage especially to the corn crop.,D1A,9,medium,Past,Affirmative
COM_P2_D2H_S1_5635,आईभीएफ प्रविधिग्याम कोला न्हाबारि खाम्सेला चिकित्सकसे सल्लाह पिन्बा रिताले थेना लाजि,आईभीएफ प्रविधिबाट बच्चा जन्माउन सकिने चिकित्सकले सल्लाह दिएको रिताले सुनाइन्।,Rita said that the doctor advised her that she could have a baby through IVF technology.,D2H,10,medium,Past,Affirmative
COM_P2_D5G_S3_2177,लामातेन नोन हुम थेन हिम्मत बिमा तिलाइ आरेबा।,लामासँग पनि आँट र हिम्मतबाहेक केही थिएन।,The Lama also had nothing but courage and guts.,D5G,7,short,Past,Negative
P2_D1A_S0_B2_448,छोङनामकि सिङ्सोरन्हाबा सानाम्पादा जेःरि  घार पिन्बा लाबारि गेदिमसे फिच्चा उद्योगग्याम घार ग्लुबा लाबा मुला।,व्यावसायिक मौरीपालक किसानलाई अनुदानमा घार उपलब्ध गराउन कार्यालयले उक्त उद्योगबाट घार किन्ने गरेको छ।,The office has been purchasing hives from the industry to provide hives to commercial beekeepers at a subsidized rate.,D1A,14,medium,Non-Past,Affirmative
P3_D1A_S0_B1_3891,ग्याम क्योल्बा थेन चुरि रोजगारी लाबाहेन्से चेगाला लागिरि सुत्ताइ चुला नामनामला छ्युगु ह्युलनाङनोन दोबा लामुला।,बाटो प्रयोग गर्ने र यहाँ रोजगारी गर्नेदेखि उपहारका लागिसमेत यहाँको तोरीको तेल देशैभर पुग्ने गरेको छ।,"From using the road and finding employment here, to even giving away as gifts, mustard oil from here is reaching all over the country.",D1A,16,long,Non-Past,Affirmative
COM_P2_D3E_S1_2928,दुर्गम नाम्सारि चुत्ते चिटिक्क मुबा लोप्खाङ ग्रेन ग्यासाला ग्युइसेरकि घेन्दुन बिमा च्याङ्ना आरे।,दुर्गम गाउँमा यत्ति चिटिक्क परेको विद्यालय ठूला सहरका शैक्षिक संस्थाभन्दा कम छैन।,A school so neatly located in a remote village is no less than educational institutions in big cities.,D3E,12,medium,Non-Past,Negative
COM_D2H_S1_S2_3519,च्यालाङ तामा प्रोस्टेट ग्रन्थी टाङ्बारि एन खाम्ला' थेसे पाङ्जि।,सङ्क्रमण हुँदा प्रोस्टेट ग्रन्थी सुन्निन पनि सक्छ' उनले भने।,"""The prostate gland can also swell when infected,"" he said.",D2H,9,medium,Non-Past,Affirmative
COM_D2H_S4_3856,ल्हानान ठोवापा म्हिसे एन दिनिरि म्हेर्मा क्रास्या स्हिवा तामुला।,असाध्यै क्रोधी मान्छेले पनि दिउँसो सुत्दा दिमाग शान्त हुन्छ।,Even the most angry person can calm down when they take a nap during the day.,D2H,9,medium,Non-Past,Affirmative
COM_P2_D3E_S3_5139,मोरङरि खाबा तिदिङ न्हाङरि विद्युतीय गाडी उत्पादन लासेला ताबा मुला।,मोरङमा आगामी एक वर्षभित्र विद्युतीय गाडी उत्पादन गरिने भएको छ।,Electric vehicles are set to be produced in Morang within the next year.,D3E,10,medium,Non-Past,Affirmative
COM_D2H_S5_226,नागाफुमला उहुर बो हप्तारि ङिराम सोमराम २-३ जेक्खे चादोमुला,अण्डाको पहेँलो भाग हप्तामा २–३ पटक मात्र खानुपर्छ।,Egg yolks should only be eaten 2-3 times a week.,D2H,8,medium,Non-Past,Affirmative
COM_D5G_S1_S2_306,एला आपाला च्युक्सोमछा घेवाला रे मुबा।,तेरो बाबाको तेह्रौं क्रियाकर्मको दिन थियो।,It was the day of your father's thirteenth Kriyakarma.,D5G,6,short,Past,Affirmative
COM_D3E_S1_S2_4679,विश्वविद्यालयला उपकुलपति प्रा.डा. सुवर्णलाल बज्राचार्यसे तोच्चा प्रस्ताव जोम्ना जोम्नारि बोर्सि डिक्लाबा पारित लापिन्बा मुबा।,विश्वविद्यालयका उपकुलपति प्रा.डा.  सुवर्णलाल बज्राचार्यले उक्त प्रस्ताव सभामा लगेर संशोधन पारित गराएका थिए।,"The Vice-Chancellor of the university, Prof. Dr. Subarna Lal Bajracharya, took the proposal to the assembly and got the amendment passed.",D3E,13,medium,Past,Affirmative
COM_D5G_S3_2983,"सेमफ्राल्ताम बिबा निर्मम तातोबा हिन्ना तासाइ चुरि ल्हिनकिन्सि ब्रिबा प्रछेप थुम्तोला, थेसे पाङ्जि।",आत्मवृत्तान्त भनेको निर्मम हुनुपर्ने हो तर यहाँ तौलिएर लेख्ने प्रचलनको अन्त्य हुनु पर्छ' उनले भने।,"""Autobiographies should be brutal, but the practice of writing with a heavy heart should end here,"" he said.",D5G,15,medium,Non-Past,Affirmative
COM_P3_D3E_S2_13448,ङाछा रेरि  बोकिन्बाकादेला कार्यशाला ओसेम अन्तर्मूल्याङ्कन प्रस्तुत लासेला मुला।,पाँचौँ दिनमा सहभागीहरूको कार्यशाला तथा अन्तर्मूल्याङ्कन प्रस्तुत गरिनेछ।,"On the fifth day, a workshop and inter-evaluation of participants will be presented.",D3E,8,medium,Non-Past,Affirmative
COM_P2_D5G_S2_9133,"थेलिच्छा थेसे लिच्छाला फैसला सुनाइतिबा ह्राङ लासि पाङ्जि, वकिलसे पेस लाबा मिसिल थेन बेन्चरि थेसे लाबा बहस पैरवीरि खाचिबाइ दम आरे।","तत्पश्चात् उसले अन्तिम फैसला सुनाएझैँ गरी भन्यो, वकिलले पेस गरेको मिसिल र बेन्चमा उसले गरेको बहस पैरवीमा कुनै दम छैन।","Then, as if he had delivered the final verdict, he said that the case file submitted by the lawyer and the arguments he made on the bench were of no use.",D5G,20,long,Non-Past,Negative
D4S_S3_941,ल्हानासे सन्तोषदा स्यावासि पिन्जि।,धेरैले सन्तोषलाई स्यावासी दिए।,Many people congratulated Santosh.,D4C,4,short,Past,Affirmative
D4S_S1_7384,लघुवित्त थेन सहकारी पीडितदा सिंहदरबाररि काठुइ लाबान काक्ता छिम्बा आश्वासन पिन्बा मुला।,लघुवित्त र सहकारी पीडितलाई सिंहदबारमा छलफल गर्दै समस्या समाधान गर्ने आश्वासन दिइएको छ।,Microfinance and cooperative victims have been assured that their problems will be resolved through discussions at Singha Dabar.,D4C,13,medium,Non-Past,Affirmative
COM_P2_D2H_S2_5026,ङाला थोबो १०० किलोला भारसे नाङ्बा राङ्बा ताबा मुला,मेरो टाउको १०० किलोको भारले किचेको जस्तो भएको छ।,My head feels like it's been crushed by a 100-kilo weight.,D2H,9,medium,Non-Past,Affirmative
D1A_S0_B1_4776,"नाम्साला उत्पादन बजार दोसि सानाम्पा बाङ्बा तातोमुबा, तासाइ बजारसे नाम्सादा गेल्बा स्होपिन्जि, श्रेष्ठसे पाङ्मुला, थे नाछाल क्लेबारि गम्भीरतापूर्वक लाग्तितोबा ल्हाना थुमगुङ गोरगिक रैथाने सास्हिङला ल्हेछ्या हिन्ना। ","गाउँको उत्पादन बजार पुगेर किसान बलियो हुनुपर्थ्यो, तर बजारले गाउँलाई कमजोर बनाइदियो, श्रेष्ठ भन्छन्, त्यो अवस्था चिर्न गम्भीरतापूर्वक लाग्नुपर्ने धेरै क्षेत्रमध्ये एउटा रैथाने खेतीको प्रवर्द्धन हो।","Farmers should have been strengthened by reaching the market for their village produce, but the market has weakened the village, says Shrestha. One of the many areas that needs to be seriously addressed to overcome this situation is the promotion of indigenous farming.",D1A,26,very long,Non-Past,Affirmative
COM_D5G_S3_2492,सायद थे दुइ थेन परिपारछालरि छुबारि आखाम्बा हिन्साम ङा ओत्तेन दुइरि नाम्सा निसिजिन्बा तासेला।,शायद त्यो समय र परिस्थितिमा रमाउन नसकेको भए म उत्तिबेलै गाउँ गइसकेको हुन्थें।,"Perhaps if I hadn't been able to enjoy that time and situation, I would have gone back to the village right away.",D5G,13,medium,Past,Affirmative
P3_D1A_S0_B2_492,म्हिसे खाम्दे ग्लारि सुबा थे आम्बाला दोङला रेखदेखला लागिरि निम स्रुगरि म्हिजुगु खटिदिबा मुला।,आँखाले भ्याउन्जेलको ठाउँमा रोपिएका ती आँपका बोटको रेखदेखका लागि निरन्तर रूपमा मानिसहरू खटिएका छन्।,People are constantly working to care for the mango trees planted in the area where the eyes are.,D1A,14,medium,Non-Past,Affirmative
COM_D4C_S1_S2_89,रेडियोरि व्हाइव्हाइरिम ह्राप्पाइछ्याम स्यामुबा।,रेडियोमा गीतसङ्गीत बच्ने बितिकै नाच्थे।,They would dance whenever they heard music on the radio.,D4C,5,short,Past,Affirmative
COM_P2_D4C_S1_B4_1201,प्राधिकरणसे विमानस्थल स्हेङ्बाला सम्भाव्यता खेडोब लासि जे मुआब्जा ठाबा पाङ्बाला मुबा।,प्राधिकरणले विमानस्थल निर्माणको सम्भाव्यता अध्ययन गरेर मात्र मुआब्जा वितरण गर्ने बताएको थियो।,The authority had said that compensation would be distributed only after conducting a feasibility study for the construction of the airport.,D4C,12,medium,Past,Affirmative
D1A_S0_B2_4665,छ्याम जोङरि सुन्तलाग्याम जुस उत्पादन लाबा डिछ्या  आताबा रो चुदेन दुइ निबा लाबा सानाम्पाला दुङाल मुला।,साथै जिल्लामा सुन्तलाबाट जुस उत्पादन गर्ने व्यवस्था नहुँदा फल यतिकै खेर जाने गरेको किसानको दुखेसो छ।,"Additionally, farmers are concerned that the fruit is being wasted due to the lack of a system to produce juice from oranges in the district.",D1A,16,long,Non-Past,Affirmative
COM_P2_D5G_S2_7611,"थेला विचारकादेसे थेदा ल्हानान थारेङ, लिउला छाकलुङ्बा पाङ्ग्यालरि फ्याङ्ना लाजि।","उसका विचारहरूले उसलाई धेरै टाढा, भविष्यको चम्किलो मैदानमा उडाइदिए।","His thoughts took him far away, into the bright fields of the future.",D5G,9,medium,Past,Affirmative
COM_D2H_S3_2359,चिकित्सककादेसे म्हिला ल्हुइरि मुबा छिग्याम म्हिला आङ्पो स्होबा तयारी तिःबाला मुला।,चिकित्सकहरूले मान्छेको शरीरमा रहेको बोसोबाट मानव अङ्ग बनाउने तयारी थालेका छन्।,Doctors have begun preparations to create human organs from human body fat.,D2H,11,medium,Non-Past,Affirmative
COM_P2_D5G_S3_2246,भलादमी म्हिसे ङादा ङ्योइबा लास्ह्युजि।,भलादमी मानिसले मलाई प्रश्न गर्नुभयो।,The gentleman asked me a question.,D5G,5,short,Past,Affirmative
COM_P2_D5G_S2_9506,सादा गोइलो थेन खुला ङेबाग्याम सादा केवा उच्च विचारला भाव प्रकट लाबा थेला बेदाग केवाज्योः पोसेला मुला।,सादा पहिरन र खुला हाँसोबाट सादा जीवन उच्च विचारको भाव प्रकट गर्ने उहाँको बेदाग जीवनशैली फेरिएको रहेनछ।,"His impeccable lifestyle, which reflected a simple life and high thoughts through simple clothing and an open smile, has not changed.",D5G,17,long,Non-Past,Affirmative
COM_P2_D2H_S5_3963,मान डिछ्या विभागला आन्सार दात्ते नेपालरि आयुर्वेदिक मानला बजार छ्योआछ्यो अर्ब ७ से गाङ्साल मुला।,औषधि व्यवस्था विभागका अनुसार हाल नेपालमा आयुर्वेदिक औषधिको बजार करिब साढे ७ अर्बको छ।,"According to the Department of Drug Management, the current market for Ayurvedic medicines in Nepal is worth about 7 and a half arba.",D2H,14,medium,Non-Past,Affirmative
D4S_S2_4565,थेसे अमेरिका आनिबा अड्डी किन्बालिच्छा पाल्मो थेन कान्छी जामे नोन चिबाला मुबा।,उनले अमेरिका नजाने अड्डी लिएपछि श्रीमती र कान्छी छोरी पनि बसेका थिए।,"After he decided not to go to America, his wife and youngest daughter also stayed.",D4C,12,medium,Past,Affirmative
D1A_S0_B2_707,जोङला निस्दी थेन माथागढी गाउँपालिकारि ग्युइ उइसे सानाम बार्बुस्हे ओसेम न्होरकि ह्रो लाबा मुला।,जिल्लाको निस्दी र माथागढी गाउँपालिकामा ज्ञान केन्द्रले कृषि सामग्री तथा आर्थिक सहयोग गरेको छ।,The Knowledge Center has provided agricultural materials and financial assistance to Nisdi and Mathagadhi rural municipalities in the district.,D1A,14,medium,Non-Past,Affirmative
COM_D3E_S4_5423,थेसे इकन्यानला ह्रोमि गेन्दुनदा ल्होलो तोसोला कुबा पिन्बाला छ्यामरि दुदुम फेल्गेबाला लागिरि गे लाबा प्रतिबद्धता व्यक्त लाजि।,उहाँले इक्यानका सदस्य संस्थालाई विभिन्न प्रकारका तालिम दिनुका साथै क्षमता विकासका लागि काम गर्ने प्रतिबद्धता व्यक्त गर्नुभयो।,He expressed his commitment to provide various types of training to ICAN member organizations and work for capacity development.,D3E,17,long,Past,Affirmative
COM_P2_D2H_S5_5187,"दान्नाबिमा दान्ना काःस्राव तासिजिन्बा मुबा, थेतासि ब्लड ब्याङ्कग्याम ह्रिसि काः एन पिन्जि।","अत्यधिक रक्तस्राव भइसकेको थियो, त्यसैले ब्लड ब्याङ्कबाट मगाएर रगत पनि चढाइयो।","There was excessive bleeding, so blood was also obtained from the blood bank and given as a transfusion.",D2H,11,medium,Past,Affirmative
COM_P2_D5G_S3_1774,चलचित्र सीमित हलरि जे प्रदर्शन तासिचिबा मुला।,चलचित्र सीमित हलमा मात्र प्रदर्शन भइरहेको छ।,The film is being shown only in limited theaters.,D5G,7,short,Non-Past,Affirmative
COM_P2_D4C_S1_B1_2844,परशुरामधामला फेल्गेबारि स्थानीय थेन सरकारी निकायला उदासीनताला ङ्यान्दि चुला नाछाल जीर्ण ताबान निबा मुला।,परशुरामधामको विकासमा स्थानीय र सरकारी निकायको उदासीनताका कारण यसको अवस्था जीर्ण बन्दै गएको छ।,"Due to the indifference of local and government bodies towards the development of Parshuram Dham, its condition is deteriorating.",D4C,14,medium,Non-Past,Affirmative
COM_P2_D4C_S1_B3_1268,निबा गोनेहेन्से सोकरातिदोःना म्हेन्दो ग्यार्जा ४ से ७८ फिह्युल्पा ह्युलमि पाथीभरारि खाबा मुला।,गत साउनदेखि कात्तिकसम्म ४ सय ७८ जना विदेशी नागरिक पाथीभरामा आएका छन्।,"From last Shrawan to Kartik, 4 hundred 78 foreign nationals have come to Pathibhara.",D4C,12,medium,Non-Past,Affirmative
COM_P2_D2H_S1_5715,लिःरि कारा थेन गुलाब क्युइला फेस प्याक फोर्मा  एन खाङ्बारि लिःला जेसुङदा कोङह्रावारि थान्बारि खाम्ला।,अनुहारमा मह र गुलाब जलको फेस प्याक लगाउँदा पनि जाडोमा अनुहारको सुन्दरतालाई सुरक्षित राख्न सकिन्छ।,Applying a face pack of honey and rose water to the face can also help preserve the beauty of the face in winter.,D2H,15,medium,Non-Past,Affirmative
COM_P2_D5G_S2_5044,मिःरि लाग्तिबा चोटकादेला ङ्यान्दि ङादा म्हिला लिः ङोसेबारि काक्ता ताचिबा मुबा।,आँखामा लागेका चोटहरूको कारणले मलाई मानिसको अनुहार चिन्न समस्या भैरहेको थियो।,I was having trouble recognizing people's faces because of the injuries to my eyes.,D5G,11,medium,Past,Affirmative
COM_D5G_S3_1312,"राप कुथुंग्रीरि सारस, भेनिषा थेन सौरभछ्याम मुला।","कथाकुथुङ्ग्रीमा सारस, भेनिषा र सौरभलगायत छन्।","In the short folkstories are Saras, Venisha, and Saurabh.",D5G,6,short,Non-Past,Affirmative
COM_P2_D4C_S1_B1_3185,कोभिड-१९ लिच्छा ल्हाना म्हिसे स्हिवा थेन प्राकृतिक ग्लाकादेला म्हाइबा लाबा पाङ्बा मुला।,कोभिड-१९ पछि धेरै मानिसले शान्त र प्राकृतिक स्थलहरूको खोजी गरेको बताएका छन्।,Many people have said they are looking for quiet and natural places after COVID-19.,D4C,12,medium,Non-Past,Affirmative
P3_D1A_S0_B1_1393,सानाम्पादा प्रत्यक्ष खे ताबा लासि आयोजनासे सानाम्पातेन थुइसि गे लाबान खाबा मुला।,किसानलाई प्रत्यक्ष लाभ हुने गरी आयोजनाले किसानसँग जोडिएर काम गर्दै आएको छ।,The project has been working closely with farmers to directly benefit them.,D1A,12,medium,Non-Past,Affirmative
COM_D2H_S3_1470,पर्वतला लागिरि ङाच्छाला दिङरि बुम ८० टाङ्गा चुनोन गेताङला लागिरि विनियोजन ताबा मुबा।,पर्वतका लागि अघिल्लो वर्षमा ८० लाख रूपैयाँ यही कार्यक्रमका लागि विनियोजन भएको थियो।,"In the previous year, Rs. 80 lakh was allocated for this program for Parbat.",D2H,13,medium,Past,Affirmative
COM_P2_D3E_S3_901,इन्टरनेटला ग्युङग्याम खाबा सिग्नल टेलिभिजनरि चल्दिमुला।,इन्टरनेटको माध्यमबाट आउने सिग्नल टेलिभिजनमा चल्छन्।,Signals coming through the internet are played on television.,D3E,6,short,Non-Past,Affirmative
COM_D2H_S1_S2_6537,लगातार टेलिभिजन च्यामा मिख्लि ब्योङ्बा ओसेम दुङालला सिरियल च्यामा तिङ नोइ ओसेम ब्लड प्रेसरसम्बन्धी काक्तासे साताइतिबारि खाम्ला।,लगातार टेलिभिजन हेर्दा आँसु बग्छ अनि दु:खका सिरियल हेर्दा ह्दय रोग तथा ब्लड प्रेसरसम्बन्धी समस्याले सताउन सक्छ।,"Constantly watching television can cause tears to flow, and watching sad serials can lead to heart disease and blood pressure problems.",D2H,17,long,Non-Past,Affirmative
COM_P2_D4C_S1_B3_739,ग्रेनकाप्तोनरि ह्युल्साङ कलाकारकादेला प्रस्तुतिछ्याम ल्होलो प्रतियोगिता थेन ल्होलो ज्योस्हेङरिमठिम प्रदर्शनी लाबा गेताङ मुला।,महोत्सवमा राष्ट्रिय कलाकारहरूको प्रस्तुतीसँगै विभिन्न प्रतियोगिता र विभिन्न कलासंस्कृती प्रदर्शनी गरिने कार्यक्रम रहेको छ।,"The festival will feature performances by national artists, as well as various competitions and various art and cultural exhibitions.",D4C,14,medium,Non-Past,Affirmative
COM_P2_D2H_S2_3124,क्रियाकलाप लाबा वयस्क म्हिला सम्पर्कग्याम कोलारि छ्याम्बाब्युङ्बा तामुला।,क्रियाकलाप गर्ने वयस्क मानिसको सम्पर्कबाट बच्चामा रुघाखोकी सर्छ।,Colds can be transmitted to children through contact with an active adult.,D2H,8,medium,Non-Past,Affirmative
COM_D2H_S4_2343,डा. अनिल बुढा मगर उइरि खाजिन्बासे दारे योनान क्योन्बा तिःसेला ग्रानाङ पुनसे पिन्जि।,डा. अनिल बुढा मगर केन्द्रमा आइसकेकाले अब छिट्टै उपचार थाल्ने जानकारी पुनले दिए।,"Pun informed that since Dr. Anil Budha Magar has arrived at the center, treatment will begin soon.",D2H,13,medium,Past,Affirmative
COM_D3E_S1_S2_965,लोप्खाङ दिङ छोक्बाला बिजाबुमोला अभिभावकदा स्याप्सि या थुइला।,विद्यालय उमेर समूहका बालबालिकाका अभिभावकलाई भेटेर हात जोड्छन्।,They meet and join hands with parents of school-age children.,D3E,8,medium,Non-Past,Affirmative
COM_P3_D3E_S3_1988,तासाइ थे नुर बहिरा क्याम्पसरि आरेबा।,तर ती विषय बहिरा क्याम्पसमा थिएन।,But those subjects were not on the deaf campus.,D3E,6,short,Past,Negative
COM_P3_D3E_S1_83,अभिभावकला चु मनोविज्ञान गोसि गेताङ कार्यान्वयनरि बातोला।,अभिभावकको यो मनोविज्ञान बुझेर कार्यक्रम कार्यान्वयनमा ल्याउनु पर्छ।,The program should be implemented by understanding this psychology of parents.,D3E,8,medium,Non-Past,Affirmative
D4S_S1_8189,विश्वनाङ ह्यामला स्रुगरि फेल्बा कोरोनाला ङ्यान्दि गे लाबारि आखाम्बा सडक फेल्बा आयोजनाला ग्रेन्पो दिपेन्द्र पाण्डेसे पाङ्जि।,विश्वभरी महामारीको रूपमा फैलिएको कोरोनाका कारण काम गर्न नसकेको सडक विस्तार आयोजनाका प्रमुख दिपेन्द्र पाण्डेले बताए।,"Head of the road expansion project, Dipendra Pandey, said that work has not been possible due to the coronavirus pandemic that has spread across the world.",D4C,16,long,Past,Affirmative
COM_D3E_S1_S2_997,पिएचडीला लागि बुम ङादोःना तामुला।,पिएचडीका लागि पाँच लाखसम्म लाग्छ।,It costs up to five lakhs for a PhD.,D3E,5,short,Non-Past,Affirmative
COM_P3_D3E_S1_21263,लोप्खाङ सरकारसे ठ्वाङ्बारि पाङ्बा मुला।,स्कुल सरकारले खोल्न भनेको छ।,The government has ordered schools to open.,D3E,5,short,Non-Past,Affirmative
COM_P2_D2H_S1_9112,प्लान्ट जडान भएनोनोन जोङरि दारेम अक्सिजनला खाजिबाइ काक्ता आताबा जोङ अस्पताल खोटाङला ग्रेन डाक्टर नितु लामासे पाङ्जि।,प्लान्ट जडान भएसँगै जिल्लामा अब अक्सिजनको कुनै समस्या नहुने जिल्ला अस्पताल खोटाङका प्रमुख डाक्टर नितु लामाले बताइन्।,"Dr. Nitu Lama, chief of District Hospital Khotang, said that with the installation of the plant, there will no longer be any problem with oxygen in the district.",D2H,17,long,Past,Affirmative
COM_P2_D2H_S2_3897,क्लि तेःबा ङाज्याङ गुरुङला स्युग सामान्य बिमा च्याङ्ना ताजि बिसाम कब्जियतला काक्ता म्राङ्मुला।,मल निष्कासन गर्ने ठूलो आन्द्राको गति सामान्यभन्दा कम भयो भने कब्जियतको समस्या देखा पर्छ।,"Constipation occurs when the movement of the large intestine, which expels feces, is slower than normal.",D2H,14,medium,Non-Past,Affirmative
P4_D1A_S1_B1_1970,स्थानीय ५१ दिङला खेतबहादुर कुँवरसे खु सास्हिङला लागिरि क्युइला काक्ता ताबा पाङ्जि।,स्थानीय ५१ वर्षीया खेतबहादुर कुँवरले तरकारीखेतीका लागि पानीको समस्या भएको बताए।,"Local Khet Bahadur Kunwar, 51, said there is a problem with water for vegetable farming.",D1A,11,medium,Past,Affirmative
P3_D1A_S0_B2_137,ग्वादा प्रतिबन्धित वर्गरि थान्बा मुला।,गहुँलाई प्रतिबन्धित वर्गमा राखिएको छ।,Wheat has been placed in the restricted category.,D1A,5,short,Non-Past,Affirmative
D1A_S0_B2_1118,"भेन्चर संस्थापक राजेश कार्की पाङ्मुला, ढुवानीला काक्ता मुला, ढुवानीरि छाक्राम ताजि बिसाम सानामउपज नाइमुला।","भेन्चर संस्थापक राजेश कार्की भन्छन्, ढुवानीको समस्या छ, ढुवानीमा अवरोध भयो भने कृषिउपज कुहिन्छ।","Venture founder Rajesh Karki says there is a transportation problem, and if transportation is disrupted, agricultural produce will rot.",D1A,14,medium,Non-Past,Affirmative
COM_D3E_S4_2989,लोप्खेन साङ्ज्या थेन भूगोल ङिदान तेन्सि दरबन्दी डिक्नालाबा योजनारि नगरपालिका मुला।,विद्यार्थी सङ्ख्या र भूगोल दुवैलाई आधार मानेर दरबन्दी मिलान गर्ने योजनामा नगरपालिका छ।,The municipality plans to match positions based on both student numbers and geography.,D3E,13,medium,Non-Past,Affirmative
COM_P2_D4C_S1_B2_3589,खोपोङरि यःसिँ क्याःबा परम्परारि ह्रास खाबा मुला।,भक्तपुरमा यःसिँ ठड्याउने परम्परामा ह्रास आएको छ।,The tradition of establishing a temple in Bhaktapur has declined.,D4C,7,short,Non-Past,Affirmative
COM_D4C_S1_S2_7387,छ्योआछ्यो गोरडु दिङ ङाच्छा स्यार रुकुमला भूमे नाम्सापालिकासे बागलुङला थुमरि खासि वाङ्बाद्वार स्हेङ्बा लिच्छा विवाद ताबा दात्तेदोःना विवाद थुम्न आखाम्बारि ह्युलकोर पूर्वाधार स्हेङ्बा लाबा आखाम्बा थेला पाङ्बा मुला ।,करिब छ वर्ष अगाडि पूर्वी रुकुमको भूमे गाउँपालिकाले बागलुङको क्षेत्रमा आएर प्रवेशद्वार निर्माण गरेपछि विवाद भएको अहिलेसम्म विवाद टुङ्गिन नसक्दा पर्यटन पूर्वाधार निर्माण गर्न नसकेको उनको भनाइ छ।,"He said that about six years ago, a dispute arose after Bhume Rural Municipality in eastern Rukum came to the Baglung area and built an entrance, and since the dispute has not been resolved, tourism infrastructure has not been built.",D4C,28,very long,Non-Past,Affirmative
COM_D4C_S1_S2_7769,"नाबिङरे धर्मगुरु आत्मानन्द लिङ्देनग्याम धर्मकि प्रवचनछ्याम आर्शीडोबा, चेगा ठाबा, थुचेछेस्यो ठाबा, छ्योइजिताछ्योइला ठोङ्सेङ छ्यामला गेताङ तय लाबाला चोहो योङहाङले पाङ्जि।  ","बुधबार धर्मगुरु आत्मानन्द लिङ्देनबाट धार्मिक प्रवचनसँगै आर्शीवाचन, उपहार वितरण, धन्यवादपत्र वितरण, पुस्तकपुस्तिका विमोचनलगायत कार्यक्रम तय गरिएको अध्यक्ष योङहाङले बताए।","Chairman Yonghang said that programs including a religious sermon by religious leader Atmananda Lingden, blessings, gift distribution, thank-you notes, and book release have been scheduled for Wednesday.",D4C,19,long,Past,Affirmative
COM_D3E_S1_S2_6410,सामुदायिक कलेजरि लोप्खेनला हाहाकार ताचिबा दुइरि बुटवल कालिका कलेजसे चुनोन शैक्षिक सत्रहेन्से स्नातकोत्तर तादाला अध्यापन तिगे लाबा मुला।,सामुदायिक क्याम्पसमा विद्यार्थीको हाहाकार भइरहेका बेला बुटवल कालिका क्याम्पसले यसै शैक्षिक सत्रदेखि स्नातकोत्तर तहको अध्यापन शुरू गर्न लागेको छ।,"Amid the influx of students in community campuses, Butwal Kalika Campus is set to start teaching at the postgraduate level from this academic session.",D3E,19,long,Non-Past,Affirmative
COM_P2_D2H_S2_2447,चुदा लिःला ङामरि बाबारि आतामुला।,यसलाई अनुहारको नजिक ल्याउनु हुँदैन।,Do not bring it close to the face.,D2H,5,short,Non-Past,Negative
COM_D5G_S4_1388,ङादा तिल्दा छक्क तासि च्यास्हयुबा ?,मलाई किन छक्क परेर हेरिरहनु भएको?,Why are you looking at me in surprise?,D5G,6,short,Past,Affirmative
COM_P2_D5G_S2_3656,"ग्योइकाइ म्हाङला स्यान्दो तिगाइ योजनाकादे मुला, च्यागे कादे छ्योना लाबारि खाम्ला।","साहित्यिक सपनाका केही अरू योजनाहरू छन्, हेरौँ कत्तिको पूरा गर्न सक्छु।","I have some other plans for my literary dream, let's see how much I can accomplish.",D5G,11,medium,Non-Past,Affirmative
D4S_S2_7073,तोङ्जा नोन आताबा गोर ६७ थर्मल गन तोङ्जा १५ रि बिक्रि लाबान लामा अग्रवाल चुङ्बाला मुबा।,हजार पनि नपर्ने ६७ वटा थर्मल गन १५ हजारमा बिक्रि गर्दै गर्दा अग्रवाल पक्राउ परेका थिए।,"Agarwal was arrested while selling 67 thermal guns for 15 thousand, which did not even cost a thousand.",D4C,16,long,Past,Affirmative
D4S_S1_7552,एमालेसे गठबन्धन तोडेर काङ्ग्रेसछ्याम सत्ता गेछ्या लाबा थुन्च्या लाबालिच्छा सरकार ख्लासेदा तयारीरि मुला।,एमालेले गठबन्धन तोडेर काङ्ग्रेससँग सत्ता सहकार्य गर्ने सम्झौता गरेपछि सरकार छाड्ने तयारीमा छ।,The UML is preparing to leave the government after breaking the alliance and reaching an agreement to share power with the Congress.,D4C,13,medium,Non-Past,Affirmative
D4S_S2_821,फेसबुकग्याम्से स्होबा हन्ड्रेड्स ग्रूपला चु छार अभियान हिन्ना।,फेसबुकमार्फत बनेको हन्ड्रेड्स ग्रूपको यो नौलो अभियान हो।,This is a new campaign from the Hundreds group created through Facebook.,D4C,8,medium,Non-Past,Affirmative
COM_P2_D2H_S2_6801,विश्व अल्जाइमर्स दिङ्साङ तिनि ह्युलनाङ ल्होलो गेताङ लासि दाङ्बान मुला।,विश्व अल्जाइमर्स दिवस आज देशभर विभिन्न कार्यक्रम गरी मनाइँदै छ।,World Alzheimer's Day is being celebrated today with various programs across the country.,D2H,10,medium,Non-Past,Affirmative
COM_D5G_S1_S2_1153,अप्रेसन लासिलिच्छाला नाछाल खाराङ्बा मुबा ?,अप्रेसन गरिसकेपछिको अवस्था कस्तो थियो?,How was the condition after the operation?,D5G,5,short,Past,Affirmative
P4_D1A_S1_B1_510,रान्हाबारि मोकोन गृहिणी म्रिङ्मा जेक्खेन मुला।,बाख्रापालनमा सबै गृहिणी महिला मात्रै छन।,All goat farmers are housewives and women.,D1A,6,short,Non-Past,Negative
D4S_S3_7177,ग्ले दुमत्सेन दृष्टिआरेबा ताबालिच्छा रुक्मी ग्लेसे ग्याल्सा कब्जा लाबा मुला।,राजा द्युमत्सेन दृष्टिहीन भएपछि रुक्मी राजाले राज्य कब्जा गरेका छन्।,"After King Dyumatsena became blind, King Rukmi took over the kingdom.",D4C,10,medium,Non-Past,Affirmative
COM_P2_D3E_S3_5165,रेडमी नोट-९ ला क्यामेरासे यो:ना थेन वाइड एङ्गल फोटो खिच्दिबारि खाम्ला।,रेडमी नोट–९ को क्यामेराले छिटो र वाइड एंगल फोटो खिच्न सकिन्छ।,The Redmi Note 9's camera can capture fast and wide-angle photos.,D3E,11,medium,Non-Past,Affirmative
P2_D1A_S0_B1_126,नाम्सारि सानाम लाबाला नोन ह्राङलान काक्ता मुला।,गाउँमा कृषि गर्नेका पनि आफ्नै समस्या छन्।,Farmers in the village also have their own problems.,D1A,7,short,Non-Past,Affirmative
COM_P2_D2H_S2_7835,आयुर्वेदविज्ञानसेले खाङ्बा नाम्सिरि शरिरदा ल्हाना मात्रारि शक्ती तोःबा थेन थेला लागि ल्हाना क्यालोरीयुक्त चाबासे चाबा खाम्सेला पाङमुला।,आयुर्वेद विज्ञानले जाडो मौसममा शरिरलाई बढी मात्रामा शक्ती चाहिने र त्यसको लागि बढि क्यालोरीयुक्त खाना खान सकिने बताउँछ।,Ayurvedic science states that the body needs more energy during the winter season and that more calorie-rich foods can be consumed for this.,D2H,18,long,Non-Past,Affirmative
COM_D2H_S4_4124,"कादेराङ नाबा मानसिक सन्तुलन म्हाबा, ल्हुइकि स्रुगसे गेल्बा, थाङखाबा, ह्राङ्ला म्हि आरेबा ओसेम ल्हानान स्हेररि मुबा एन तामुला।","कतिपय बिरामी मानसिक सन्तुलन गुमेको, शारीरिक रूपले अशक्त, दुर्गन्धित, आफ्ना मानिस नभएका तथा अत्यन्त पीडामा रहेका पनि हुन्छन्।","Some patients are mentally unstable, physically disabled, smelly, homeless, and in extreme pain.",D2H,18,long,Non-Past,Affirmative
COM_D2H_S4_3507,कादेपय पारिवारिक काक्ताग्याम मुक्त ताजि मुला बिसि म्युगुथुङ्बा लाबारि चुःबा बिमुला।,कतिपय पारिवारिक समस्याबाट मुक्त भइन्छ भनी धूमपान गर्न थालेको भन्छन्।,Some people say they started smoking to get rid of family problems.,D2H,10,medium,Non-Past,Affirmative
COM_D3E_S5_3274,तिलाइ दुइ ङाच्छा कम्पनीसे चुला मोडलला फोटो ओसेम भिडियो नोन ठोङ्सेङ लाबा मुबा।,केही समयअघि कम्पनीले यसको मोडलको फोटो तथा भिडियो पनि सार्वजनिक गरेको थियो।,"Some time ago, the company also released photos and videos of its model.",D3E,12,medium,Past,Affirmative
COM_D5G_S4_678,कि ङा थे पोरकादेतेन ङोसेबा मुबा ?,कि म ती घाउहरूसँग परिचित थिएँ?,Or was I familiar with those wounds?,D5G,6,short,Past,Affirmative
COM_P2_D4C_S1_B1_1669,चु दिङ निबादिङरि बुकिङ रद्द लाबाला ह्युलकोर्पाछ्याम स्यान ह्युलकोर्पा काप्पाला मुला।,यस वर्ष गतवर्ष बुकिङ रद्द गरेका पर्यटकसहित अरू पर्यटक थपिएका छन्।,"This year, more tourists have joined, including those who canceled their bookings last year.",D4C,11,medium,Non-Past,Affirmative
COM_P2_D4C_S1_B1_3742,ज्योमोलुङ्मा थुम न्हाङरि ताबा चु ट्रेकिङ दोखाङ फिह्युल्पाला लागिरि बेनानबिमा आकर्षणला उइ तासाइ नोन नेपालीला आकर्षणरि आरे।,सगरमाथा क्षेत्र अन्तर्गत पर्ने यो ट्रेकिङ गन्तव्य विदेशीका लागि सबैभन्दा आकर्षणको केन्द्र भए पनि नेपालीको आकर्षणमा छैन।,"Although this trekking destination, which falls under the Everest region, is the most attractive destination for foreigners, it is not attractive to Nepalis.",D4C,17,long,Non-Past,Negative
COM_P2_D3E_S1_4158,बौद्धिक परिक्षणसे परीक्षार्थीजुगुदा तत्काल आप्ता किन्बारि ह्रोछ्या दोबा भण्डारीला दाबी मुला।,बौद्धिक परीक्षणले परीक्षार्थीहरूलाई तत्काल निर्णय लिन सहयोग पुग्ने भण्डारीको दाबि छ।,Bhandari claims that the intelligence test will help test takers make immediate decisions.,D3E,11,medium,Non-Past,Affirmative
COM_P2_D3E_S2_5590,चु नाछालग्याम ङाच्छा ल्हे:तोबारि साप्तो आयोगरि ग्यालठिमकि बोकिन्बा आतामा नियुक्ति गेरिमरि गाइना ताबा प्रष्ट लाजि।,यो अवस्थाबाट अघि बढ्नुपर्नेमा सेवा आयोगमा राजनीतिक भागबन्डा नमिल्दा नियुक्ति प्रक्रियामा ढिलाइ भएको प्रष्ट पार्नुभयो।,"He clarified that the appointment process has been delayed due to the lack of political participation in the Service Commission, which needs to move forward from this situation.",D3E,15,medium,Past,Affirmative
COM_P2_D5G_S3_8525,ह्राङदा क्यान्सर ताबा दुइरि ह्राङ्ला दिमथेमे विशेष लासि ह्राङ्ला आले सिद्धार्थसे ल्हानान साहसी गे लाबा मनिषासे पाङ्जि।,आफूलाई क्यान्सर भएको बेलामा आफ्नो परिवार विशेष गरी आफ्नो भाइ सिद्धार्थले निकै साहसी काम गरेको मनिषाले बताइन्।,"Manisha said that her family, especially her brother Siddharth, did a very brave job when she was diagnosed with cancer.",D5G,17,long,Past,Affirmative
COM_P3_D3E_S2_6713,खाराङ्बा नुर खेडोब लाबारि खाम्ला ?,कस्ता विषय अध्ययन गर्न सकिन्छ?,What subjects can be studied?,D3E,5,short,Non-Past,Affirmative
COM_P2_D2H_S1_6178,कोरोना भाइरसलिसो प्रयोग ताबा भ्याक्सिन प्रविधि क्यान्सर क्योन्बारि फेलगेबा लाबान् मुबा।,कोरोना भाइरसविरुद्ध प्रयोग भएको भ्याक्सिन प्रविधि क्यान्सर उपचारमा विकास गरिँदै थियो।,The vaccine technology used against the coronavirus was being developed for cancer treatment.,D2H,11,medium,Past,Affirmative
COM_D3E_S5_3760,इजी पे रसियाला सिटी टेलिकम्युनिकेसन ओसेम विङस सोलुसनला एसोसिएटेड कम्पनी हिन्ना।,इजी पे रसियाको सिटी टेलिकम्युनिकेसन तथा विङस सोलुसनको एसोसिएटेड कम्पनी हो।,Easy Pay is an associated company of Russia's City Telecommunications and Wings Solutions.,D3E,11,medium,Non-Past,Affirmative
COM_D2H_S1_S2_4719,आधुनिक थेन पश्चिमी ल्हुइज्योला पेस्युमा चुरोटला नशासे लाबा ख्युलसे थेनीकादेदा म्लेनालापुङ्बा मुला।,आधुनिक र पश्चिमी जीवनशैलीको नक्कल गर्दा चुरोटको नशाले गर्ने नोक्सानी उनीहरूलाई बिर्साइदिएको छ।,Imitating a modern and Western lifestyle has made them forget the harm caused by cigarette addiction.,D2H,13,medium,Non-Past,Affirmative
COM_P2_D2H_S2_7616,"प्रसूति, आकस्मिक, स्त्रीनोइ राङ्बा सेवासुत्ताइ ह्याङ चुग्यामनोन पिन्बारि बाध्य मुला, भौतिक संरचना मि पर्याप्त मुला जनशक्ति गेल्बा मुला","प्रसूति, आकस्मिक, स्त्रीरोग जस्ता सेवासमेत हामी यहीँबाट दिन बाध्य छौँ, भौतिक संरचना त पर्याप्त छ, जनशक्ति कमजोर छ।","We are forced to provide services like maternity, emergency, and gynecology from here.; the physical infrastructure is adequate, but the manpower is weak.",D2H,18,long,Non-Past,Affirmative
COM_P2_D5G_S1_1154,ङानि दोःसि आपाला या चुङ्सि न्हुपहोना वाङ्जि।,हामी फेरि बाको हात समातेर दक्षिणतिर लाग्यौँ।,We held hands again and headed south.,D5G,7,short,Past,Affirmative
COM_P2_D2H_S5_4249,ब्रोइ थेन थाङ म्हाबा कोभिडला नाछोत तासाइनोन १५ कार्ग्या कोभिडला नाबारि जेक्खेन चु म्राङ्मुला।,स्वाद र गन्ध हराउने कोभिडको लक्षण भए पनि १५ प्रतिशत कोभिडका बिरामीमा मात्र यो देखिन्छ।,"Although loss of taste and smell is a symptom of COVID, it is only seen in 15 percent of COVID patients.",D2H,15,medium,Non-Past,Affirmative
P3_D1A_S0_B3_17,खेबि ताबासे देबा ताबा मुला।,आम्दानी भइरहेकाले सजिलो भएको छ।,It has become easier because there is income.,D1A,5,short,Non-Past,Affirmative
COM_P2_D3E_S1_3017,डा पास लाबालिच्छा लोप्खेनसे तिगा लातोला बिबा सोचला फेल्गेबा लातोबा नाछाल मुला।,कक्षा पास गरेपछि विद्यार्थीले के गर्नुपर्छ भन्ने सोचको विकास गर्नुपर्ने अवस्था छ।,Students need to develop an idea of ​​what to do after passing the class.,D3E,12,medium,Non-Past,Affirmative
COM_P2_D2H_S3_1143,नाबादा छाङरि थान्छि बाबा हिन्ना,बिरामीलाई डोकोमा राखेर ल्याउने हो।,The patient is brought in with a backbasket.,D2H,5,short,Non-Past,Affirmative
COM_P2_D5G_S3_257,सायद खालाइसे दोन आलाबा तातोला।,सायद कसैले मतलब नराखेको हुनुपर्छ।,Maybe someone didn't mean it.,D5G,5,short,Non-Past,Affirmative
COM_P2_D5G_S4_7605,ह्राङला मायालुदा चेगाइरि शङ्का आलाबारि व्हाइरि म्होइजेन लाबा मुला।,आफ्नि मायालुलाई मायामा शङ्का नगर्न गीतमा आग्रह गरिएको छ।,The song urges the lover not to doubt their love.,D5G,9,medium,Non-Past,Affirmative
COM_P3_D3E_S1_11550,लोप्बोनजुगुला  पेशागत ङ्योलोकला कोङह्रावाकि अवतरण लाबारि निम काठुइ थेन बहस ताचिबा मुला।,शिक्षकहरूको पेशागत आन्दोलनको सुरक्षित अवतरण गराउन नियमित छलफल र बहस भइरहेको छ।,Regular discussions and debates are taking place to ensure a safe landing for the teachers' professional movement.,D3E,12,medium,Non-Past,Affirmative
D1A_S0_B2_278,बान्नी नाम्दुङला मेला ताबा ग्ला चुनोन हिन्ना।,बान्नी चैतली मेला लाग्ने ठाउँ यही हो।,This is the place where the Banni Chaitali Mela is held.,D1A,7,short,Non-Past,Affirmative
COM_P2_D4C_S1_B4_887,चितवनला रत्नग्यासारि गिक्छा स्यारकि चितवन ग्रेनकाप्तोन चुःबाला मुला।,चितवनको रत्ननगरमा पहिलो पूर्वी चितवन महोत्सव सुरु भएको छ।,"The first East Chitwan Festival has begun in Ratnanagar, Chitwan.",D4C,9,medium,Non-Past,Affirmative
COM_P2_D3E_S1_4727,सरकारला जेःरि चु सामुदायिक बिजा फेल्गेबा उइ स्याङ्बा मुला।,सरकारको अनुदानमा यी सामुदायिक बाल विकास केन्द्र सञ्चालन गरिएको छ।,These community child development centers are operated with government grants.,D3E,10,medium,Non-Past,Affirmative
COM_D3E_S5_2740,चु जेक्खेन आहिन ह्राङला स्वीकृति आरेना नोन डेटाकादे स्यानदा चुङ्बारि खाम्ला।,यति मात्रै हैन तपाईँको स्वीकृति बिनैपनि डेटाहरू अरूलाई बेच्न सक्छ।,"Not only that, but the data can be sold to others without your consent.",D3E,10,medium,Non-Past,Affirmative
COM_P2_D5G_S4_8985,"बिगत राङ्बान चुरेम नोन व्हाइ व्हाइरिम, चलचित्र, फेसन, मोडलिङला ल्होलो विधाकादेरि फारम भरतिसि बोकिन्बारि म्याङ्सेला मुला।","बिगत झैँ यसपटक पनि गीतसङ्गीत, चलचित्र, फेसन, मोडलिङका विभिन्न विधामा फारम भरेर सहभागी हुन पाइने छ।","Like in the past, this time too, you can participate in various genres such as music, film, fashion, and modeling by filling out forms.",D5G,16,long,Non-Past,Affirmative
COM_P2_D2H_S2_320,न्होरकि आडुपला चपेटामा अस्पताल ताबान निबा मुला।,आर्थिक अभावको चपेटामा अस्पताल पर्दै गएको छ।,The hospital is facing financial difficulties.,D2H,7,short,Non-Past,Affirmative
COM_P2_D3E_S1_6736,विश्वविद्यालयसे लाबा कारबाहीरि सेम आलाबा खागारि ब्रेल्बित व्यक्तिसे दोःसिवेदन लाबारि म्याङ्बा डिछ्या मुला।,विश्वविद्यालयले गरेको कारबाहीमा चित्त नबुझेको खण्डमा सम्बन्धित व्यक्तिले पुनरावेदन गर्न पाउने व्यवस्था छ।,There is a provision for the concerned person to appeal if he/she is dissatisfied with the action taken by the university.,D3E,13,medium,Non-Past,Affirmative
P3_D1A_S0_B3_1479,"सारि ड्रागन स्हेङ्सि पिलर क्यासि, पाना हाररि डिक्नालासि  सुबारि खाम्बा ड्रागन फुड स्यार नेपालरि नौलो रो हिन्ना। ","जग्गामा ड्रागन बनाएर पिलर गाडेर, पातलो हारमा मिलाएर लगाउन सकिने ड्रागन फुड पूर्वी नेपालमा नौलो फल हो।","Dragon fruit, which can be grown in the ground, buried in pillars, and worn in thin necklaces, is a new fruit in eastern Nepal.",D1A,17,long,Non-Past,Affirmative
P2_D1A_S0_B1_24,थे दुक्स्या ३५ कार्ग्याबिमा च्याङ्ना मुबा उपभोगयोग्य म्हान्मुला।,सो विषादी ३५ प्रतिशतभन्दा कम भएमा उपभोगयोग्य मानिन्छ।,It is considered usable if the pesticide content is less than 35 percent.,D1A,8,medium,Non-Past,Affirmative
COM_D5G_S4_1779,आमा डोङ्बा दिङ आछ्योमान आपादा स्यान ब्रेल्साङ लाबारि दबाब पिन्बाकादेला घुइँचो ताबारि तिःजि।,आमाको मृत्युको वर्षदिन नपुग्दै बाबालाई अर्को बिहे गर्न दबाब दिनेहरूको घुइँचो लाग्न थाल्यो।,"Before the anniversary of my mother's death, a crowd of people began to pressure my father to remarry.",D5G,13,medium,Past,Affirmative
COM_D2H_S3_1722,म्हेन्दो १४ ला सफल प्रत्यारोपण लाजिन्जि तासाइ नोन आझान विश्वस्त लाबारि खाम्बा आरे।,१४ जनाको सफल प्रत्यारोपण गरिसक्यौँ तर पनि अझै विश्वस्त गराउन सकेका छैनौँ।,"We have successfully transplanted 14 people, but we are still not able to convince them.",D2H,12,medium,Non-Past,Negative
COM_P2_D3E_S2_5572,तिनिला गोछापजोम्नारि नोन सांसदकादेसे प्रवेश परीक्षाला नतिजा तेःबारि ताबा गडबडीफिरि आपत्ति उन्पाङ्बा मुबा।,आजको प्रतिनिधिसभामा पनि सांसदहरूले प्रवेश परीक्षाको नतिजा प्रकाशनमा भएको गडबडीबारे आपत्ति जनाएका थिए।,"In today's House of Representatives, lawmakers also expressed objections to the irregularities in the publication of entrance exam results.",D3E,13,medium,Past,Affirmative
COM_P2_D5G_S1_3174,"रापदा खाराङलासि ताला, ब्रिबारि वाङ्लास्ह्युगो।","कथालाई जसरी हुन्छ, लेख्न सुरु गर्नुस्।",Start writing the story as it comes.,D5G,6,short,Non-Past,Affirmative
D1A_S0_B2_1873,ह्रेङ्बा खडेरी आतामा उत्पादनसुत्ताइ ल्हेःबा इलाम टी प्रोडयुसर्स प्रालिला ओम काफ्लसे पाङ्स्ह्युजि।,लामो खडेरी नपर्दा उत्पादनसमेत बढेको इलाम टी प्रोडयुसर्स प्रालिका ओम काफ्लले बताउनुभयो।,Om Kafl of Ilam Tea Producers Pvt. Ltd. said that production has also increased due to the absence of a prolonged drought.,D1A,12,medium,Past,Affirmative
D4S_S2_4028,चु ज्योइग्यालामरि झापा थेन ग्यागारह्युलला ह्युलकोर्पा सुत्ताइ छुबान छुबा ग्ला तासि कन्यामदोःना खाबा–निबारि खाम्ला।,यो पदमार्गमा झापा र भारतका पर्यटकसमेत रमाइलै रमाइलो ठाउँ भएर कन्यामसम्म आउन–जान सक्छन्।,"Tourists from Jhapa and India can also enjoy this trekking route and travel all the way to Kanyam, a delightful place.",D4C,13,medium,Non-Past,Affirmative
COM_P2_D3E_S2_1473,बिजाबुमोकादेदा म्हे तोबाह्राङ्बान तोबा संस्कार नोन मुबा।,बालबालिकाहरूलाई गोरु पिटेझैँ पिट्ने संस्कार नै थियो।,It was a tradition to beat children like bulls.,D3E,7,short,Past,Affirmative
COM_P2_D2H_S2_6725,ल्हुइथाङ घेन्दुनरि थेराङलासि गे लाबा ल्हुइथाङगेपाला विवरण एन सरकारसे ह्रिजिन्बा मुला।,स्वास्थ्य संस्थामा त्यसरी काम गर्ने स्वास्थ्यकर्मीको विवरण पनि सरकारले मागिसकेको छ।,The government has also requested details of health workers working in such institutions.,D2H,11,medium,Non-Past,Affirmative
COM_D2H_S1_S2_5044,"चुला लागिरि बेनान सामुदायिक, सहकारी अस्पतालकादेरि सामाजिक ल्हुइथाङ इकाई स्थापना लासेला ब्लोन शर्माले पाङ्जि।","यसका लागि सबै सामुदायिक, सहकारी अस्पतालहरूमा सामाजिक स्वास्थ्य इकाई स्थापना गरिने मन्त्री शर्माले बताए।","For this, Minister Sharma said that social health units will be established in all community and cooperative hospitals.",D2H,14,medium,Past,Affirmative
D1A_S0_B3_780,कफी सास्हिङ ल्हाना तासइनोन उत्पादन पाङ्साम ५० कार्ग्यासे च्याङ्ना ताबा मुला।,कफी खेती बढेपनि उत्पादन भने ५० प्रतिशतले घटेको छ।,"Although coffee cultivation has increased, production has decreased by 50 percent.",D1A,9,medium,Non-Past,Affirmative
COM_D2H_S3_3031,"गर्भधारणला लागिरि यौनसम्पर्क, वीर्यस्खलन, डिम्ब फिर्ग्याप, डिम्ब निषेचन ओसेम डिम्बरोपण राङ्बा ताम तादोबा तोःबा मुला।","गर्भधारणका लागि यौनसम्पर्क, वीर्यस्खलन, डिम्ब निष्कासन, डिम्ब निषेचन अनि डिम्बरोपणजस्ता कुरा हुनु आवश्यक छ।","For pregnancy to occur, sexual intercourse, ejaculation, ovulation, fertilization, and implantation of the egg are necessary.",D2H,14,medium,Non-Past,Affirmative
COM_P2_D3E_S3_212,प्रविधि खेन्पोजुगुसे चु फेसएप असुरक्षित मुबा पाङ्बा मुला।,प्रविधि विशेषज्ञहरूले यो फेसएप असुरक्षित रहेको बताएका छन्।,Technology experts have said that FaceApp is unsafe.,D3E,8,medium,Non-Past,Affirmative
D4S_S2_5120,थेदुइला प्रहरी निरीक्षक रवीन्द्रनाथ पौडेलला टोलीसे थेनिकादेदा चुङ्बा लाबा मुबा।,तत्कालीन प्रहरी निरीक्षक रवीन्द्रनाथ पौडेलको टोलीले उनीहरूलाई पक्राउ गरेको थियो।,They were arrested by a team led by then Police Inspector Rabindranath Poudel.,D4C,10,medium,Past,Affirmative
COM_P2_D2H_S1_1608,पनीर थेन फुमला खु स्होबारि सजिलो तामुला।,पनीर र अण्डाको तरकारी बनाउन सजिलो हुन्छ।,It's easy to make cheese and egg salad.,D2H,7,short,Non-Past,Affirmative
COM_D5G_S3_1138,झान्नाइ ब्लिदिङ ताजि मायुङदिम आजुबा।,झन्डै चार वर्ष पुग्यो माइती नटेकेको।,It's been almost four years since I last saw my family.,D5G,6,short,Unknown,Affirmative
COM_P2_D3E_S1_4189,जोङला सोनमा गाउँपालिका थेन वर्दिवास नगरपालिकासे ग्यासानारि सामुदायिक लोप्खाङजुगुरि छेप्पा बिदा पिन्बा हिन्ना ।,जिल्लाको सोनमा गाँउपालिका र वर्दिवास नगरपालिकाले नगरभरिमा सामुदायिक विद्यालयहरूमा गर्मी बिदा दिएका हुन्।,The Sonma Rural Municipality and Bardibas Municipality in the district have announced summer vacations for community schools across the city.,D3E,13,medium,Non-Past,Affirmative
D1A_S0_B2_1550,नेपालरि बिसाम परिणाम म्हाइबा बिमा औपचारिक भाषणरि जेन चु दिनसाङ दाङ्बा प्रवृत्ति ज्यादा मुला।,नेपालमा भने परिणाम खोज्ने भन्दा औपचारिक भाषणमा मात्रै यो दिवस मनाउने प्रवृत्ति ज्यादा छ।,"In Nepal, there is a tendency to celebrate this day only in formal speeches rather than seeking results.",D1A,14,medium,Non-Past,Affirmative
P3_D1A_S0_B1_1672,म्रिङ्मा गजुरमुखी बहुउद्ह्युल्यीय सहकारी गेन्दुनग्याम्से साझेदारी मोडेलरि हाल्दिला ब्लु ठाबा वडाचोहो योङहाङसे ग्रानाङ पिन्जि।,महिला गजुरमुखी बहुउद्देश्यीय सहकारी संस्थामार्फत साझेदारी मोडेलमा बेसारको बिउ वितरण गरिएको वडाध्यक्ष योङहाङले जानकारी दिए।,Ward Chairman Yonghang informed that turmeric seeds were distributed through the Mahila Gajurmukhi Multipurpose Cooperative Organization under a partnership model.,D1A,15,medium,Past,Affirmative
D1A_S0_B2_1687,थेदा चराङलासि दिङ्कि चुदेनला टाङ्गा खेबि तामा तिमा तिमारि मि म्हाङ राङ्बान ताबा मुबा।,उनलाई यसरी वार्षिक यतिका रकम आम्दानी हुँदा सुरु सुरुमा त सपनजस्तै हुने गरेको थियो।,"At first, earning this much money annually seemed like a dream.",D1A,14,medium,Past,Affirmative
COM_P2_D5G_S1_1743,डोजर अपेटर नोन इन्जिनियर तासि रोङ फुप्पा मुला।,डोजर अपेटर नै इन्जिनियर भएर पहाड फोरिएको छ।,"The dozer operator is an engineer, and the mountain has been cut open.",D5G,8,medium,Non-Past,Affirmative
D4S_S3_1840,थेला कामरे अन्त्येष्टि लाबा हिन्ना।,उनको शनिबार अन्त्येष्टि गरिएको हो।,His funeral was held on Saturday.,D4C,5,short,Non-Past,Affirmative
P2_D1A_S0_B2_117,रेदाङसे दिमरि ग्यार्जा गिक  ङाच्युइ झ्याङ मोजेसास्हिङ मुला।,हरेक घरमा सय पचास झ्याङ केराखेती छ।,Every house has one hundred and fifty banana plants.,D1A,7,short,Non-Past,Affirmative
COM_P2_D2H_S2_7152,गाऊँपालिकाला सुत्केरीदा एम्बुलेन्सला भाडा फा आदोबारिे पाणिनी गाऊँपालिकाला ग्रेन प्रशासकीय अधिकृत हुमलाल भुसालसे ग्रानाङ पिन्जि।,गाउँपालिकाका सुत्केरीलाई एम्बुलेन्सको भाडा तिर्नु नपर्ने पाणिनी गाउँपालिकाका प्रमुख प्रशासकीय अधिकृत हुमलाल भुसालले जानकारी दिए।,"Humlal Bhusal, Chief Administrative Officer of Panini Rural Municipality, informed that mothers in labor in the rural municipality will not have to pay for ambulance fare.",D2H,15,medium,Past,Affirmative
COM_D3E_S5_3791,अवतार तयार ताबालिच्छा खेलाडी चिबा ग्ला स्क्रिनरि नक्साछ्याम म्राङ्मुला।,अवतार तयार भएपछि खेलाडी रहेकै स्थान स्क्रिनमा नक्सासहित देखिन्छ।,"Once the avatar is created, the player's current location appears on the screen along with a map.",D3E,9,medium,Non-Past,Affirmative
P3_D1A_S0_B1_1948,मोकोनबिमा ल्हाना मोजे उत्पादन ताबा जोङरि चितवन न्हिछा ग्लारि तामुला।,सबैभन्दा धेरै केरा उत्पादन हुने जिल्लामा चितवन दोस्रो स्थानमा पर्छ।,Chitwan ranks second among the districts producing the most bananas.,D1A,10,medium,Non-Past,Affirmative
D4S_S1_8122,"ह्युल्साङ, स्यानह्युल्साङ अनुभव पाङ्बा नोन ग्याल्सासे ङोआसेबा दुङालला तिलो ताबा पाङ्बा मुला।","राष्ट्रिय, अन्तर्राष्ट्रिय अनुभव सुनाए पनि राज्यले नचिन्ने दुःखद पक्ष भएको भनाइ छ।",It is said that the sad part is that the state does not recognize it even though it narrates national and international experiences.,D4C,12,medium,Non-Past,Affirmative
P2_D1A_S0_B1_2883,चुला ह्रिबा नोन ल्हेःबा मुला तासाइ नेपालरि आम्बाला उत्पादन बिसाम दिङदाङ्से च्याङ्ना मुला।,यसको माग पनि बढ्दो छ तर नेपालमा आँपको उत्पादन भने वर्षेनी घट्दो छ।,"Its demand is also increasing, but mango production in Nepal is decreasing every year.",D1A,13,medium,Non-Past,Affirmative
COM_P2_D5G_S4_22,फिल्म ङाच्छा सुङरेग्याम ठोङ्सेङ प्रदर्शनरि खाबान मुला।,फिल्म अगामी शुक्रबारबाट सार्वजनिक प्रदर्शनमा आउदैछ।,The film will be released to the public next Friday.,D5G,6,short,Non-Past,Affirmative
COM_D2H_S4_5067,ह्याङसे कालिकोट थैन बाजुरादा कालाजारला उच्च जोखिम ताबा जोङरि लिष्ट लाबा मुला ।,हामीले कालिकोट र बाजुरालाई कालाजारको उच्च जोखिम भएको जिल्लामा लिष्ट गरेका छौँ।,We have listed Kalikot and Bajura as districts with a high risk of Kalajar.,D2H,12,medium,Non-Past,Affirmative
COM_P3_D3E_S1_1025,"एकीकृत पाठ्यक्रम अन्तर्गत कक्षा  गिक हेन्से सोमला लोप्खेनजुगु क्लाङ्बा, चोमताम डोबा, आङ्सिज्योस्हेङरि मग्न मुबा।","एकीकृत पाठ्यक्रम अन्तर्गत कक्षा १ देखि ३ का विद्यार्थीहरू खेल, रचना वाचन, चित्रकलामा मग्न थिए।","Under the integrated curriculum, students from grades 1 to 3 were engaged in games, composition, reading, and painting.",D3E,15,medium,Past,Affirmative
COM_P2_D3E_S3_1844,थेला आन्सार सरकारी स्यान नोन ग्रा सेन्टर तोःबा मुला।,उनका अनुसार सरकारी अरू पनि डाटा सेन्टर चाहिन्छ।,"According to him, other government data centers are also needed.",D3E,8,medium,Non-Past,Affirmative
COM_D5G_S1_S2_1461,सुट टाई क्वान्सि ब्रासि चिचिमुबा।,सुट टाई लगाएर हिँडिरहेको थियो।,He was walking around wearing a suit and tie.,D5G,5,short,Past,Affirmative
COM_P2_D3E_S1_4023,ग्युइसेरला राजधानी नोन बिबा सानोठिमिरि मुबा ग्याल्साङ परीक्षा बोर्डरि नारे ल्होलो वातावरण म्राङ्जि।,शिक्षाको राजधानी पनि भनिने सानोठिमीस्थित राष्ट्रिय परीक्षा बोर्डमा बिहीवार अलग वातावरण देखियो।,"A different atmosphere was seen on Thursday at the National Examination Board in Sanothimi, also known as the capital of education.",D3E,12,medium,Past,Affirmative
COM_D4C_S1_S2_2786,थेसे योनान गौतम बुद्धअन्तरराष्ट्रिय विमानस्थलग्याम नियमित उडान ताबा पाङ्जि।,उनले छिट्टै गौतम बुद्ध अन्तर्राष्ट्रिय विमानस्थलबाट नियमित उडान हुने बताए।,He said that regular flights will soon be available from Gautam Buddha International Airport.,D4C,10,medium,Past,Affirmative
COM_D5G_S1_S2_3838,थेसे ह्राङला बोगाल दिङ साङ्गीतिक ल्हुइरि गोरब्रे एल्बम तेःबा मुबा।,उनले आफ्नो २० वर्षे साङ्गीतिक जीवनमा ८ एल्बम निकालेका थिए।,He released 8 albums in his 20-year musical career.,D5G,10,medium,Past,Affirmative
P4_D1A_S1_B1_3372-,स्यानह्युल बजाररि सार ल्हाना ताबा ङ्यान्दि नेपालला ठेकेदारकादेसे युबा ठेक्का नोन रद्द लाबा मुला।,अन्तर्राष्ट्रिय बजारमा मल महँगो भएका कारण नेपालका ठेकेदारहरुले हालेका ठेक्का पनि रद्द गरेका छन्।,Nepali contractors have also canceled contracts due to the high cost of fertilizer in the international market.,D1A,14,medium,Non-Past,Affirmative
COM_P2_D2H_S3_1914,निबा दिङ केवाबिमा सिबाछाद ल्हाना मापन लाबा मुबा।,गतवर्ष जन्मभन्दा मृत्युदर बढी मापन गरिएको थियो।,"Last year, the death rate was measured to be higher than the birth rate.",D2H,7,short,Past,Affirmative
COM_D3E_S1_S2_727,थेसे सडकरि मुबा बिजाबुमोला जिम्मेवारी सरकारसे किन्सेला पाङ्जि।,उनले सडकमा भएका बालबालिकाको जिम्मेवारी सरकारले लिने बताए।,He said that the government will take responsibility for the children on the streets.,D3E,8,medium,Past,Affirmative
COM_D4C_S1_S2_6621,चुराङलासि फ्रान्सला पेरिसरि मुबा नेपाली दूतावास थेन नेपाल ह्युलकोर बोर्डसे संयुक्त स्रुगरि स्हेङ्बा नेपाल इभिनिङ गेताङरि ब्लोन पाण्डेले फ्रान्सेली ह्युलम्हिदा नेपाल कोरल्हामला निम्तो पिन्बाला मुबा।,यसैगरी फ्रान्सको पेरिसस्थित नेपाली दूतावास र नेपाल पर्यटन बोर्डले संयुक्त रूपमा आयोजना गरेको नेपाल इभिनिङ कार्यक्रममा मन्त्री पाण्डेले फ्रान्सेली नागरिकलाई नेपाल भ्रमणको निम्तो दिएका थिए।,"Similarly, at the Nepal Evening program jointly organized by the Nepali Embassy in Paris, France and the Nepal Tourism Board, Minister Pandey invited French citizens to visit Nepal.",D4C,25,very long,Past,Affirmative
COM_D5G_S5_1793,दर्शकला क्योङकार्ग्या सहानुभूति प्रेमीप्रेमिकाछाप सोहोर्दिबा लासि पटकथा डिजाइन लाबा तामुला।,दर्शकको शतप्रतिशत सहानुभूति प्रेमीप्रेमिकाप्रति सोहोरिने गरी पटकथा डिजाइन गरिएको हुन्छ।,The screenplay is designed to elicit a hundred percent sympathy from the audience towards the lovers.,D5G,10,medium,Non-Past,Affirmative
COM_D3E_S3_4544,२१ छा ल्होग्यार्जारि आतङ्कवाद विश्वला बेनानबिमा खतरनाक गाकाङालला स्रुगरि स्थापित ताबा मुला।,२१ औँ शताब्दीमा आतङ्कवाद विश्वको सबैभन्दा खतरनाक संकटका रूपमा स्थापित भएको छ।,Terrorism has emerged as the world's most dangerous crisis in the 21st century.,D3E,12,medium,Non-Past,Affirmative
COM_P2_D3E_S2_6544,थेराङ्बान पोलिटिकल साइन्सला नतिजासुत्ताइ ११ रेरिन ठोङ्सेङ ताबा मुबा।,त्यस्तै पोलिटिकल साइन्सको नतिजासमेत ११ दिनमै सार्वजनिक भएको थियो।,"Similarly, the results of Political Science were also made public within 11 days.",D3E,9,medium,Past,Affirmative
COM_P2_D5G_S2_7864,थे दुइलिच्छा ह्याङसे कोला ङानितेन चिला बिबा ह्रेपा लाबारि आता।,त्यो समयपछि हामीले बच्चा हामीसँगै बस्लान् भन्ने आशा गर्नु हुँदैन।,We should not expect the child to stay with us after that time.,D5G,10,medium,Non-Past,Negative
COM_P2_D4C_S1_B2_1775,कैलाश पर्वत थेन गौरीशङ्कर लाथानरि दिङरि गिकरेम भव्य मेला तामुला।,कैलाश पर्वत र गौरीशङ्कर मन्दिरमा वर्षमा एकपटक भव्य मेला लाग्छ।,A grand fair is held once a year at Mount Kailash and the Gauri Shankar Temple.,D4C,10,medium,Non-Past,Affirmative
COM_D4C_S1_S2_1432,तेन्तो लाइतिबाला दुङाल म्लेबा प्रयत्नलिस्रुग ङ्यासे रिमठिमकि गेताङ ओसेम देउडा प्रतियोगिता लामुला।,बाली लगाउँदाको दुःख बिर्सने प्रयत्नस्वरूप साँझमा सांस्कृतिक कार्यक्रम तथा देउडा प्रतियोगिता गरिन्छ।,"In an effort to forget the pain of planting crops, cultural programs and Deuda competitions are held in the evenings.",D4C,12,medium,Non-Past,Affirmative
COM_D5G_S3_2426,रेदाङ्से ब्रादोबा म्हिदा मि आरामसे दिमलान छतरि दिनि तासि चिमा आनन्द ताबा नोन ताजि।,हरेक दिन हिँड्नुपर्ने मान्छेलाई त आरामले घरकै छतमा घाम तापेर बस्दा आनन्द लाग्ने नै भयो।,"For someone who has to walk every day, it was a pleasure to sit comfortably on the roof of their house, basking in the sun.",D5G,15,medium,Past,Affirmative
COM_P2_D2H_S1_1860,आयुर्वेदिक खेन्पोकादेला आन्सार एक/दुई दशक ङाच्छा चोरोङ्बा स्थिति मुबा।,आयुर्वेदिक विशेषज्ञहरूका अनुसार एक/दुई दशकअघि यस्तो स्थिति थिएन।,"According to Ayurvedic experts, this was not the case a decade or two ago.",D2H,8,medium,Past,Negative
P2_D1A_S0_B2_1997,थाङ्बा च्याद बोर्डरला ङ्यान्दि लुसिखाबा खाबा थेराङ्बा दुक्स्याकला क्योल्बारि खाम्बासे सरकार थेन सानाम्पा न्हिनोन सजग तातोबा म्राङ्मुला।,खुला बोर्डरका कारण लुकिछिपी आएका त्यस्ता विषादीको प्रयोग हुन सक्ने भएकाले सरकार र किसान दुवै सजग हुनुपर्ने देखिन्छ।,It seems that both the government and farmers should be aware of the possibility of such pesticides being used illegally due to open borders.,D1A,18,long,Non-Past,Affirmative
P3_D1A_S0_B3_1742,सानाम्पाला उत्पादन लागत नोन ल्हाना ताबालिच्छा बाध्य तासि साइ ल्हेना लाबासे नेपाल डेरी उद्योग गेन्दुनला चोहो राजकुमार दाहालसे पाङ्मुला।,किसानको उत्पादन लागत नै महँगो परेपछि बाध्य भएर मूल्य बढाएको नेपाल डेरी उद्योग सङ्घका अध्यक्ष राजकुमार दाहाल बताउँछन्।,"Rajkumar Dahal, president of the Nepal Dairy Industry Association, says that farmers were forced to increase prices after their production costs became expensive.",D1A,18,long,Non-Past,Affirmative
COM_P2_D2H_S1_9357,"दात्ते वीर, नारायाणी थेन प्रसूति गृहसे अस्पतालरि चु सम्बन्धित क्योन्बाला लागि खाबा नाबा रेफर लाबाला विकल्प आरे।","अहिले वीर, नारायाणी र प्रसूति गृहले अस्पतालमा यी सम्बन्धित उपचारका लागि आउने बिरामी रेफर गर्नुको विकल्प छैन।","Currently, Veer, Narayani, and the maternity ward have no choice but to refer patients to the hospital for these related treatments.",D2H,17,long,Non-Past,Negative
D1A_S0_B1_4916,"सानाम थुमला अवशेष ख्राङ्बासे ल्हानान हानिकारक ग्यास उत्सर्जित ताबा, खेन्पो दाससे पाङ्ला, चुसे प्राकृतिक खोर्लोदा नोन पोसि तापक्रम ल्हेला, खडेरी ताला, ल्हाना नाम ताइला थेन ल्हुङ प्रदुषण ताला। ","कृषि क्षेत्रका अवशेष जलाउनाले विभिन्न हानीकारक ग्यास उत्सर्जित हुन्छ, विज्ञ दास भन्छन्, यसले प्राकृतिक चक्रलाई नै परिवर्तन भई तापक्रम बढ्छ, खडेरी पर्छ, बढी वर्षा हुन्छ र वायु प्रदूषण बढ्छ।","Burning agricultural residues emits various harmful gases, says expert Das, which alters natural cycles, leading to increased temperatures, droughts, increased rainfall, and increased air pollution.",D1A,29,very long,Non-Past,Affirmative
COM_D5G_S3_880,सहिदकादेला म्हाङ शासक थेन शासन डिछ्या पोल्बा जे आरेबा।,सहिदहरूको सपना शासक र शासन व्यवस्था बदल्नेमात्र थिएन।,The dream of the martyrs was not just to change the ruler and the system of government.,D5G,8,medium,Past,Negative
COM_P2_D4C_S1_B4_1469,चुराङ्बा परम्परासे दात्ते छोङनामकि स्रुगरि नोन महत्त्व याङ्बान निबा मुला।,यस्ता परम्पराले अहिले व्यावसायिक रूपमा पनि महत्त्व पाउँदै गएका छन्।,Such traditions are now gaining commercial importance as well.,D4C,10,medium,Non-Past,Affirmative
COM_D5G_S3_1440,राङबाङला ल्हाना दोन म्हाइबारि लेङ्बा मुला।,स्वतन्त्रताको धेरै अर्थ खोज्न बाँकी छ।,Much of the meaning of freedom remains to be discovered.,D5G,6,short,Non-Past,Affirmative
COM_D2H_S4_2042,ला सोम नाङरि नतिजा पिन्बा लासि गे लाबारि थेसे अस्पतालला चिकित्सक कर्मचारीदा काठान सुत्ताइ पिन्जि।,तीन महिनाभित्र नतिजा दिने गरी काम गर्न उनले अस्पतालका चिकित्सक कर्मचारीलाई निर्देशनसमेत दिए।,He also instructed the hospital's medical staff to work to deliver results within three months.,D2H,13,medium,Past,Affirmative
COM_D2H_S1_S2_3125,सरकारग्याम अनुमति आकिन्ना स्याङ्बारि मुबा विराटनगरला बिग अस्पताल सिल लाबा मुला।,सरकारबाट अनुमति नलिई सञ्चालनमा रहेको विराटनगरको बिग अस्पताल सिल गरिएको छ।,"Biratnagar's Big Hospital, which was operating without permission from the government, has been sealed.",D2H,11,medium,Non-Past,Affirmative
D1A_S0_B3_258,उद्योगग्याम उत्पादन ताबा प्राङ्गारिक सार किलोछाप सिका २५ रि चुङ्बा मुला।,उद्योगबाट उत्पादन हुने प्राङ्गारिक मल प्रतिकिलो रु २५ मा बिक्री हुन्छ।,Organic fertilizer produced by the industry is sold for Rs. 25 per kilogram.,D1A,11,medium,Non-Past,Affirmative
P3_D1A_S0_B3_1043,"गेताङ व्हाना सुन साबा थ्रेसर, बु मोइबा मिनीटिलर ओसेम ट्रयाक्टररि जेःला डिछ्या लाबा मुला।","कार्यक्रमअन्तर्गत धान चुट्ने थ्रेसर, खेत जोत्ने मिनीटिलर तथा ट्रयाक्टरमा अनुदानको व्यवस्था गरिएको छ।","Under the program, subsidies have been provided for rice threshers, mini-tillers, and tractors.",D1A,13,medium,Non-Past,Affirmative
COM_D2H_S1_S2_4268,तासाइ नेपाल थेन ग्यागारह्युलराङ्बा ह्युलरि बिसाम  हर्लिक्ससे खानाङदामन विज्ञापन लामुला।,तर नेपाल र भारतजस्ता देशमा भने हर्लिक्सले जथाभावी विज्ञापन गर्छ।,"But in countries like Nepal and India, Horlicks advertises indiscriminately.",D2H,10,medium,Non-Past,Affirmative
COM_P2_D2H_S4_5682,अस्पतालरि पैसा बुझबलाबारि आखाम्मा लिच्छाला पटकला बायोप्सी रिपोर्ट च्याबारि आयाङ्बा भट्टराईसे पाङ्जि।,अस्पतालमा पैसा बुझाउन नसक्दा पछिल्लो पटकको बायोप्सी रिपोर्ट हेर्न नपाएको भट्टराईले बताए।,Bhattarai said that he was unable to see the latest biopsy report because he could not pay the hospital.,D2H,12,medium,Past,Affirmative
D1A_S0_B2_1570,फाकफोकव्हाना तीनजुरे च्या सहकारी गेन्दुनरि नोन चुरेम पिङ्गाइपत्ती उत्पादन ल्हेःबा मुला।,फाकफोकस्थित तीनजुरे चिया सहकारी संस्थामा पनि यसपटक हरियोपत्ती उत्पादन बढेको छ।,Green tea production has also increased this time at the Tinjure Tea Cooperative in Phakphok.,D1A,11,medium,Non-Past,Affirmative
COM_D3E_S4_3085,नेपाल सरकार ह्राङसेन नोन रेलमार्ग स्हेङ्बारि खाम्बा खेडोबग्याम म्राङ्बा मुला।,नेपाल सरकार आफैँले पनि रेलमार्ग निर्माण गर्न सक्ने अध्ययनबाट देखिएको छ।,The study shows that the Nepal government itself can build the railway.,D3E,11,medium,Non-Past,Affirmative
COM_P2_D2H_S4_5246,अनुसन्धानसे थे म्हिकादेसे घन्टा गिकरि १६ रेम ह्राङ्ला लिःरि या दोनालाबा आनाम थुर्बा स्याप्चि।,अनुसन्धानले ती मानिसहरूले एक घन्टामा १६ पटक आफ्नो अनुहारमा हात पुर्‍याएको अर्थात छोएको पाइयो।,The research found that these people touched their faces 16 times in an hour.,D2H,14,medium,Past,Affirmative
D1A_S0_B2_1163,चु दिङ आझान तिलाइ दिन गाइसेदा ताबा मुला।,यस वर्ष अझै केही दिन ढिलो हुने भएको छ।,It is going to be a few more days late this year.,D1A,9,medium,Non-Past,Affirmative
COM_P2_D5G_S3_3469,"चुराङ्बा काल्पनिक राप खासिचिमुला, थेरि ङादा खाचिबाइ प्रतिक्रिया पिन्बारि आरे।","यस्ता काल्पनिक कथा आइरहन्छन्, त्यसमा मलाई कुनै प्रतिक्रिया दिनु छैन।","These kinds of fictional stories keep coming up, and I have no comment to make.",D5G,10,medium,Non-Past,Negative
COM_D5G_S5_3045,च्याङ्नादा जे था मुताला कि चु फिल्मला गिक्छा दाम्बा शारूख आरेबा।,कमैलाई मात्र थाहा होला कि यो फिल्मको पहिलो रोजाइ शाहरूख थिएनन्।,Few people know that Shah Rukh was not the first choice for this film.,D5G,11,medium,Past,Negative
COM_P2_D5G_S3_8405,ह्रेङ्बा दुइहेन्से समावेशी विविधताला वकालत लाबाकादेसे ह्राङ्ला म्हाङला सङ्घीयताला स्रुग नोन गोरनिस नाेन प्रदेशरि याङ्बा मुला।,लामो समयदेखि समावेशी विविधताको वकालत गर्नेहरूले आफ्नो सपनाको सङ्घीयताको स्वरूप पनि सात वटै प्रदेशमा पाएका छन्।,Long-time advocates of inclusive diversity have also found their dream form of federalism in all seven provinces.,D5G,16,long,Non-Past,Affirmative
COM_D2H_S4_3668,"न्हे बिमा, ङानिसे स्यान्दो स्हेकादेला फिरि नोन सेमुला जुनछे नाख्रुकादे कोङ्बा स्होमुला।","दुध बाहेक, हामी अरू चीजहरूको बारेमा पनि जान्दछौँ  जसले हड्डीहरू बलियो बनाउँदछ।","Apart from milk, we also know about other things that strengthen bones.",D2H,12,medium,Non-Past,Affirmative
COM_D2H_S3_3596,व्यायामलिच्छा तेमे चामा चुरि स्याप्पा कार्बोहाइड्रेटसे ल्हुइदा योःना ऊर्जा पिन्बा गे लामुला।,व्यायामपछिआलु सेवन गरे यसमा पाइने कार्बोहाइड्रेटले शरीरलाई छिटो ऊर्जा दिने काम गर्छ।,"If you eat potatoes after exercise, the carbohydrates found in them provide the body with quick energy.",D2H,12,medium,Non-Past,Affirmative
COM_D2H_S4_5026,डर थेन पेबाला ङ्यान्दि दात्तेदोना क्योन्बा आलापुङ्बा थेसे ल्हुइथाङ शिविररि म्रिङ्मा डाक्टरनोन राङ्ला काक्ता खुल्दिसि थान्जि।,डर र लाजकै कारण अहिलेसम्म उपचार नगराएकी उनले स्वास्थ्य शिविरमा महिला डाक्टरसँग आफ्नो समस्या खुलेर राखिन्।,"She, who had not sought treatment yet due to fear and shame, openly shared her problems with a female doctor at the health camp.",D2H,16,long,Non-Past,Affirmative
COM_P2_D4C_S1_B1_4531,केन्जिङ गोन्बोला मिनग्याम नोन चुला मिन केन्जिङ उपत्यका चिबारि निबा पाङ्मुला।,केन्जिङ गुम्बाको नामबाटै यसको नाम केन्जिङ उपत्यका रहन गएको भनिन्छ।,It is said that the name Kenjing Valley derives from the name of Kenjing Monastery.,D4C,10,medium,Non-Past,Affirmative
COM_P2_D2H_S1_5069,यदि ह्राङदा छ्याम्बाब्युङ्बा लाग्तिचिबा मुला बिसाम मास्क क्वान्स्ह्युगो थेसे स्यान्दो व्यक्तिदोःना च्यालाङ आतागाइ।,यदि तपाईँलाई रुघाखोकी लागिरहेको छ भनेचाहिँ मास्क लगाउनुहोस् ताकि अर्को व्यक्तिसम्म सङ्क्रमण न पुगोस्।,"If you are feeling sick, wear a mask to prevent spreading the infection to others.",D2H,14,medium,Non-Past,Affirmative
D1A_S0_B1_550,ङोरि या थान्दोबा।,पुर्पुरोमा हात राख्नु पर्ने।,You have to keep your hands on the ground.,D1A,4,short,Non-Past,Affirmative
COM_P2_D3E_S2_3890,"चु काक्ता पञ्चकन्याला जेक्खेन आहिन, रावाबेंसी गाउँपालिका-४, धारापानीरि मुबा विद्योद्वय आधारभूत विद्यालयला नोन हिन्ना।","यो समस्या पञ्चकन्याको मात्रै होइन, रावाबेंसी गाउँपालिका-४, धारापानीस्थित विद्योद्वय आधारभूत विद्यालयको पनि हो।","This problem is not only with Panchakanya, but also with Vidyodwaya Basic School in Dharapani, Rawabensi Rural Municipality-4.",D3E,13,medium,Non-Past,Affirmative
COM_D2H_S1_S2_4368,वीर अस्पतालरि चु साप्तो सन् २००८/९ रिन चुःबा तासाइ नोन दक्ष जनशक्तिला आडुपसे काबा मुबा।,वीर अस्पतालमा यो सेवा सन् २००८/९ मै सुरु भएतापनि दक्ष जनशक्तिको अभावले रोकिएको थियो।,"Although this service was started at Bir Hospital in 2008/9, it was stopped due to lack of skilled manpower.",D2H,14,medium,Past,Affirmative
COM_P2_D5G_S1_6421,ङाला कर्तव्य फेल्गेबाकि आयोजना थेन ह्युलम्हितेनला ब्रेलरि थिग्युन बासेला मुला।,मेरो कर्तव्य विकासे आयोजना र जनतासँगको सम्बन्धमा सुधार ल्याउनु हुनेछ।,My duty will be to improve development projects and relationships with the people.,D5G,10,medium,Non-Past,Affirmative
COM_P2_D3E_S3_1664,थेलिच्छा फिच्चा क्षुद्र ग्रहला खेडोब लामुला।,त्यसपछि उक्त क्षुद्र ग्रहको अध्ययन गरिन्छ।,The asteroid is then studied.,D3E,6,short,Non-Past,Affirmative
P4_D1A_S1_B2_3890,चु दिङ जोन पाल्पासे सानाम्पाजुगुला बोकिन्बारि स्थायी प्रकृतिला फाइला टनेल स्हेङ्बा गेदा ङाच्छा दाङ्बा थेसे पाङ्जि।,यो वर्ष जोन पाल्पाले कृषकहरूको सहभागितामा स्थाई प्रकृतिको फलामे टनेलको निर्माण कार्यलाई अगाडि बढाउने उनले बताए।,"He said that this year, John Palpa will take forward the construction of a permanent steel tunnel with the participation of farmers.",D1A,16,long,Past,Affirmative
D4S_S1_8110,"दिङ गिक ङाच्छा तालिबानसे कब्जा लाबालिच्छा अफगानिस्तान स्यानह्युल स्रुगरि एक्ले ताबा मुबा, तासाइ ग्यानाकह्युलसे ह्रो पिन्बा मुबा।","एक वर्षअघि तालिबानले कब्जा गरेपछि अफगानिस्तान अन्तर्राष्ट्रिय रूपमा एक्लिएको थियो, तर चीनले साथ दिएको थियो।","Afghanistan was isolated internationally after the Taliban took over a year ago, but China stood by it.",D4C,15,medium,Past,Affirmative
P4_D1A_S1_B2_2484-,सानाम्पासे खाल्ला सारि मुसाइ नोन सुन रोना लाबा डिछ्या गाउँपालिकासे लाबा थेला पाङ्बा मुबा।,कृषकले जसको जमिनमा भए पनि धान फलाए हुने व्यवस्था गाउँपालिकाले गरेको उनको भनाइ थियो।,He said that the rural municipality has made arrangements so that farmers can grow rice on whatever land they have.,D1A,14,medium,Past,Affirmative
COM_P2_D2H_S3_3523,कान ख्लाबारि आतामुला थेन ह्राङ्ला आहाररि छिङ्गाइ खु थेन रोरो समावेश लास्युगो।,खाना छाड्नु हुँदैन र आफ्नो आहारमा काँचो तरकारी र फलफूल समावेश गर्नुहोस्।,Don't skip meals and include raw vegetables and fruits in your diet.,D2H,12,medium,Non-Past,Affirmative
COM_P2_D2H_S1_2887,डिप्रेसन वा स्यान्दो मानसिक नोइ ह्रेङ्बा दुइहेन्से डिप्रेशनला किर्पा ताबा म्हिरि एन म्लेबा छ्याब तामुला।,डिप्रेशन वा अन्य मानसिक रोग–लामो समयदेखि डिप्रेशनको शिकार हुने मानिसमा पनि बिर्सने बानी हुन्छ।,Depression or other mental illness – People who have been suffering from depression for a long time also tend to be forgetful.,D2H,14,medium,Non-Past,Affirmative
COM_D3E_S5_2308,"ङाइ ह्याङ्ला लोप्खेनजुगुसे अमूल्य आईसीटी सीपजुगु, थेसे थेनिकादेदा चु डिजिटल युगला लागि तयार लासिचिबा मुला।","मैले हाम्रा विद्यार्थीहरूले अमूल्य आईसीटी सीपहरू, जसले उनीहरूलाई यस डिजिटल युगको लागि तयार गरिराखेको छ।","I believe our students have acquired invaluable ICT skills, which are preparing them for this digital age.",D3E,15,medium,Non-Past,Affirmative
D4S_S2_6172,बजेटग्याम वैदेशिक रोजगाररि निबा ओसेम दोःबा छारिब्योनदा सुत्ताइ लक्षित लासि तालिम ओसेम प्रशिक्षणला गेताङ स्याङ्बा नुर प्राथमिकतारि ताबा मुला।,बजेटमार्फत वैदेशिक रोजगारमा गएका तथा फर्किएका युवालाई समेत लक्षित गरि तालिम तथा प्रशिक्षणका कार्यक्रम सञ्चालन गर्ने विषय प्राथमिकतामा परेको छ।,The budget has prioritized the issue of conducting training and apprenticeship programs targeting youth who have gone for foreign employment and those who have returned.,D4C,20,long,Non-Past,Affirmative
COM_D2H_S4_2760,थेसे चुह्राङ्बारिताबा डेङ्गीला तोसो पोबा ताबा एन ताबारि खाम्सेला आकलन लामुला।,उनले यस्तोमा हुनुमा डेङ्गीको प्रकार परिवर्तन भएको पनि हुन सक्ने आकलन गर्छन्।,He estimates that this may have caused the type of dengue to change.,D2H,12,medium,Non-Past,Affirmative
COM_P2_D3E_S2_1543,विन्टर क्याम्प २०८१ क्योङस्रुगरि स्हाङ्बा ताबा मुबा।,विन्टर क्याम्प २०८१ पूर्णरूपमा सफल भएको थियो।,Winter Camp 2081 was a complete success.,D3E,7,short,Past,Affirmative
COM_P2_D5G_S1_6064,थेर्ला उत्पादन बजार दोबारि खाम्जि आखाम्जि थेन सडक फ्रेल्बासे समाजरि तिका खेना ताला ?,त्यहाँको उत्पादन बजार पुग्न सक्यो–सकेन र सडक विस्तारले समाजमा के फाइदा हुन्छ?,"Will the products there be able to reach the market, and what benefits will the expansion of the road bring to society?",D5G,12,medium,Non-Past,Affirmative
COM_P2_D3E_S1_3209,निस रेन्हाङरि स्ह्युसेन पिन्बारि न्हाङरि स्ह्युसेन पिन्बारि ग्रारि पाङ्बा मुला।,सात दिनभित्र आवेदन दिन भित्र आवेदन दिन सूचनामा भनिएको छ।,The notice states that applications must be submitted within seven days.,D3E,10,medium,Non-Past,Affirmative
D4S_S3_6553,खिम्सागुङला ग्यास उद्योग काक्ता ताबालिच्छा ल्हेतोबा ह्रिबा लाबा मुला।,बस्तीबीचको ग्यास उद्योग समस्या बनेपछि सार्नुपर्ने माग गरिएको छ।,There have been demands to relocate the gas industry between settlements after it became a problem.,D4C,9,medium,Non-Past,Affirmative
D1A_S0_B1_778,लिच्छाला दुइ रासायनिक सारला लोतु लातोबा नाछाल आरे।,पछिल्लो समय रासायनिक मलको चिन्ता गर्नुपर्ने अवस्था छैन।,There is no need to worry about chemical fertilizers these days.,D1A,8,medium,Non-Past,Negative
COM_D2H_S3_4071,"ङ्हेरि सेडेटिभ  गुण एन तामुला, थेङ्यान्दि म्हुना चुदा थुङ्मा चुरि मुबा सेरोटोनिनसे ह्राङदा स्हिवा पिन्बा लामुला थेन ज्याबा ङु पिन्मुला।","दूधमा सेडेटिभ गुण पनि हुन्छ, जसकारण राती यसलाई पिउँदा यसमा मौजूद सेरोटोनिनले तपाईँलाई शान्ति प्रदान गर्छ र राम्रो निन्द्रा दिन्छ।","Milk also has sedative properties, so when you drink it at night, the serotonin present in it calms you down and helps you sleep better.",D2H,20,long,Non-Past,Affirmative
COM_P2_D5G_S4_5769,बिजाबुमोसे थेराङ्बा चलचित्र च्याबारि म्हान्साम अनिवार्य स्रुगरि अभिभावकछ्याम च्याबारि म्याङ्मुला।,बालबालिकाले त्यस्ता चलचित्र हेर्न चाहेमा अनिवार्य रूपमा अभिभावकसँगै हेर्न पाउँछन्।,Children can watch such movies only with their parents if they wish.,D5G,10,medium,Non-Past,Affirmative
D4S_S1_617,थेसे फिह्युल्कि रोजगारीला म्राप सुत्ताइ ठोङ्बा मुला।,जसले वैदेशिक रोजगारीका ढोका समेत खुलेको छ।,Which has also opened the doors to foreign employment.,D4C,7,short,Non-Past,Affirmative
COM_D5G_S4_1534,तिलाइ दुइरि चा एकदम निरास थेन खिन्ना ताबा।,कुनै वेलामा चाहिँ एकदम निरास र खिन्न हुने।,"At times, I feel very sad and depressed.",D5G,8,medium,Non-Past,Affirmative
COM_D3E_S1_S2_6,ह्याङ्ला ह्युलरि २० कार्ग्यासे प्राविधिक ग्युइसेर किन्सेलामुला।,हाम्रो देशमा २० प्रतिशतले प्राविधिक शिक्षा लिन्छन्।,"In our country, 20 percent of people pursue technical education.",D3E,7,short,Non-Past,Affirmative
COM_P2_D5G_S3_6222,थेराङ तामा ङा चुरि अझ ज्यानालासि आङाकादेला च्याबासाेबा  लाबारि खाम्ला।,त्यसो हुँदा म यहाँ अझ राम्रोसँग बहिनीहरूको रेखदेख गर्न सक्छु।,"That way, I can take better care of the sisters here.",D5G,10,medium,Non-Past,Affirmative
COM_P2_D5G_S2_6074,नेपाल प्रज्ञा-प्रतिष्ठान थेन ग्यानाकह्युल्कि ब्रिखेन गेन्दुनला डिक्सि स्हेङ्बारि नेपाल-ग्यानाकह्युल अनलाइन ग्योइकाइ जोम्ना थुम्बा मुला।,नेपाल प्रज्ञा-प्रतिष्ठान र चिनियाँ लेखक सङ्घको संयुक्त आयोजनामा नेपाल-चीन अनलाइन साहित्य सम्मेलन सम्पन्न भएको छ।,"The Nepal-China Online Literature Conference, jointly organized by the Nepal Academy and the Chinese Writers Association, has concluded.",D5G,15,medium,Non-Past,Affirmative
COM_D3E_S1_S2_1696,लोप्खेनसे छोक्बारिन आसेबा ताम ङ्योइबा थेन छोक्बारिन काठुइ लासि खेडोब लापिन्बा लाबा मुला।,विद्यार्थीले समूहमै नजानेको कुरा सोध्ने र समूहमै छलफल गरेर अध्ययन गराउने गरिएको छ।,Students are asked to ask questions about things they don't know in groups and have them discuss and study them in groups.,D3E,13,medium,Non-Past,Affirmative
COM_P2_D4C_S1_B3_3233,विश्वलान ह्यार्देबिमा नोबा गाङजो ज्योमोलुङ्मा मुबा फिच्चा थुमदोःना दोबा थेनिकादेला गोर्गिक ग्रेन म्हाङ तामुला।,विश्वकै सर्वोच्च शिखर सगरमाथा रहेको उक्त क्षेत्रसम्म पुग्नु उनीहरूको एउटा ठूलो सपना हुन्छ।,"It is their big dream to reach the area where Mount Everest, the world's highest peak, is located.",D4C,13,medium,Non-Past,Affirmative
COM_P2_D2H_S1_6433,चुसे थेला लचिलोपन थुम्बा तामुला थेसे लामा च्याङ्ना जेक्खे झट्का लाग्तिसाइ एन स्हेर तिःमुला।,यसले त्यसको लचिलोपन समाप्त हुन्छ जसले गर्दा थोरै मात्र झट्का लागे पनि पीडा सुरु हुन्छ।,"This causes its elasticity to be lost, causing pain even with the slightest shock.",D2H,15,medium,Non-Past,Affirmative
COM_D3E_S4_1730,ल्हाना ह्युलरि मुबा ठिमजुगु ट्वीट्स वा ट्वीटर एकाउन्टररि लागु ताबारि खाम्ला।,धेरै देशमा भएका कानुनहरू ट्वीट्स वा ट्वीटर अकाउन्टमा लागू हुन सक्छन्।,Laws in many countries may apply to Tweets or Twitter accounts.,D3E,11,medium,Non-Past,Affirmative
COM_D5G_S3_1615,थे मिजासिली नोन मुबा।,उनी मिजासिली पनि थिईन्।,She was also moody.,D5G,4,short,Past,Affirmative
D4S_S1_5517,ग्लुबा थेन ढुवानी नोन महँगो ताबालिच्छा महँगोरि चुङ्बारि बाध्य ताबा छोङ्पाला पाङ्बा मुला।,खरिद र ढुवानी नै महँगो परेपछि महँगोमा बेच्न बाध्य भएको व्यापारीको भनाइ छ।,The trader says that he is forced to sell at a higher price because the purchase and transportation are expensive.,D4C,13,medium,Non-Past,Affirmative
COM_P2_D2H_S2_3033,जुनला सटिक क्योन्बा खाजिबाइ याक्खार्गिन् चिकित्सा पद्धतिग्याम सम्भव आरे।,जसको सटिक उपचार कुनै एक चिकित्सा पद्धतिबाट सम्भव छैन।,The exact treatment of which is not possible with any single medical method.,D2H,9,medium,Non-Past,Negative
COM_P2_D5G_S3_1668,"काङसेन निबा सेम ताजि, सडकला कुनिन कुनि ब्राबारि वाङ्जि।","पैदलै जान मन भयो, सडकको किनारैकिनार हिँड्न थाल्यौँ।","I felt like going on foot, so we started walking along the side of the road.",D5G,8,medium,Past,Affirmative
D4S_S2_5786,सन् १९६० थेन १९७० ला ल्होच्युइरि सुन्दरी प्रतियोगिता टेलिभिजनरि ल्हानान प्रसिद्ध स्होजि।,सन् १९६० र १९७० को दशकमा सुन्दरी प्रतियोगिता टेलिभिजनमा निकै प्रसिद्ध बनाइयो।,Beauty pageants became very popular on television in the 1960s and 1970s.,D4C,12,medium,Past,Affirmative
COM_D2H_S4_858,दाङरि का अभाव सहज निबामुला,दाङमा रगत अभाव सहज गएको छ।,The blood shortage in Dang has eased.,D2H,6,short,Non-Past,Affirmative
P3_D1A_S0_B3_1534,सानाम थेन सेमचेनजन्य क्रियाकलापग्याम स्वरोजगार ल्हेनालाबा बोर्बान उद्यमशील स्होबारि नगरपालिकासे ङाच्छाला दिङ  बुम १७ से तोङ्जा २० जेः ठाबा मुबा।,कृषि र पशुजन्य क्रियाकलापबाट स्वरोजगार बनाउँदै उद्यमशील बनाउन नगरपालिकाले अघिल्लो वर्ष १७ लाख २० हजार अनुदान वितरण गरेको थियो।,"Last year, the municipality distributed a grant of 17 lakh 20 thousand to create self-employment through agricultural and livestock activities and encourage entrepreneurship.",D1A,19,long,Past,Affirmative
D1A_S0_B3_1391,फुमला साइरि २० कार्ग्या च्याङ्बा तामा सानाम्पाजुगु ख्युलरि निबा विभागसे उन्पाङ्बा मुला।,अण्डाको मूल्यमा २० प्रतिशत घटेको हुँदा किसानहरू घाटामा गएको विभागले जनाएको छ।,The department has stated that farmers have suffered losses due to a 20 percent drop in egg prices.,D1A,12,medium,Non-Past,Affirmative
COM_D4C_S1_S2_5043,धौलागिरि दान शिविर निबा टे राङ्बा ह्युलकोर्पा से ह्युलकोर पूर्वाधारला आडुपलान ङ्यान्दि दात्ते हेलिकप्टर चार्टर लाबारि तिःबा मुला।,धौलागिरि आधार शिविर जाने आधा जसो पर्यटकले पर्यटन पूर्वाधारको अभावकै कारण अहिले हेलिकप्टर चार्टर गर्न थालेका छन्।,Half of the tourists who go to Dhaulagiri Base Camp have now started chartering helicopters due to the lack of tourism infrastructure.,D4C,17,long,Non-Past,Affirmative
P3_D1A_S0_B1_3009,चितवनरि चुनोन उत्पादित मोजेसे बजार याङ्बारि आखाम्बा फर्मला सुवेदीसे ब्रेस्सो लाजि।,चितवनमा यही उत्पादित केराले बजार पाउन नसकेको फर्मका सुवेदीले गुनासो गरे।,Subedi of the firm complained that the bananas produced in Chitwan could not find a market.,D1A,11,medium,Past,Affirmative
COM_P3_D3E_S2_8202,पब्लिकतेन दाते गोर डु लोप्खाङ बस मुला।,पब्लिकसँग हाल छ वटा विद्यालय बस छन्।,Public currently has six school buses.,D3E,7,short,Non-Past,Affirmative
P4_D1A_S1_B2_3740,"सार आयाङ्ना बु पोन थान्तोबा नाछालसे ग्याल्साङ आत्मनिर्भरता थेन खाद्य ह्रावाथोरि छेक्पा मुला, ज्ञापनपत्ररि पाङ्बा मुला।","मल नपाएर खेत बाँझो राख्नुपर्ने अवस्थाले राष्ट्रिय आत्मनिर्भरता र खाद्य सुरक्षामाथि प्रहार भएको छ, ज्ञापनपत्रमा भनिएको छ।",The memorandum states that the lack of fertilizer and the need to keep fields fallow has undermined national self-reliance and food security.,D1A,17,long,Non-Past,Affirmative
COM_P2_D2H_S1_7435,चुङाच्छा नोभेम्बररि स्विडेनला सानाम फार्मरि ओसेम जुन थेन जुलाइरि स्पेन फार्मरि नोन म्युटेसन ताबा मुबा।,यसअघि नोभेम्बरमा स्विडेनको कृषि फार्ममा तथा जुन र जुलाइमा स्पेनको फार्ममा पनि म्युटेसन भएको थियो।,"Previously, the mutation occurred on a Swedish farm in November and on a Spanish farm in June and July.",D2H,15,medium,Past,Affirmative
COM_P2_D5G_S3_2520,"थेन, ङादा ह्राङ्ला दिङ छुम्तोबा नोन आरे।","र, मलाई आफ्नो उमेर लुकाउनु पनि छैन।","And, I don't even have to hide my age.",D5G,7,short,Non-Past,Negative
COM_P2_D2H_S1_1705,डा.शर्मा चु ङाच्छा वीर अस्पतालरि गेलाचिबा मुबा।,डा.शर्मा यसअघि वीर अस्पतालमा कार्यरत थिए।,Dr. Sharma was previously working at Bir Hospital.,D2H,6,short,Past,Affirmative
D4S_S3_1754,चु गुङरि स्यान्दो घातक कीर्ति जाम्बुलिङसे थान्बा मुला।,यसैबीच अर्को घातक कीर्ति संसारले राखेको छ।,"Meanwhile, the world has another deadly reputation.",D4C,7,short,Non-Past,Affirmative
COM_D5G_S3_3852,"ह्रोसे सदन प्रतिपक्षला हिन्ना, सदनरि प्रतिपक्षाला काइ सुङसाल ताबारि पिन्तोला, बिबा तामरि थेनिला विशेष ध्यान निमुबा। ","उहाँले सदन प्रतिपक्षको हो, सदनमा प्रतिपक्षको आवाज मुखरित हुन दिनुपर्छ, भन्नेकुरामा उहाँको विशेष ध्यान जान्थ्यो।",He was known for his special attention to the fact that the House belongs to the opposition and that the voice of the opposition should be allowed to be heard in the House.,D5G,15,medium,Past,Affirmative
COM_D2H_S4_1456,नेपालरि चिकित्सकीय लापरवाही बापत बेनानबिमा दान्ना क्षतिपूर्ति फाबा मुद्दा चुनोन हिन्ना।,नेपालमा चिकित्सकीय लापरवाही बापत सबैभन्दा बढी क्षतिपूर्ति भराइएको मुद्दा यही हो।,This is the case with the highest compensation paid for medical negligence in Nepal.,D2H,11,medium,Non-Past,Affirmative
COM_P2_D2H_S1_651,"पोर, खटिरा खाबा नाछालरि विशेष ध्यान पिन्तोमुला।","घाउ, खटिरा आएको अवस्थामा विशेष ध्यान पुर्‍याउनुपर्छ।",Special attention should be paid to wounds and scabies.,D2H,7,short,Non-Past,Affirmative
COM_D2H_S1_S2_4988,"तार्ङा, स्या, नागाफुम आचाबाकादेला क्याल्सियम, भिटामिन बी १२ ला मात्रा ल्हाना ज्याबा मुबा।","माछा, मासु, अण्डा नखानेहरूको क्याल्सियम, भिटामिन बी १२ को मात्रा धेरै राम्रो थियो।","Those who did not eat fish, meat, or eggs had very good levels of calcium and vitamin B12.",D2H,13,medium,Past,Affirmative
COM_D5G_S6_458,"थे खानाइ चुकब आतानि, सात्तान याक्कारगि सङ्घर्ष लासिचिमुबा।","उनी कतै चुकिनन्, सधैँ एक्लै सङ्घर्ष गरिरहिन्।","She never strayed, always struggling alone.",D5G,7,short,Non-Past,Affirmative
COM_D3E_S5_1814,दात्ते एआईला  क्योल्बासे स्योनाम जोखिमरि ताला वा स्योनामदा गजब खेना ताला बिसि निष्कर्षरि दोबारि आता।,अहिल्यै एआईको प्रयोगले पत्रकारिता जोखिममा पर्छ वा पत्रकारितालाई गजब फाइदा हुन्छ भनेर निष्कर्षमा पुग्नु हुँदैन।,We should not immediately conclude that the use of AI will endanger journalism or will bring tremendous benefits to it.,D3E,15,medium,Non-Past,Negative
P4_D1A_S1_B1_2488,तेमे ओसेम माकाइग्याम बिमा ज्याबा खेबि ताबारि तिःबालिच्छा जोङला सानाम्पा छोङनामकि किबी सास्हिङव्हाना आकर्षित ताबा मुला।,आलु तथा मकैबाट भन्दा राम्रो आम्दानी हुन थालेपछि जिल्लाका कृषक व्यावसायिक किबीखेतीतर्फ आकर्षित भएका छन्।,Farmers in the district have been attracted to commercial kiwi farming as they are starting to earn better income than from potatoes and corn.,D1A,15,medium,Non-Past,Affirmative
COM_P3_D3E_S2_2101,तासाइ दाते गोर ङ्हा–डु म्हे प्राध्यापकसे जेक्खेन लोप्डोचिबा मुला ।,तर अहिले पाँच–सात जना प्राध्यापकले मात्रै पढाइरहेका छन्।,But now only five to seven professors are teaching.,D3E,8,medium,Non-Past,Affirmative
P3_D1A_S0_B1_2511,जोङला कादेराङ ग्लारि दुइरिन ब्लु ढ्वाबा आयाङ्बा ङ्यान्दि नोन सुबा गाइबा ताबा मुला।,जिल्लाका कतिपय ठाउँमा समयमै विऊ छर्न नपाएका कारण पनि रोपाईँमा ढिला भएको हो।,Planting has also been delayed due to the inability to sow seeds on time in some parts of the district.,D1A,13,medium,Non-Past,Affirmative
COM_P3_D3E_S1_819,थेसे लोप्खेनला उत्साहित बोकिन्बासे काप्पा प्रेरणा याङ्बा पाङ्जि।,उनले विद्यार्थीको उत्साहित सहभागिताले थप प्रेरणा मिलेको बताए।,He said that the enthusiastic participation of the students provided further inspiration.,D3E,8,medium,Past,Affirmative
P2_D1A_S0_B2_314,चाबा पचाब आताबा काक्ता ताबाजुगुला लागिरि खयर लाभदायकआयूवेर्दिक मान हिन्ना।,खाना नपच्ने समस्या भएकाहरूको लागि खयर लाभदायकआयूवेर्दिक औषधीहो।,Cutch tree is a beneficial Ayurvedic medicine for those with indigestion problems.,D1A,8,medium,Non-Past,Affirmative
COM_P2_D4C_S1_B1_1819,चु व्हाइ लिच्छाला रेम अर्घाखाँचीरि थेबा थेसे पाङ्बा मुबा।,यो गीत अन्तिम पटक अर्घाखाँचीमा सुनेको उनले बताएका थिए।,He said that he last heard this song in Arghakhanchi.,D4C,9,medium,Past,Affirmative
COM_P2_D3E_S3_2327,नेपालला विश्वविद्यालयरि थे तादाला पोबा ह्याङ ह्राङ्बा म्हिसे बाबारि सम्भव आता।,नेपालका विश्वविद्यालयमा त्यो तहको परिवर्तन हामी जस्ता मान्छेले ल्याउन सम्भव हुँदैन।,It is not possible for people like us to bring about that level of change in Nepal's universities.,D3E,11,medium,Non-Past,Negative
D1A_S0_B2_683,थेनि राङनोन थोपोरि छिट्नी पुइबान खु चुङ्बा लामुला।,उनी आफैँ पनि टाउकोमा छिट्नी बोक्दै तरकारी बेच्ने गर्छिन्।,She herself sells vegetables while carrying a shovel on her head.,D1A,9,medium,Non-Past,Affirmative
D1A_S0_B1_4748,"दुइ दुइरिन कुबा, प्रशिक्षण, भ्रमणला छ्यामरि ग्ला अनुकुलला सार, ब्लु थेन बजारीकरणला लागिरि सरकारसे ध्यान पिन्बारि खाम्बा आरे। ","समयसमयमा तालिम, प्रशिक्षण, भ्रमणका साथै ठाउँ अनुकूलको मल, बीउ र बजारी करणका लागि सरकारले ध्यान दिन सकेको छैन।","The government has not been able to pay attention to timely training, education, visits, as well as the provision of fertilizers, seeds, and marketing that are appropriate for the location.",D1A,18,long,Non-Past,Negative
COM_D5G_S6_1589,ह्राङ्ला केवा भोगाइला व्हाइ मि थेसे रेकर्ड नोन लासिजिन्बा मुला।,आफ्नो जीवन भोगाइको गीत त उनले रेकर्ड नै गराइसकेकी छिन्।,She has already recorded a song about her life experiences.,D5G,10,medium,Non-Past,Affirmative
D1A_S0_B2_4451,नाका न्हाबाग्याम ज्याबा खेबि ताबारि तिःबालिच्छा सोमच्युइङा दिङला सदासे दारेम फिह्युल निबा सोचनोन ख्लाबा ताबा मुला।,कुखुरापालनबाटै राम्रो आम्दानी हुन थालेपछि पैंतीस वर्षीय सदाले अब विदेश जाने सोच नै त्याग्नु भएको छ।,Thirty-five-year-old Sada has given up the idea of ​​going abroad after starting to earn a good income from poultry farming.,D1A,16,long,Non-Past,Affirmative
COM_D3E_S5_118,थेङाच्छा नोन फेसबूकग्याम ल्हानान रेम इनाम डाबा मुबा।,त्यसअघि पनि फेसबूकबाट धेरै पटक इनाम जितेका थिए।,"Even before that, he had won many awards from Facebook.",D3E,8,medium,Past,Affirmative
D4S_S3_7397,दिम ब्लोनखाङसे ग्रा तेसि इस्लाम धर्मावलम्बीला महान प्रिबा इद उल फित्रला दुइसाङरि सार्वजनिक बिदा पिन्बा आप्ता उन्पाङ्बा मुला।,गृह मन्त्रालयले सूचना निकालेर इस्लाम धर्मावलम्बीको महान पर्व इद उल फित्रको अवसरमा सार्वजनिक बिदा दिने निर्णय जनाएको छ।,"The Ministry of Home Affairs has issued a notification and announced the decision to declare a public holiday on the occasion of Eid ul Fitr, the great festival of Islam.",D4C,18,long,Non-Past,Affirmative
COM_P2_D2H_S2_6168,नेपालरि डेङ्गुला ४ तोसोला भाइरसगुङ गोर ३ सक्रिय मुबा याङ्बा मुला।,नेपालमा डेङ्गुका ४ प्रकारका भाइरसमध्ये ३ वटा सक्रिय रहेको पाइएको छ।,Three out of the 4 types of dengue viruses have been found to be active in Nepal.,D2H,11,medium,Non-Past,Affirmative
P3_D1A_S0_B1_1001,थेला आन्सार दान्दे जनकदेव थेन कार्डिनल जातला तेमेला ब्लु उत्पादन ताबान मुला।,उहाँका अनुसार अहिले जनकदेव र कार्डिनल जातको आलुको बीउ उत्पादन भइरहेको छ।,"According to him, potato seeds of Janakdev and Cardinal varieties are currently being produced.",D1A,12,medium,Non-Past,Affirmative
D1A_S0_B1_2440,"कार्कीसे पाङ्ला, ह्याङ्ला सरकारी नाछाल आन्सार दुइरि सार बाबारि खाम्बा आरे। ","कार्की भन्छन्, हाम्रो सरकारी व्यवस्थाअनुसार समयमा मल ल्याउन सकिएको छैन।","Karki says, We have not been able to bring fertilizer on time as per our government arrangements.",D1A,10,medium,Non-Past,Negative
COM_P2_D5G_S3_224,चु थेदुइला चिकित्सा विज्ञानला चमत्कारी तेन्बारि खाम्ला।,यो त्यस बेलाको चिकित्सा विज्ञानको चमत्कार मान्न सकिन्छ।,This can be considered a miracle of medical science at that time.,D5G,8,medium,Non-Past,Affirmative
P2_D1A_S0_B1_1296,ला ङ्हाच्छा ग्लुसि बाबा गोर २५ ड्वाला कोला पाठा छार्बान निबा मुला।,महिनाअघि खरिद गरेर ल्याइएका २५ वटा बङ्गुरका पाठा हुर्कंदै गएका छन्।,The 25 baby pigs purchased a month ago are growing up.,D1A,11,medium,Non-Past,Affirmative
P3_D1A_S0_B2_1567,चु अभियान चुःबा लिच्छा मुइला साङ्ज्या नोन दान्दे झान्नाइ न्हिपा दोबा मुला।,यस अभियान सुरु गरेपछि भैँसीको सङ्ख्या पनि हाल झण्डै दोब्बर पुगेको छ।,"Since the start of this campaign, the number of buffaloes has almost doubled.",D1A,12,medium,Non-Past,Affirmative
D1A_S0_B2_1107,काप्पा सार आयात ताबारि आखाम्बालिच्छा दान्दे नाम सुन तेन्तो प्रभावित ताबा हिन्ना।,थप मल आयात हुन नसकेपछि अहिले वर्षे धान बाली प्रभावित बनेको हो।,This year's rice crop has been affected by the inability to import additional fertilizer.,D1A,12,medium,Non-Past,Affirmative
COM_P2_D5G_S2_284,दान्दे  सही साबित ताबान मुला।,अहिले सही साबित हुँदैछ।,It is now being proven right.,D5G,4,short,Non-Past,Affirmative
D4S_S2_6647,"बिजाब्रेल्साङ ताबा ग्रानाङ याङ्साम सम्झाइबुझाइ लादा, थेनिकादेसे आङ्यान्बादा ठिमकि कारबाहीला लागिरि वडाला जनप्रतिनिधि थेन पालिकारि सान्ग्युर लामुला।","बालविवाह हुन लागेको सूचना पाएमा सम्झाइबुझाइ गर्ने, उनीहरूले नमान्नेलाई कानुनी कारबाहीका लागि वडाका जनप्रतिनिधि र पालिकामा खबर गर्छन्।","If they receive information about child marriages, they will provide explanations and those who do not comply will be reported to the ward representatives and the municipality for legal action.",D4C,18,long,Non-Past,Affirmative
COM_P2_D3E_S3_348,नेपाली कम्पनीजुगुसे रिसर्च एन्ड  डेभ्लपमेन्टला महसुस लातोजि।,नेपाली कम्पनीहरूले रिसर्च एन्ड डेभ्लपमेन्ट को महसूस गर्नुपर्‍यो।,Nepali companies need to realize the importance of research and development.,D3E,8,medium,Past,Affirmative
P3_D1A_S0_B1_2083,"सेमचेनन्हाबाला लागिरि ल्होलो तोसोला दाना, छे डिछ्या ह्राङनोन दिमरिन लाबा मुला। ","पशुपालनको लागि विभिन्न किसिमको दाना, घाँस व्यवस्था आफैँ घरमै गर्ने गरेको छु।",I have been arranging various types of feed and grass for livestock at home.,D1A,12,medium,Non-Past,Affirmative
D1A_S0_B2_1023,दान्दे फिच्चा उपकरणला बजार साइ सिका बुम गिकसे तोङ्जा ६० तामुला।,अहिले उक्त उपकरणको बजार मूल्य रु. एक लाख ६० हजार छ।,The current market price of the equipment is Rs. one lakh 60 thousand.,D1A,11,medium,Non-Past,Affirmative
COM_D5G_S3_3339,थेदुइरि ङादा म्हान्मुबा – शायद ङा चुतेन ब्रेल्साङ लाबारि खाम्ला।,त्यतिखेर मलाई लाग्यो– शायद म यिनीसँग विवाह गर्न सक्छु।,"At that moment, I thought - maybe I could marry her.",D5G,9,medium,Non-Past,Affirmative
COM_D3E_S1_S2_3513,खाजिबाइ अप्रत्याशित बिदा परतिनिसाइ नोन त्रिविला ङ्हाच्छाला ग्रा आरेना परीक्षा स्थगित लासेला आरे।,कुनै अप्रत्याशित बिदा पर्न आएमा पनि त्रि.वि को पूर्व सूचना विना परीक्षा स्थगित गरिने छैन।,"Even if an unexpected holiday occurs, the exam will not be postponed without prior notice from TRI.",D3E,15,medium,Non-Past,Negative
COM_P2_D5G_S2_2353,स्यानला प्रगति ताबा मुला।,अरूको प्रगति भएको छ।,Others have made progress.,D5G,4,short,Non-Past,Affirmative
COM_D5G_S1_S2_3512,ग्यामरि म्हेन्दो न्हि बाङ्बापाङ्बा तामा नोन दर्शक दोःसि च्यासि पिन्बा टान्नान ताला।,बाटोमा दुई जना भनाभन हुँदा पनि दर्शक बनेर हेरिदिने टन्नै हुन्छन्।,"Even when two people are arguing on the street, there are always plenty of onlookers who just watch.",D5G,11,medium,Non-Past,Affirmative
P4_D1A_S1_B2_2122-,थेसे रसिलो सुन्तला ताबान ङ्यान्दि ग्लुबारि खाबा छोङ्पोला लर्को ताबाला पाङ्मुला।,उनले रसिलो सुन्तला भएकै कारण किन्न आउने व्यापारीको लर्को लाग्ने गरेको बताउँछन्।,"He says that because the oranges are juicy, there is a rush of traders coming to buy them.",D1A,12,medium,Non-Past,Affirmative
P3_D5G_S2_B1_269,जाकादेथोरि थेला ग्रेन ह्रेपा मुबा।,छोराहरूप्रति उसको ठूलो आशा छ।,He has high hopes for his sons.,D5G,5,short,Non-Past,Affirmative
COM_D5G_S5_1438,म्हिकादे इसारासे पाङ्बा लामुबा।,मानिसहरू इसाराले बोल्ने गर्थे।,People used to speak with gestures.,D5G,4,short,Past,Affirmative
D4S_S2_2897,स्युगुग्याम लिखित परीक्षा पिन्मा नतिजाला लागिरि ला सोम ब्रान्तोबा आता बिसाम अनलाइनग्याम परीक्षा पिन्बाइछ्याम था याङ्बारि आखाम।,कागजबाट लिखित परीक्षा दिँदा नतिजाका लागि तीन महिना पर्खनु पर्दैन भने अनलाइनबाट परीक्षा दिनेबित्तिकै थाहा पाउन सकिँदैन।,"While you don't have to wait three months for the results when taking a paper-based written exam, you can't know immediately after taking the exam online.",D4C,17,long,Non-Past,Negative
COM_D5G_S3_4553,ङा ह्राङ नोन व्हाइखाब्रिखेनला सम्पर्करि मुमा क्योलोलो माध्यमिक ग्युइसेर छ्योना लाबा तासाइ जागिरला लागिरि दिङ आछ्योबा ब्याेन  मुबा।,म स्वयं पनि कविज्यूको सम्पर्कमा रहँदा भर्खर माध्यमिक शिक्षा पूरा गरेको तर नोकरीका लागि उमेर नपुगेको किशोर थिएँ।,"When I came into contact with the poet, I was a teenager who had just completed secondary education but was not old enough to work.",D5G,18,long,Past,Affirmative
COM_D5G_S1_S2_675,चाम्रे थेन डाप चामाहेन्छे गिक्छा दिङला पिकनिक जिन्जि।,चाम्रे र साग खाएपछि पहिलो सालको पिकनिक सकियो।,"After eating chamre and greens, the first year's picnic ended.",D5G,8,medium,Past,Affirmative
D4S_S2_5883,विधायन डिछ्याबा दाछोकला प्रतिवेदनला १ हेन्से १६ दोःनाला संशाेधित बुँदाछ्याम विधेयक पारित ताबा हिन्ना।,विधायन व्यवस्थापन समितिको प्रतिवेदनको १ देखि १६ सम्मका संशाेधित बुँदासहित विधेयक पारित भएको हो।,The bill was passed with amended points 1 to 16 of the Legislative Management Committee's report.,D4C,14,medium,Non-Past,Affirmative
COM_D2H_S1_S2_967,फिच्चा तत्वदा ट्यूमर नेक्रोसिस फेक्टर एन मुला।,उक्त तत्वलाई ट्यूमर नेक्रोसिस फेक्टर पनि भनिन्छ।,This element is also called tumor necrosis factor.,D2H,7,short,Non-Past,Affirmative
P3_D1A_S0_B2_1603,जोङला खुला गाङ्साल ह्रिबा वडारि उत्पादन ताबा खुसे ताबान खाबा वडाचोहो चौधरीसे पाङ्जि।,जिल्लाको तरकारीको आधा माग वडामा उत्पादन हुने तरकारीले धानिँदै आएको वडाध्यक्ष चौधरीले बताए।,Ward Chairman Chaudhary said that half of the district's vegetable demand is being met by vegetables produced in the ward.,D1A,13,medium,Past,Affirmative
COM_P2_D3E_S1_1253,बरु ग्युइसेर थेन ल्हुइथाङरि दत्तचित्त तासि खटिन्जि।,बरु शिक्षा र स्वास्थ्यमा दत्तचित्त भएर खटिन्।,"Instead, she devoted herself to education and health.",D3E,7,short,Non-Past,Affirmative
P2_D1A_S0_B2_1350,सिप्रेड नामक गेन्दुनसे जलवायु अनुकूल सास्हिङफिरि ह्रेङ्बा खेडोब-अनुसन्धान लासि ल्हाना उपयोगी प्रतिवेदन तयार लाबा मुला।,सिप्रेड नामक संस्थाले जलवायु अनुकूल खेतीबारे लामो अध्ययन-अनुसन्धान गरेर निकै उपयोगी प्रतिवेदन तयार पारेको छ।,An organization called CIPRED has prepared a very useful report after conducting extensive research on climate-friendly farming.,D1A,15,medium,Non-Past,Affirmative
D4S_S2_7552,"रेडक्रस, निड्स, एनएनएसडब्लुए छ्यामला गेन्दुनसे विस्थापनरि ताबा दिमथेमेदा चाउचाउ, बिस्कुट, क्युइ, फाल्गि, मास्क, नाम्बु, म्याट छ्यामला बार्बुस्हे पिन्बा उन्पाङ्बा मुला।","रेडक्रस, निड्स, एनएनएसडब्लुए लगायतका संस्थाले विस्थापनमा परेका परिवारलाई चाउचाउ, बिस्कुट, पानी, च्युरा, मास्क, कम्बल,म्याट लगायतका सामग्री उपलब्ध गराएको जनाएका छन्।","Organizations including the Red Cross, Needs, NNSWA have provided displaced families with items such as noodles, biscuits, water, blankets, masks, mats, and more.",D4C,20,long,Non-Past,Affirmative
COM_D3E_S1_S2_4831,खाबा रेरि गणित नुररि जामेकोलादा आकर्षित लाबारि ल्होलो गेताङ लाबा गेन्दुनला योजना मुबा थेसे ग्रानाङ पिन्जि।,आगामी दिनमा गणित विषयमा महिलालाई आकर्षित गर्न विभिन्न कार्यक्रम गर्ने संस्थाको योजना रहेको उनले जानकारी दिए।,He informed that the organization plans to hold various programs to attract women to the subject of mathematics in the coming days.,D3E,16,long,Past,Affirmative
COM_P2_D2H_S2_5972,थेसे विगतरि यान्दे म्हेनिङ लामा जेक्खे म्राङ्बा चु नोइ चु पालि तापाग्रेनरि ल्हाना म्राङ्बा पाङ्जि।,उनले विगतमा भदौ असोज महिनामा मात्र देखिने यो रोग यसपालि मङ्सिरमा बढी देखिएको बताए।,"He said that this disease, which used to be seen only in the months of Bhadra and Ashoj in the past, has been seen more this year in Mangsir.",D2H,14,medium,Past,Affirmative
COM_D3E_S5_67,टोलीला नेतृत्व नाम्सिखेन्पो स्यान्ड्रो वाट्टिनीसे लाबा मुबा।,टोलीको नेतृत्व मौसमविद् स्यान्ड्रो वाट्टिनीले गरेका थिए।,The team was led by meteorologist Sandro Wattini.,D3E,7,short,Past,Affirmative
D1A_S0_B1_3462,पोवा उत्पादनला शैली थेन ज्याबा जातला पोवा नोन सरल प्रविधिग्याम उत्पादन ताबान च्याङ्ना ग्लारि तोदेबा खेबि लाबारि खाम्बा उदाहरण प्रस्तुत लास्युबा उप्रेती दान्दे मेहनती सानाम्पाला स्रुगरि झापारि ङोसेबा मुस्ह्युला।,बिरुवा उत्पादनको शैली र उन्नत जातका बिरुवा पनि सरल प्रविधिबाट उत्पादन गर्दै थोरै ठाउँमा मनग्ये आम्दानी गर्न सकिने उदाहरण प्रस्तुत गर्नुभएका उप्रेती अहिले मेहनती कृषकका रूपमा झापामा परिचत हुनुहुन्छ।,"Upreti, who has set an example of how a lot of income can be generated in a small space by producing plants using simple techniques and advanced varieties, is now known in Jhapa as a hardworking farmer.",D1A,29,very long,Non-Past,Affirmative
COM_P2_D3E_S3_5347,कम्प्युटरला क्योल्बा ल्हेःबाछ्याम चुला गे थेन फङ्सनकादे नोन ल्हेःबारि वाङ्बा मुबा।,कम्प्युटरको प्रयोग बढेसँगै यसका काम र फङ्सनहरू पनि बढ्न थालेका थिए।,"As the use of computers increased, its functions and functions also began to increase.",D3E,11,medium,Past,Affirmative
D4S_S3_474,थेसेलामा नेपाली थान्बा हिन्ना।,त्यसैले नेपाली राखेको हुँ।,That's why I kept it Nepali.,D4C,4,short,Non-Past,Affirmative
COM_P2_D3E_S1_3397,बोर्डसे तोक्तिबा आन्सार च्याङ्नारि आङ्ज्या थेन मापदण्ड छ्योना लासि प्रवेश परीक्षारि स्हाङ्बा ताबादा योग्यता ताङ आन्सार भर्ना किन्सेला मुला।,बोर्डले तोकेअनुसार न्यूनतम् अङ्कभार तथा मापदण्ड पूरा गरी प्रवेश परीक्षामा सफल भएकालाई योग्यताक्रम अनुसार भर्ना लिइनेछ।,Those who pass the entrance exam by meeting the minimum marks and criteria as prescribed by the board will be admitted in order of merit.,D3E,16,long,Non-Past,Affirmative
COM_D5G_S4_3282,चुला लागिरि लिःरि घ्यूकुमारी फोर्सि खार्बारि सुक्न लासि ख्रुदोमुला।,यसका लागि अनुहारमा घ्यूकुमारी दलेर सुक्न दिई धुने गर्नुपर्छ।,"For this, apply ghee on your face, let it dry, and then wash it off.",D5G,9,medium,Non-Past,Affirmative
COM_P2_D2H_S2_144,मधुमेह ताबासे व्यायामरि विशेष ध्यान पिन्तोमुला।,मधुमेह भएकाले व्यायाममा विशेष ध्यान दिनुपर्छ।,"Since you have diabetes, you should pay special attention to exercise.",D2H,6,short,Non-Past,Affirmative
COM_P2_D2H_S3_1344,काः च्याङ्ना ताबाग्याम जोगाबताबारि नेत चाबा उपयुक्त तामुला।,रक्तअल्पताबाट जोगिन कलेजो खानु उपयुक्त हुन्छ।,It is advisable to eat liver to prevent anemia.,D2H,6,short,Non-Past,Affirmative
COM_D5G_S1_S2_149,म्हिकादे चुरि दोखाबाला सातालि तिकादा म्लेमुताला ?,मानिसहरू यहाँ आइपुग्नुको धरातल किन भुल्दैछन्?,Why are people forgetting the reason they came here?,D5G,6,short,Non-Past,Affirmative
P3_D1A_S0_B1_3483,ग्यागारह्युलग्याम खाबा मोजेला गाड नोइ ल्हेबा ग्रेन्पो स्रोत मुबासे दान्दे ठेङ्गान विन्दुरिन कडाइ लाबा  ग्रेन्पो घिमिरेसे पाङ्जि।,भारतबाट आउने केराका गाडी रोग सार्ने प्रमुख स्रोत रहेकाले अहिले भन्सार विन्दुमै कडाइ गरिएको प्रमुख घिमिरेले बताए।,Chief Ghimire said that stricter measures have been taken at the customs point as banana trucks coming from India are a major source of disease transmission.,D1A,17,long,Past,Affirmative
COM_D3E_S1_S2_4696,विश्वविद्यालयसे लोप्खेनदा लोपपिन्बा गेला छ्याम समुदायतेन छ्यागे लासि अनुसन्धानला गे नोन लासिकेन खाबा उपकुलपति देवकोटासे पाङ्जि।,विश्वविद्यालयले विद्यार्थीलाई सिकाउने कामसँगै समुदायसँग सहकार्य गरी अनुसन्धानको काम पनि गर्दै आएको उपकुलपति देवकोटाले बताए।,"Vice Chancellor Devkota said that the university has been conducting research in collaboration with the community, along with teaching students.",D3E,15,medium,Past,Affirmative
COM_D4C_S1_S2_3097,चुरि सेमछुबा दृश्य च्याबारि तोङ्जाछा ह्युलकोर्पा खाबा लाबा स्थानीय बासिन्दासे पाङ्जि।,यहाँ मनोरम दृश्य हेर्न हजारौँ पर्यटक आउने गरेका स्थानीय बासिन्दाले बताए।,Local residents said that thousands of tourists come here to see the picturesque views.,D4C,11,medium,Past,Affirmative
COM_P2_D4C_S1_B4_648,थे मनसुनरि होटलरि गे लाबारि अष्ट्रिया निमुला।,उनी मनसुनमा होटलमा काम गर्न अष्ट्रिया जान्छन्।,He goes to Austria to work in a hotel during the monsoon.,D4C,7,short,Non-Past,Affirmative
D1A_S0_B2_336,स्याउ नोन १५–२० रे ङाच्छा नोन मिन्बारि तिःबा मुला।,स्याउ पनि १५–२० दिन अघिनै पाक्न थालेको छ।,Apples have also started ripening 15-20 days earlier.,D1A,8,medium,Non-Past,Affirmative
COM_P2_D2H_S3_3957,ब्लोन केसीसे १५० सिलिण्डर अक्सिजन नेपालगन्जग्याम निम स्रुगरि ग्लुसि बाबा दाबी सुत्ताइ लाजि।,मन्त्री केसीले १५० सिलिण्डर अक्सिजन नेपालगन्जबाट नियमित रूपमा खरिद गरेर ल्याइरहेको दाबी समेत गरिन्।,Minister KC also claimed that she is regularly purchasing and bringing 150 cylinders of oxygen from Nepalgunj.,D2H,14,medium,Non-Past,Affirmative
P4_D1A_S1_B1_3825,नाम मोजेम्राङ तासाइ नोन ग्युरू सारि चटाननुन मुबा पाखोदा सम्यापलासि थेसे तोङ्जा न्हिसे ५०० बिमा दान्ना मोजेला पोवा सुबा मुला।,नाम केराबारी भए पनि भिरालो जमिनमा चट्यानै चट्यान रहेको पाखोलाई सम्याएर उनले दुई हजार ५०० भन्दाबढी केराका बिरुवा लगाएका छन्।,"Despite its name, it is a banana plantation, and despite the rocky terrain on the hillside, he has planted more than two thousand 500 banana plants.",D1A,20,long,Non-Past,Affirmative
P3_D1A_S0_B2_2962,"ङाच्छाला सानाम गाउराइ योगेन्द्र कार्कीसे सुन उत्पादन ल्हेःबा आताबारि उन्नत जातला ब्लु, सार थेन सिँचाइ आडुप ताबा पाङ्जि।","पूर्व कृषिसचिव योगेन्द्र कार्कीले धान उत्पादन वृद्धि नहुनुमा उन्नत जातको बीउ, मल र सिँचाइ अभाव भएको बताए।","Former Agriculture Secretary Yogendra Karki said that the lack of increase in rice production is due to a lack of improved seeds, fertilizers, and irrigation.",D1A,17,long,Past,Affirmative
D1A_S0_B2_3154,निबा दिङहेन्से म्ला उत्पादन तिःबा मिलसे चु दिङ खे तासाम छार उद्योगरि जनसामुदायदा लगानी लाबारि प्रोत्साहित लाबा पाङ्जि।,गत वर्षदेखि चामल उत्पादन थालेको मिलले यस वर्ष नाफा भए नयाँ उद्योगमा जनसमुदायलाई लगानी गर्न प्रोत्साहित गर्ने बताए।,"The mill, which started producing rice last year, said that if it makes a profit this year, it will encourage the public to invest in the new industry.",D1A,18,long,Past,Affirmative
COM_D5G_S1_S2_4428,चुला दोन चु आहिन कि दुःखान्तला प्रयोग ताबान आरे।,यसको अर्थ यो होइन कि दुःखान्तको प्रयोग भएकै छैन।,This does not mean that tragedy has not been used.,D5G,9,medium,Non-Past,Negative
COM_P2_D3E_S2_2030,हुम्लाला साक्षरता ह्युलनाङला जोङगुङ बेनानबिमा च्याङ्ना हिन्ना।,हुम्लाको साक्षरता देश देशभरका जिल्लामध्ये सबभन्दा न्यून हो।,Humla has the lowest literacy rate among all districts in the country.,D3E,8,medium,Non-Past,Affirmative
D4S_S2_1500,ह्रिरि निबा म्हेरोला ङ्यान्दि दिमरि मेनिबा मुबा।,जङ्गलमा लागेको डढेलोका कारण घरमा आगलागी भएको थियो।,The house caught fire due to a forest fire.,D4C,8,medium,Past,Affirmative
D4S_S1_4519,प्रतिष्ठानसे लिच्छाला दुइरि ल्होलो तोसोला खेन्छेन्पो ल्हुइथाङ साप्तोकादे सुत्ताइ चुःचिबा मुला।,प्रतिष्ठानले पछिल्लो समयमा विभिन्न प्रकारका विशेषज्ञ स्वास्थ्य सेवाहरू समेत सुरु गरिरहेको छ।,The foundation has also recently launched various types of specialist health services.,D4C,12,medium,Non-Past,Affirmative
D1A_S0_B2_65,खोपाङ लाङाइला लागिरि थेनोन ठिम लागू तामुला।,भक्तपुरे काँक्राका लागि त्यही नियम लागू हुन्छ।,The same rule applies to Bhaktapure cucumbers.,D1A,7,short,Non-Past,Affirmative
D4S_S1_762,वडा दाङ्सेला ल्हुइथाङ घेन्दुनरि ल्हुइथाङ्पा परिचालन लाबा मुला।,प्रत्येक वडाको स्वास्थ्य संस्थामा स्वास्थ्यकर्मी परिचालन गरिएको छ।,Health workers have been mobilized to each ward's health facility.,D4C,8,medium,Non-Past,Affirmative
D4S_S2_3951,ठोङ्सेङरि १२० मिटरला नोदापग्याम र् यापलिङ लाबा आरेबा।,उद्घाटनमा १२० मिटरको उचाइबाट र्‍यापलिङ गरिएन।,There was no rappelling from a height of 120 meters at the inauguration.,D4C,6,short,Past,Negative
COM_D5G_S1_S2_2894,"ङाइ स्यान पल सोबा, महसुस् नोन आलानि सुख दुखरि ताइबा, मिःथिङरि ए मुबा।","मैले अर्को पल बाँचेको, महसुस् नै गरिनसुख दुखमा खस्ने, नयननीरमा तिमी थियौ।","I lived another moment, not realizing it, falling into happiness and sorrow, you were in my eyes.",D5G,12,medium,Past,Affirmative
COM_D4C_S1_S2_1764,न्हुप नेपाल ह्युलकोरकि दोखाङ ताबासेलामा होटल ओसेम रिसोर्ट छोङनाम ल्हेःना लाबारि तोःबा मुला।,पश्चिम नेपाल पर्यटकीय गन्तव्य भएकाले होटल तथा रिसोर्ट व्यवसाय वृद्धि गर्न आवश्यक छ।,"Since Western Nepal is a tourist destination, it is necessary to increase the hotel and resort business.",D4C,13,medium,Non-Past,Affirmative
COM_P2_D5G_S1_8215,पारान क्योप्नारि मुठी नाङ चाबास्हे या लाबारि म्हाइमा दारे पल्टन बाजि।,परान जोगाउन एक मुठी चारो हात पार्न खोज्दा अब पल्टन ल्याए।,"When they tried to grab a handful of bait to save Paran, they brought a battalion.",D5G,11,medium,Past,Affirmative
COM_P2_D2H_S2_2018,खाङबारि ब्युङ्बा स्याप्पा दुइरि जङ्क फुड चाबारि आतामुला।,जाडोमा खोकी लागेका बेला जङ्क फुड खानुहुँदैन।,You should not eat junk food when you have a cough in the winter.,D2H,7,short,Non-Past,Negative
COM_P2_D2H_S2_7345,ब्रिटिस जर्नल अफ स्पोर्टस् मेडिसिनरि तेःबा छार खेडोबसे योःनायोःनारि ह्यार्बाकादेला ल्हुइ आमसाधारणला दाँजोरि ह्रेङ्बा तासेला उन्बा मुला।,ब्रिटिस जर्नल अफ स्पोर्टस् मेडिसिनमा प्रकाशित नयाँ अध्ययनले तीव्रगतिमा दौडनेहरूको आयु आमसर्वसाधारणको दाँजोमा लामो हुने देखाएको छ।,A new study published in the British Journal of Sports Medicine shows that fast runners live longer than the general population.,D2H,17,long,Non-Past,Affirmative
COM_P2_D3E_S3_1393,एपरि मि रेदाङ्से अपडेट लातोजि।,एपमा त हरेक दिन अपडेट गर्नुपथ्र्यो।,The app had to be updated every day.,D3E,6,short,Past,Affirmative
COM_P2_D3E_S1_3306,विश्वविद्यालयदा पिन्सेला जेःदा गेडिन्ना लाबा नतिजारि दानित स्होसेला ताबा मुला।,विश्वविद्यालयलाई प्रदान गरिने अनुदानलाई कार्यसम्पादन नतिजामा आधारित बनाइने भएको छ।,Grants provided to universities are to be based on performance results.,D3E,10,medium,Non-Past,Affirmative
COM_D2H_S3_3699,"हरेक ह्युलला ल्हुइथाङ सेवासुविधा, ह्युलमिला ल्हुइशैली थेन ह्युलला आर्थिकस्तर फरक फरक ताबा तमा मृत्युला कारक नोन फरक फरक ताबा लामुला","हरेक देशको स्वास्थ्य सेवासुविधा, जनताको जीवनशैली र देशको आर्थिकस्तर फरक फरक हुने हुँदा मृत्युको कारक पनि फरक फरक हुने गर्छ।","The causes of death also vary, as each country's healthcare facilities, people's lifestyles, and economic status vary.",D2H,20,long,Non-Past,Affirmative
COM_P2_D4C_S1_B4_1017,चुसे स्हिवा वातावरण चोम्बा लाबारि थेन ह्राङ्ला दिमग्रेनकादेदा सन्तुलित थान्बारि मद्दत लामुला।,यसले शान्त वातावरण सिर्जना गर्न र आफ्ना भावनाहरूलाई सन्तुलित राख्न मद्दत गर्छ।,This helps create a calm environment and keep your emotions balanced.,D4C,12,medium,Non-Past,Affirmative
D4S_S1_3622,ङान्दा चुग्याम सोबा योहेन्से कमीकमजोरी बेनान ताम था मुला।,हामीलाई यसबाट बच्ने उपायदेखि कमीकमजोरी सबै कुरा थाहा छ।,We know everything from how to avoid it to the drawbacks.,D4C,9,medium,Non-Past,Affirmative
COM_D2H_S1_S2_274,थेलिच्छा चुसे ह्रेङ्बादुइला स्रुगरि काःचाप बाढाबलामुला।,त्यसपछि यसले दीर्घकालीन रूपमा रक्तचाप बढाउँछ।,This then increases blood pressure in the long term.,D2H,6,short,Non-Past,Affirmative
P3_D1A_S0_B3_499,क्लोलोलो रोबा तिःबा लाबासे स्थानीय बजाररि च्याङ्ना च्याङझ्ना पुइबा लाबा मुला।,भर्खरै फल्न सुरू गरेकोले स्थानीय बजारमा थोरै थोरै पठाउने गरेको छु।,"Since it has just started to ripen, I have been sending a little bit to the local market.",D1A,11,medium,Non-Past,Affirmative
COM_D5G_S3_1459,ह्राङ ह्राङ्बा जाजा ह्योदा ग्रेन ह्योसे ल्हानान हेपाप लामुला।,तपाईँजस्ता साना चोरलाई ठूला चोरले साह्रै हेप्छन्।,Big thieves really despise small thieves like you.,D5G,7,short,Non-Past,Affirmative
COM_P2_D3E_S1_3985,रूपन्देहीला ज्ञानोदय मावि बुटवलरि कांग्रेस ग्रेन्पो निबा तयारी मुला।,रूपन्देहीको ज्ञानोदय मावि बुटवलमा काङ्ग्रेस प्रमुख जाने तयारी छ।,"The Congress chief is preparing to visit Gyanodaya Secondary School in Rupandehi, Butwal.",D3E,9,medium,Non-Past,Affirmative
COM_P2_D3E_S1_3143,अञ्जु ह्राङ नोन एन्फातेन ब्रेल्बित ताबासे थेसे ह्राङ्ला लोप्खेनदा क्लाङछ्योङरि ल्हाना बोकिन्बा लाबा मुला।,अञ्जु आफै पनि एन्फासँग सम्बन्धित भएकीले उनले आफ्ना विद्यार्थीलाई खेलकुदमा बढी सहभागी गराउने गरेकी छिन्।,"Since Anju herself is associated with ANFA, she has encouraged her students to participate more in sports.",D3E,15,medium,Non-Past,Affirmative
COM_D3E_S4_2530,टाङ्गा आफाबा छार एकाउन्टसे चु ह्युलरि पोस्ट डोबारि खाम्सेला थेन भिडियोकादे च्याबारि खाम्सेला मुला।,पैसा नतिरेको नयाँ अकाउन्टले यी देशमा पोस्ट पढ्न सक्ने र भिडियोहर हेर्न सक्नेछन्।,New accounts that have not paid will be able to read posts and watch videos in these countries.,D3E,13,medium,Non-Past,Affirmative
COM_P2_D5G_S1_4975,तिनिलान राप ब्रिसाइ नोन सरसे सुख गोस्ह्युला राङ ङ्हाम्जि थेदा।,आजकै कथा लेखे पनि सरले सुख बुझ्नुहुन्छ जस्तो लाग्यो उसलाई।,"Even if he wrote today's story, he felt like he understood happiness.",D5G,10,medium,Past,Affirmative
COM_P2_D5G_S2_6269,मानसिक रुग्णता फ्याङ्बाला ल्हानान पात्ररि म्राङ्बान म्हाबान निला।,मानसिक रुग्णता उडानका कैयन् पात्रमा देखा पर्दै हराउँदै जान्छ।,Mental illness appears and disappears in many of the characters.,D5G,9,medium,Non-Past,Affirmative
P4_D1A_S1_B2_2301,न्हि दिङ ताजि जेःला लागिरि प्रस्ताव लाबा आझान टाङ्गा याङ्बा आरे।,दुइ बर्ष भयो अनुदानको लागि प्रस्ताव गरेको अझै रकम पाइएको छैन।,It has been two years since the grant proposal was submitted and the funds have not been received.,D1A,11,medium,Non-Past,Negative
P3_D1A_S0_B2_1107,"हातीसे बुरि सुबा माकाइ तेन्तो, मोजे थेन खु तेन्तो सखाप लाबा  चुला पीडित सानाम्पासे पाङ्बा मुला।","हात्तीले खेतमा लगाएको मकैबाली, केरा र तरकारी बाली सखाप पारेको यहाँका पीडित किसानले बताएका छन्।","Affected farmers here have said that elephants have destroyed their corn, banana, and vegetable crops.",D1A,15,medium,Non-Past,Affirmative
COM_D4C_S1_S2_2165,चुराङ्बा ल्हानाराङ्बा गेताङरि तीजलान लागिरि स्होबा व्हाइ ह्राप्सि स्यामुला।,यस्ता सबैजसो कार्यक्रममा तीजकै लागि बनेका गीत बजाएर नाचिन्छ।,"In most such programs, songs composed for Teej are played and danced to.",D4C,9,medium,Non-Past,Affirmative
P4_D1A_S1_B1_2173,"चोसो, जुनाररि म्राङ्बा नोइ बुलुङ च्यालाङला ङ्यान्दि जुनार निर्यात लाबारि आखाम्नि।","यता, जुनारमा देखिएको रोग कीरा सङ्क्रमणका कारण जुनार निर्यात गर्न सकिएन।","Meanwhile, Junar could not be exported due to a disease infestation seen in Junar.",D1A,11,medium,Past,Negative
COM_D2H_S1_S2_2515,तिलाइ रेङाच्छा म्हेन्दो न्हि ब्लिरि च्यालाङ म्राङ्बान खाबारि तिगाइ रेचोसो बिसाम खालाइदा च्यालाङ पुष्टि ताबा आरे।,केही दिनअघि दुई चारजनामा सङ्क्रमण देखिँदै आएकामा केही दिनयता भने कसैमा सङ्क्रमण पुष्टि भएको छैन।,"While a few days ago, two or three people were infected, no one has been confirmed infected in the past few days.",D2H,15,medium,Non-Past,Negative
COM_P2_D5G_S3_2617,"आझान कादे दुइ गुमाब लातोबा हिन्ना, निधो आरे।","अझै कति समय गुमाउनु पर्ने हो, निधो छैन।","How much more time will have to be lost, I don't know.",D5G,8,medium,Non-Past,Negative
P3_D1A_S0_B3_1065,बिशेषगरी जानजाति समुदायसे दिम काम्रा छाङ्बाला लागिरि ड्वा न्हाबा थेन चुङ्बान खाबा मुला।,बिशेषगरी जानजाति समुदायले घर खर्च टार्न बंगुरपालन र बिक्री गर्दै आएका छन्।,The Janajati community in particular has been raising and selling pigs to cover household expenses.,D1A,12,medium,Non-Past,Affirmative
COM_P2_D2H_S3_9217,अर्कोतर्फ ङाम तामा चाडवाडतेन सार्वजनिक स्थलरि ल्हुइथाङला दान्वाइ मापदण्ड पालना आलाना भिडभाड लाबा ताङ नोन बढ्दो मुला,अर्कोतर्फ नजिकिँदा चाडवाडसँगै सार्वजनिक स्थलमा स्वास्थ्यका आधारभुत मापदण्ड पालना नगरी भिडभाड गर्ने क्रम पनि बढ्दो छ।,"On the other hand, as the festival approaches, the trend of crowding in public places without following basic health standards is also increasing.",D2H,16,long,Non-Past,Affirmative
COM_P2_D5G_S1_3104,चु ङ्यान्दि ह्याङरि थे लेबाफेबाला मनोविज्ञान तानाेन आता।,यसर्थ हामीमा त्यो विभेदको मनोविज्ञान हुँदै हुँदैन।,"Therefore, we do not have that psychology of discrimination.",D5G,7,short,Non-Past,Negative
COM_P2_D4C_S1_B3_1801,चुबिमा तोङ्चा थिकरि दोबाला लागिरि बिसाम ज्योमोगाङ क्रेःबाला अनुमति तोःला।,योभन्दा माथिल्लो विन्दुमा पुग्नको लागि भने हिमाल आरोहणको अनुमति चाहिन्छ।,"To reach higher points, a mountaineering permit is required.",D4C,10,medium,Non-Past,Affirmative
P4_D1A_S1_B1_86,ल्होच्युइ सोम ङाच्छा ग्युजुगु यातायातला साधनला स्रुगरि क्योल्बा तामुबा।,तीन दशकअघि भेडाहरू यातायातको साधनका रूपमा प्रयोग हुन्थे।,"Three decades ago, sheep were used as a means of transportation.",D1A,8,medium,Past,Affirmative
D1A_S0_B1_848,मिडियारि जुन ताम खाबा मुला मोकोन देन्बा आरे।,मिडियामा जुन कुरा आएका छन् सबै सत्यता छैन।,Not everything that is reported in the media is true.,D1A,8,medium,Non-Past,Negative
COM_P2_D2H_S1_6653,सेनासे कोरोना काबाबेन्बाला लागिरि तोःबा बार्बु ग्लुबारि महँगो साइ ताबा मुला।,सेनाले कोरोना रोकथामका लागि चाहिने आवश्यक सामग्री खरिदमा महँगो मूल्य परेको छ।,The army has incurred high costs in purchasing essential supplies needed to prevent the spread of COVID-19.,D2H,12,medium,Non-Past,Affirmative
COM_D5G_S1_S2_1777,चु ता घन्टाछाप ४३ किलोमिटरला स्युगरि ह्यार्बारि खाम्ला।,यो घोडा प्रतिघण्टा ४३ किलोमिटरको गतिमा दौडन सक्छ।,This horse can run at a speed of 43 kilometers per hour.,D5G,8,medium,Non-Past,Affirmative
COM_P2_D5G_S3_6240,सेम ताजि बिसाम आनाम याकारगिक महसुस ताजि बिसाम ङादा चुनोन स्हिवादिमला ठेगानारि ब्रिबारि काङाल आम्हानाे ।,मन लाग्यो भने अथवा एक्लो महसुस भयो भने मलाई यही शान्तघरको ठेगानामा लेख्न अफ्ठ्यारो नमान्नु।,"If you feel like it or feel lonely, don't hesitate to write to me at this peaceful address.",D5G,15,medium,Unknown,Unknown
P3_D5G_S1_B2_846,थे मि निर्णायककादेला गे हिन्ना।,त्यो त निर्णायकहरूको काम हो।,That is the job of the judges.,D5G,5,short,Non-Past,Affirmative
COM_P2_D3E_S1_3022,थेला लागि लोप्खाङरि गुणस्तरीय लोप्बोन तयार लाबा जिम्मेवारी बोर्डला आहिन सरकारला हिन्ना।,त्यसका लागि विद्यालयमा गुणस्तरीय शिक्षक तयार गर्ने जिम्मेवारी बोर्डको नभई सरकारको हो।,"For that, the responsibility of preparing quality teachers in schools lies with the government, not the board.",D3E,12,medium,Non-Past,Affirmative
COM_D5G_S3_2577,आमा आपाला याग्याम काठि ब्यान्बारि खाम्देदोःना बाङ लासिचिबा मुबा।,आमा बाको हातबाट लौरो खोस्न भरमग्दुर प्रयत्न गरिरहनुभएको थियो।,Mom and Dad were trying desperately to snatch the stick from their hands.,D5G,9,medium,Past,Affirmative
COM_P2_D3E_S1_6143,ङादा फ्यासिङ ह्रिबारि थेन आइन्दा डारि मोबाइल आबोर्बारि कबुल लापुङ्जि।,मलाई माफी माग्न र आइन्दा कक्षामा मोबाइल नलैजाने कबोल गर्न लगाए।,They made me apologize and promise not to bring my cell phone to class in the future.,D3E,11,medium,Past,Affirmative
COM_D2H_S4_56,धनमायासे सामान्य डेलिभरीग्याम सुङरे जा न्हाबा मुबा।,धनमायाले सामान्य डेलिभरीमार्फत शुक्रबार छोरा जन्माएकी थिइन्।,Dhanmaya gave birth to a son on Friday via normal delivery.,D2H,7,short,Past,Affirmative
D4S_S2_4764,तिलाइ ग्लाला मुरि लानिरे नोन खासु बिसाम टाम्सेदा थेसे पाङ्स्ह्युजि।,केही ठाउँको आकाशमा सोमबार पनि बादल भने लाग्ने उहाँले बताउनु भयो।,He said that there will be clouds in the sky in some places on Monday as well.,D4C,11,medium,Past,Affirmative
COM_P2_D5G_S1_7966,सात्तान स्यानलान लागिरि ल्हुइ समर्पण लाबा ताला गोरगिक म्रिङ्मासे।,सधैँ अरूकै निम्ति जीवन समर्पित गरेकी हुन्छे एउटि नारीले।,A woman has always dedicated her life to others.,D5G,9,medium,Unknown,Unknown
COM_D5G_S3_4361,"समाज गिकसे स्यान समाजदा गोबाला लागिरि आमाग्योइसे ल्हानान ह्रो लासिचिबा ताला, थेसे पाङ्जि, बहुलताला आस्तित्वग्याम नेपाली समाज ङ्हाच्छा दाङ्बा मुला।","एक समाजले अर्को समाजलाई बुझ्नको लागि मातृभाषाले धेरै सहयोग पुर्‍याइरहेको हुन्छ, उनले भने, बहुलताको अस्तित्वबाटै नेपाली समाज अघि बढेको छ।","He said that the mother tongue helps a lot in helping one society understand another, adding that Nepali society has progressed due to the existence of plurality.",D5G,20,long,Non-Past,Affirmative
P3_D1A_S0_B2_1546,स्यान्दो ल्हाना ङोसेबा ग्यागारह्युलकि यान्पाङ ग्यासासे मुर्राम्युइ फिरि बार्बु प्रकाशन ओसेम प्रसारण लासि चिबा तामुला।,अरू धेरै लोकप्रिय भारतीय सञ्चारमाध्यमले मुर्रा भैँसीबारे सामग्री प्रकाशन तथा प्रसारण गरिरहेका हुन्छन्।,Many other popular Indian media outlets are publishing and broadcasting content about the Murrah buffalo.,D1A,13,medium,Non-Past,Affirmative
COM_P2_D5G_S2_3592,चुग्याम थेनिकादे ह्राङनोन  शोषणदा ठीक मुला बिसि पाङ्बरि ह्याउ आलान बिबा प्रस्ट ताला।,यसबाट तिनीहरू आफै पनि शोषणलाई ठीक छ भनेर भन्न ह्याउ गर्दैनन् भन्ने प्रस्टिन्छ।,This shows that they themselves are not afraid to say that exploitation is okay.,D5G,13,medium,Non-Past,Affirmative
COM_P2_D4C_S1_B3_1058,"चेगाइ करुणा आहिन, भावना हिन्ना थेन चु क्योङ म्हिला केवाला बो हिन्ना।","प्रेम करुणा होइन, भावना हो र यो हरेक मानिसको जीवनको हिस्सा हो।","Love is not compassion, it is a feeling and it is part of every human's life.",D4C,12,medium,Non-Past,Affirmative
P4_D1A_S1_B2_3156,डिछ्याबा सानाम फार्म स्याङ्बारि खाम्जि बिसाम न्हे चुङ्बारि काक्ता आरे।,व्यवस्थित कृषि फार्म चलाउन सकियो भने दूध बेच्न समस्या छैन।,"If you can run a well-managed agricultural farm, there is no problem in selling milk.",D1A,10,medium,Non-Past,Negative
D4S_S2_6370,ह्युल्साङ निकुञ्ज ओसेम ह्रिसेमचेनज्याबि ख्युर्छ्या विभागला ग्रा अधिकारी विष्णुप्रसाद श्रेष्ठला आन्सार ज्याबाला बेनान तयारी ङाच्छा दाङ्बा मुला।,राष्ट्रिय निकुञ्ज तथा वन्यजन्तु संरक्षण विभागका सूचना अधिकारी विष्णुप्रसाद श्रेष्ठका अनुसार गणनाको सम्पूर्ण तयारी अघि बढाइएको छ।,"According to Bishnu Prasad Shrestha, Information Officer at the Department of National Parks and Wildlife Conservation, all preparations for the census have been made.",D4C,17,long,Non-Past,Affirmative
P3_D5G_S2_B1_623,चुराङलासि उदार हिसाबसे ह्याङ्ला दिमथेमेला फेल्गेबा ताजि।,यसरी उदार हिसाबले हाम्रो परिवारको विकास भयो।,This is how our family developed in a generous way.,D5G,7,short,Past,Affirmative
COM_P2_D2H_S2_3818,गर्भावस्थारि गिजारि च्यालाङ तासि काङाल तामा एन्टिवायोटिक मान ख्वाबारि आडिक्बा डा.सिंहला पाङ्बा मुला।,गर्भावस्थामा गिजामा सङ्क्रमण भई गाह्रो हुँदा एन्टिवायोटिक औषधि खुवाउन नमिल्ने डा.सिंहको भनाई छ।,Dr. Singh says that antibiotics should not be given during pregnancy due to gum infection and complications.,D2H,13,medium,Non-Past,Affirmative
COM_D4C_S1_S2_672,कोरोना लोङ्बाला ङ्यान्दि निबा गोरङि दिङ चुला ह्युलकोररि नोन असर ताबा स्थानीयवासी पाङ्मुला।,कोरोना त्रासका कारण विगतका दुई वर्ष यहाँको पर्यटनमा पनि असर परेको स्थानीयवासी बताउँछन्।,Locals say that tourism here has also been affected in the past two years due to the Corona scare.,D4C,13,medium,Non-Past,Affirmative
D1A_S0_B1_2446,सरकारसे सानाम्पादा नेतृत्वदायी भूमिकारि थुइबा लातोबा पोखरेलसे पाङ्जि।,सरकारले कृषकलाई नेतृत्वदायी भूमिकामा आवद्ध गराउनु पर्ने पोखरेल बताउँछन्।,Pokharel says the government should involve farmers in leadership roles.,D1A,9,medium,Non-Past,Affirmative
COM_D2H_S1_S2_2804,एचपीभी खोपसे छामेकादेदा लिउरि पाठेघरला सुङला क्यान्सर ताबाग्याम सोना लामुला।,एचपीभी खोपले किशोरीहरूलाई भविष्यमा पाठेघरको मुखको क्यान्सर हुनबाट बचाउँछ।,The HPV vaccine protects teenagers from developing cervical cancer in the future.,D2H,9,medium,Non-Past,Affirmative
COM_P2_D5G_S2_5546,ङादा युद्धदुइरि गोली पिन्बा माओवादी गेबोनला दिमरि वाति स्होपिन्जि।,मलाई युद्धकालमा गोली हान्ने माओवादी कार्यकर्ताको घरमा धारो बनाइदिएँ।,I was made a prisoner at the house of a Maoist activist who shot me during the war.,D5G,9,medium,Past,Affirmative
COM_P2_D2H_S1_7021,मुख्यतया चु नोइला नाछोतला दानरि गोरब्रे तोसोरि बोलाबा मुला।,मुख्यतया यो रोगका लक्षणको आधारमा आठवटा प्रकारमा बाँडिएको छ।,"It is divided into eight types, mainly based on the symptoms of the disease.",D2H,9,medium,Non-Past,Affirmative
COM_D5G_S1_S2_2314,दिमग्याम ब्रामा थेतेन ह्राङसे क्वान्बा सरोगिक क्वान बिमा तिलाइ आरेबा।,घरबाट हिंड्दा उसँग आफूले लगाएको एकसरो लुगा शिवाय केही थिएन।,"When he left home, he had nothing but the clothes he was wearing.",D5G,10,medium,Past,Negative
D4S_S1_2920,मध्यपुर ठिमिला नगदेशरि ५ दिङलिच्छा महाकाली स्याबा स्याङ्सेला ताबा मुला।,मध्यपुर थिमिको नगदेशमा ५ वर्षपछि महाकाली नाच सञ्चालन हुने भएको छ।,"Mahakali dance is going to be held in Nagdesh, Madhyapur Thimi after 5 years.",D4C,11,medium,Non-Past,Affirmative
COM_P2_D2H_S1_7541,चु साप्तो स्याङ्बा लाबालिच्छा चुला नाबादा याम्बु भौंतानाइतितोबा नाछाल आखाबा थेसे दाबी लाजि।,यी सेवा सञ्चालन गरेपछि यहाँका बिरामीलाई काठमाडौँ भौँतारिनुपर्ने अवस्था नआउने उहाँले दाबी गर्नुभयो।,"He claimed that after operating these services, patients here will not have to travel to Kathmandu.",D2H,13,medium,Past,Affirmative
COM_D3E_S1_S2_827,लाइनुजुगुसे नोन ज्याबा डोबारि खाम्मुबा ।,नानीहरूले पनि राम्रो पढ्न सक्थे।,Even the children could read well.,D3E,5,short,Past,Affirmative
COM_P2_D5G_S2_6250,ङा ओर्सेन ग्यासाव्हाना चिसेला विचार लासि जिन्स थेन टि-शर्टरि थोन्ना।,म उतै सहरतिर टहल्लिने विचार गरी जिन्स र टि-शर्टमा निस्किन्छु।,"I head out in jeans and a T-shirt, thinking of taking a stroll through the city.",D5G,10,medium,Non-Past,Affirmative
COM_P2_D3E_S1_3958,ब्लोनसे लिच्छाला दुइरि विपदग्याम छ्योआछ्यो ग्यार्जा ३ लोप्खाङ प्रभावित ताबा प्रारम्भिक तथ्याङ्क खाबा पाङ्जि।,मन्त्रीले पछिल्लो समय विपदबाट करिब ३ सय विद्यालय प्रभावित भएको प्रारम्भिक तथ्याङ्क आएको बताइन्।,The minister said that preliminary data has indicated that around 3 hundred schools have been affected by the recent disaster.,D3E,14,medium,Past,Affirmative
D4S_S2_6847,थेगुङ नोन १४.४ किलोमिटर जेन ब्लि लेनला तासेला मुला बिसाम लेङ्बा झान्नाइ १४ किलोमिटर न्हि लेनला तासेला मुला।,त्यसमध्ये पनि १४. ४ किलोमिटर मात्रै चार लेनको हुनेछ भने बाँकी झण्डै १४ किलोमिटर दुई लेनको हुनेछ।,"Of that, only 14.4 kilometers will be four-lane, while the remaining approximately 14 kilometers will be two-lane.",D4C,17,long,Non-Past,Affirmative
COM_D5G_S3_2824,सामाजिक छोरोवाला ङ्यान्दि नोन विम्ब योजन लातोबा बाध्यता व्हाइखाब्रिखनेकादेरि ताबा तामुला।,सामाजिक चेतनाका कारण पनि विम्ब योजन गर्नुपर्ने बाध्यता कविहरूमा रहने गर्दछ।,Poets are also compelled to use imagery due to social consciousness.,D5G,11,medium,Non-Past,Affirmative
COM_D5G_S4_4421,"ङाला दिमथेमेसे ह्राङ्ला तान्बाला सिबा ल्हुइ जे आहिन, सिबाला ताम्सोर याङ्बारि नोन दिङछा ब्रान्दोबा मुताला।","मेरो परिवारले आफ्नो सन्तानको मृत शरीर मात्र होइन, मृत्युको खबर पाउन पनि वर्षौं कुर्नुपर्थ्यो होला।","My family would have had to wait years not only to receive their child's dead body, but also to receive news of their death.",D5G,15,medium,Non-Past,Affirmative
COM_D3E_S1_S2_5074,केन्द्रीय परीक्षा सञ्चालन दाछोकला चिसाङसे रोकतिबा परीक्षा छठ जिन्बातेन सञ्चालनला तयारी लाबारि सम्बन्धित गेदिमदा काठाक्बा पिन्बा आप्ता लाबा हिन्ना ।,केन्द्रीय परीक्षा सञ्चालन समितिको बैठकले रोकिएका परीक्षा छठ लगत्तै सञ्चालनको तयारी गर्न सम्बन्धित कार्यालयलाई निर्देशन दिने निर्णय गरेको हो।,The Central Examination Conducting Committee meeting decided to direct the concerned office to prepare for the conduct of the suspended examinations immediately after Chhath.,D3E,19,long,Non-Past,Affirmative
COM_P3_D3E_S1_11653,कैलालीरि लोप्खाङ ठ्वाङ्बा मि सम्भावना नोन आरेबा लोप्बोनजुगुसे पाङ्मुला।,कैलालीमा विद्यालय खुल्ने त सम्भावना पनि नभएको शिक्षकहरू बताउँछन्।,Teachers say there is no chance of schools opening in Kailali.,D3E,9,medium,Non-Past,Affirmative
D1A_S0_B1_294,टुङ्राग्याम ताबा अम्दानीसे दिम ह्रेवा मुला।,अदुवाबाट भएको आम्दानीले घर व्यवहार धानेको छु।,I have been able to support my family with the income from ginger.,D1A,7,short,Non-Past,Affirmative
COM_P2_D5G_S3_570,थेसे ल्हानान फिल्मरि अभिनय लासि जिन्बा मुला।,उनले कैयौं फिल्ममा अभिनय गरिसकेकी छन्।,She has acted in several films.,D5G,6,short,Non-Past,Affirmative
COM_P2_D5G_S1_8508,ज्यानला बाजि लासि बिकास लाबा छोन्बोन मुला अपमान लामा ङानिला मि गोने बेल्बो ताजि।,"ज्यानको बाजि लगाएर बिकास गर्ने ज्युँदै छौँ,अपमान गर्दा हाम्रो आँखा साउन असार भयो।","We are risking our lives to develop, but it hurts our eyes to be insulted.",D5G,13,medium,Past,Affirmative
COM_D2H_S5_3009,छायाँसे अस्पतालला डा. मारिया गौतमतेन परामर्श लासि शल्यक्रियाला प्रबन्ध एन डिक्नालाजि।,छायाँले अस्पतालका डा. मारिया गौतमसँग परामर्श गरेर शल्यक्रियाको प्रबन्ध पनि मिलाइदिनुभयो।,Chhaya also made arrangements for the surgery after consulting with the hospital's Dr. Maria Gautam.,D2H,11,medium,Past,Affirmative
COM_D5G_S1_S2_1090,प्रेमला परिभाषा ह्राङरिन ङाज्याङ मुला।,प्रेमको परिभाषा आफैँमा बृहत छ।,The definition of love itself is broad.,D5G,5,short,Non-Past,Affirmative
COM_P2_D3E_S2_4579,"लिच्छाला सोम दिङरि ठिम नुर कर्मचारी, क्योङह्रावाकर्मी, दलला गोबोन, स्योमि मोकोनला दाम्बारि ताबा मुला।","पछिल्ला तीन वर्षमा कानुन विषय कर्मचारी, सुरक्षाकर्मी, दलका नेता, पत्रकार सबैको रोजाइ बनेको छ।","In the last three years, the law has become the choice of everyone, including employees, security personnel, party leaders, and journalists.",D3E,14,medium,Non-Past,Affirmative
COM_P2_D4C_S1_B1_383,चुराङलासि ढोल ह्राप्पादा डगहर देव पाङ्मुला।,यसरी ढोल बजाइनुलाई डगहर देव भनिन्छ।,Playing the drum in this way is called Dagahar Dev.,D4C,6,short,Non-Past,Affirmative
P4_D1A_S1_B1_820,चुदेदुइरि थे सारि खरबुजाला ह्रालामह्रुलुम रोबा मुला।,यतिखेर सो जमिनमा खरबुजाका लदाबदी फलेका छन्।,"Currently, watermelons are growing in abundance on that land.",D1A,7,short,Non-Past,Affirmative
COM_P2_D3E_S2_6910,स्कन्दासे पुस्तकालय च्याला बिसाम थेला आले सहर्षसे क्लाङछ्योङ ब्रेल्बि क्रियाकलापरि बोकिन्मुला।,स्कन्दाले पुस्तकालय हेर्छिन् भने उनका भाइ सहर्षले खेलकुदसम्बन्धी क्रियाकलापमा सहभागी हुन्छन्।,"Skanda browses the library, while her brother happily participates in sports-related activities.",D3E,11,medium,Non-Past,Affirmative
COM_D5G_S4_1472,ह्याङसे थारेङ साम्यवादला म्हाङ म्राङ्सि दान्दे बर्बाद स्होबा मुला।,हामीले सुदूर साम्यवादको सपना देखेर वर्तमान बर्बाद बनाएछौँ ।,We have ruined the present by dreaming of distant communism.,D5G,8,medium,Non-Past,Affirmative
D1A_S0_B2_4983,मोटरग्यालामला आडुपरि ङाउरि खैरालाला सुन्तला उत्पादन सानाम्पासे छाङरि पुइसि कैलालीला चौमाला बजाररि चुङ्बान खाबा मुबा।,मोटरबाटोको अभावमा विगतमा खैरालाका सुन्तला उत्पादक किसानले डोकोमा बोकेर कैलालीको चौमाला बजारमा बिक्री गर्दै आएका थिए।,"Due to the lack of a motorway, in the past, orange farmers from Khairala used to carry oranges on their heads and sell them at the Chaumala Bazaar in Kailali.",D1A,16,long,Past,Affirmative
COM_D3E_S3_2144,आईएसएमटी कलेजला ग्रेन्पो अवस्तीला आन्सार फिह्युल्पा विश्वविद्यालयसे बजारला ह्रिबा आन्सारला ग्युइसेर पिन्बा पाङ्जि।,आईएसएमटी कलेजका प्रमुख अवस्तीका अनुसार विदेशी विश्वविद्यालयले बजारको माग अनुसारको शिक्षा प्रदान गर्ने बताए।,"According to Awasthi, the principal of ISMT College, foreign universities will provide education according to market demand.",D3E,14,medium,Past,Affirmative
COM_D2H_S1_S2_6810,सरकारसे चालू न्होदिहेन्से निजी ल्हुइथाङ घेन्दुनग्याम पिन्बान खाबा बिमाग्यामला साप्तो आपिन्बा आप्ता लाबाछ्याम बिमाग्यामला साप्तो च्युप्पान खाबा मुला।,सरकारले चालू आवदेखि निजी स्वास्थ्य संस्थाबाट दिँदै आएको बिमामार्फतको सेवा नदिने निर्णय गरेसँगै बिमामार्फतको सेवा खुम्चिदै आएको छ।,"With the government's decision to discontinue insurance-based services provided by private health institutions from the current fiscal year, insurance-based services have been shrinking.",D2H,18,long,Non-Past,Affirmative
COM_D4C_S1_S2_4619,क्रेबा योग्य ज्योमोगाङ ताङसे ठोङ्बा लाबान निबा सरकारला नीति बमोजिम छार ज्योमोगाङ क्रेबा खुला लाबा हिन्ना।,आरोहण योग्य हिमाल क्रमशः खुला गर्दै जाने सरकारको नीति बमोजिम नयाँ हिमाल आरोहण खुला गर्न लागिएको हो।,New mountain climbing is being opened in accordance with the government's policy of gradually opening up climbable mountains.,D4C,17,long,Non-Past,Affirmative
COM_D3E_S3_202,चुसे खाबा रेला लागिरि खोबो बिकशित लामुला।,यसले आउने दिनकालागि मस्तिष्क बिकशित गर्छ।,It develops the brain for the days to come.,D3E,6,short,Non-Past,Affirmative
D4S_S2_2459,१० दिङ खेःबा होटल सिटी नाम्सा जेबा पिङ्गाइ डिहि न्हाङकि बाइकि रिमठिम झल्को पिन्बा होटल हिन्ना।,१० वर्ष पुरानो होटल सिटी गाउँ सुन्दर हरियाली बगैँचा भित्र नेवारी संस्कृति झल्को दिने होटल हो।,The 10-year-old Hotel City Village is a hotel that reflects Newari culture within beautiful lush gardens.,D4C,16,long,Non-Past,Affirmative
D1A_S0_B3_1822,थेसे ग्वा थेन सुनलेला ग्वालेला गोर ५०० फोल्दोङ स्होसि उत्पादन चुःमा गिक्छा लारिन सिक ७५ तोङ्जारि ५०० किलो चुङ्बा लाबा मुबा।,उनले गहुँ र परालको छ्वालीका ५०० वटा डल्लो बनाएर उत्पादन थाल्दा पहिलो महीनामै रु.७५ हजारमा ५०० किलो बिक्री गरेका थिए।,"When he started production by making 500 bales of wheat and straw, he sold 500 kilos for Rs. 75 thousand in the first month.",D1A,20,long,Past,Affirmative
COM_P3_D3E_S1_11523,थेला आन्सार ढकाल थेनोन लोप्खाङला लेखापाल मुबा खुल्तिबा मुला।,उनका अनुसार ढकाल सोही विद्यालयको लेखापाल रहेको खुलेको छ।,"According to him, it has been revealed that Dhakal is the accountant of the same school.",D3E,9,medium,Non-Past,Affirmative
COM_P2_D5G_S4_1552,भक्तराजसे बिजादुइरिन आपादा गुमाइतिजि।,भक्तराजले बाल्यकालमै बुबालाई गुमाए।,Bhaktaraj lost his father in his childhood.,D5G,4,short,Past,Affirmative
COM_P2_D2H_S1_8253,"ल्हुइथाङ विबोरि च्यामा कादे जनादा च्यालाङ ताजि, कादे जनाला मृत्यु ताजि बिबा बाहेक स्यान म्राङ्बा आरे।","स्वास्थ्य विभागमा हेर्दा कति जनालाई सङ्क्रमण भयो, कति जनाको मृत्यु भयो भन्ने बाहेक अरू देखिएको छैन।","Looking at the Health Department, there is nothing to see other than how many people have been infected and how many have died.",D2H,16,long,Non-Past,Negative
COM_P2_D4C_S1_B4_2071,तिकाइ-तिकाइ ह्युलरि पटाका चुङ्बारि वा ग्लुबारि १८ दिङ दोबा तातोसेदा नियम मुला।,कुनै-कुनै देशमा पटाका बेच्न वा किन्न १८ वर्ष पुगेको हुनुपर्ने नियम छ।,"In some countries, there is a rule that you must be 18 years of age to sell or buy firecrackers.",D4C,12,medium,Non-Past,Affirmative
COM_D5G_S1_S2_4755,"लाउ, दामा न्हाङरि निसि चिबा दुइ ताजि, रियाबेत्ससे आदेन लासि या ल्हिप्पान दलानग्याम हाँक लाजि।","लौ, अब भित्र गएर बस्ने बेला भयो, रियाबेत्सले अप्ठ्यारो गरी हात हल्लाउँदै दलानबाट हाँक लगायो।","""Well, it's time to go inside and sit down,"" Ryabets said, waving her hand awkwardly and calling out from the hallway.",D5G,15,medium,Past,Affirmative
COM_D2H_S3_1630,दुर्बो्यवश शल्यक्रियासे काक्ता छिम्बा लाबा आखाम्नि थेन थेला तिङला गे झननोन् नोङ्बा मुबा।,दुर्भाग्यवश शल्यक्रियाले समस्या समाधान गर्न सकेन र उनको मुटुको कार्य झनै बिग्रिएको थियो।,"Unfortunately, the surgery did not fix the problem and his heart function deteriorated further.",D2H,13,medium,Past,Affirmative
D1A_S0_B2_575,नेपालरि बसन्ते माकाइ तेन्तो आनाम ख्रेला हेन्से बेनेला गुङरि ड्वाबा माकाइला म्हेन्दो वाङ्बा दुइ ताबा मुला।,नेपालमा बसन्ते मकै बाली अर्थात् माघदेखि फागुनको बिचमा छरेको मकैको फूल लाग्ने बेला भएको छ।,"It is the time for the spring corn crop in Nepal, i.e. the corn that is sown between Magh and Falgun, to bloom.",D1A,15,medium,Non-Past,Affirmative
COM_P2_D2H_S2_4338,ग्रेन्पो प्रजापतिसे फिच्चा दुइसाङरि अस्पतालला नाछाल थेन तोःबाफिरि सुत्ताइ ग्रानाङ लापुङ्बा मुबा।,प्रमुख प्रजापतिले उक्त अवसरमा अस्पतालको अवस्था र आवश्यकताबारे समेत अवगत गराएका थिए।,Chief Prajapati also briefed the audience about the condition and needs of the hospital on the occasion.,D2H,12,medium,Past,Affirmative
COM_D2H_S5_5533,कुबारि लोप्पा तामदा अस्पतालला स्यान्दो चिकित्सक ओसेम ल्हुइथाङपादा तेनलोप्पान् आकस्मिक ल्हुइथाङ सेवादा थप प्रभावकारी सोबारिे प्रतिवद्धता थेसे जनबलाबा,तालिममा सिकेका कुरालाई अस्पतालका अन्य चिकित्सक तथा स्वास्थ्यकर्मीलाई पनि सिकाउँदै आकस्मिक स्वास्थ्य सेवालाई थप प्रभावकारी बनाउने प्रतिवद्धता उनले जनाए।,He expressed his commitment to make emergency health services more effective by teaching what he learned in the training to other doctors and health workers at the hospital.,D2H,19,long,Past,Affirmative
P4_D1A_S1_B2_3974,"ङोसेबा ह्रोकादे, ङेङ्गोर म्होकोदान तेमेसास्हिङ लाबारि प्रेरित लाबान खाबा मुला, ह्राङसे चु सास्हिङदा छोङनामकि स्रुगरिन ङाच्छा दाङ्बा मुला।","चिनेजानेका साथीभाइ, आफन्त सबैलाई आलुखेती गर्न प्रेरित गर्दै आएको छु, आफूले यस खेतीलाई व्यावसायिक रूपमै अगाडि बढाएको छु।","I have been inspiring all my friends and relatives to grow potatoes, and I have taken this cultivation forward commercially.",D1A,18,long,Non-Past,Affirmative
COM_P2_D2H_S3_4616,अन्तरि ह्राङ्ला पाठेघरला मूल काक्ता खाराङ्बा हिन्ना पत्ता लगबलासि थेला क्योन्बा लाबारि तेन मुला।                                                                                                                                                                                                                                                                                                                                                                                                                                                                                                                                                                                                                                                                                                                                                                                                                                                                                                                                                                                                                                                                                                                                                   ।,अन्तमा तपाईँको पाठेघरको मूल समस्या के हो पत्ता लगाई त्यसको उपचार गर्न पनि नबिर्सनुहोला।,"Finally, don't forget to find out what the underlying problem with your uterus is and treat it.",D2H,14,medium,Non-Past,Affirmative
COM_D3E_S1_S2_684,परीक्षादोःना नोन लोप्खेनला यारि छ्योइ आरे।,परीक्षासम्म पनि विद्यार्थीको हातमा पुस्तक छैन।,"Even before the exam, the student does not have a book in his hand.",D3E,6,short,Non-Past,Negative
COM_P2_D5G_S2_1752,खालाइ मि फिर्ग्याप थोन्बारिन आङ्यान्मुबा।,कोही त बाहिर निस्कनै मान्दैनथे।,Some people wouldn't even go out.,D5G,5,short,Past,Negative
P2_D1A_S0_B2_3439,"राज्मा, बोडी, मास, ताम्रा थेन मोठेराङ्बा नाम्सि गेडागुडी ओसेम ल्होलो तोसोला नाम्सि खु चुरि तोदेबा उत्पादन ताबा अधिकृतसे पाङ्जि।","राज्मा, बोडी, मास, सिमी र भटमासजस्ता मौसमी गेडागुडी तथा विभिन्न प्रकारका मौसमी तरकारी यहाँ प्रशस्त उत्पादन हुने अधिकृतले बताए।","The official said that seasonal legumes like kidney beans, kidney beans, peas, beans, and soybeans, as well as various types of seasonal vegetables, are produced in abundance here.",D1A,19,long,Past,Affirmative
COM_D5G_S1_S2_1022,थेसे चुराङ्बान राप स्हेङ्मुबा।,उनले यस्तै स्टोरी बनाउँथे।,He used to make up stories like this.,D5G,4,short,Past,Affirmative
COM_D3E_S5_3186,थेसे सोसल मिडिया फेसबुग्याम बेनानबिमा ल्हाना अपराधजन्य घटनाकादे ताचिबा पाङ्जि।,उनले सोसल मिडिया फेसबुकबाट सबैभन्दा बढी अपराधजन्य घटनाहरू भइरहेको बताए।,He said that the most criminal incidents are occurring through the social media platform Facebook.,D3E,10,medium,Past,Affirmative
COM_D4C_S1_S2_3846,ज्योइल्हाम थेन हवाईग्यालाम ताबान च्योमोलुङ्मा थुमरि वाङ्बा लाबा ह्युलकोर्पादा जोरसल्ले वाङ्बाम्रापस्वाङरि अनिवार्य दर्ता लातोबा प्रावधान मुला।,पदमार्ग र हवाईमार्ग हुँदै सगरमाथा क्षेत्रमा प्रवेश गर्ने पर्यटकलाई जोरसल्ले प्रवेशद्वारमा अनिवार्य दर्ता गराउनुपर्ने प्रावधान रहेको छ।,There is a provision that tourists entering the Everest region via trekking and air travel must register at the Jorsale entrance.,D4C,17,long,Non-Past,Affirmative
COM_P2_D3E_S2_3722,दारेम सन् २०३० दोःना चु साङ्ज्या ल्हेःनालासि बुम ६ दोनालाबा दोनडुप्पा बेलायतसे किन्बा मुला।,अब सन् २०३० सम्म यो सङ्ख्या बढाएर ६ लाख पुर्‍याउने लक्ष्य बेलायतले लिएको छ।,The UK now aims to increase this number to 6 lakh by 2030.,D3E,14,medium,Non-Past,Affirmative
COM_D3E_S1_S2_2213,"महेन्द्रनगर, धनगढीला निजी कलेजरि प्राविधिक नुर डोबारि खाम्जि कि बिसि थेसे ल्हाना प्रयास लाजि।","महेन्द्रनगर, धनगढीका निजी कलेजमा प्राविधिक विषय पढ्न सन्छिकी भनेर उनले धेरै प्रयास गरिन्।",She tried hard to get into a private college in Mahendranagar and Dhangadhi to study technical subjects.,D3E,13,medium,Non-Past,Affirmative
COM_P3_D3E_S2_7038,कादे हर ग्रेन तामुला भिन्न जाजा तामुला।,जति हर ठूलो हुन्छ भिन्न सानो हुन्छ।,"The bigger the number, the smaller the difference.",D3E,7,short,Non-Past,Affirmative
COM_D5G_S3_1313,पार्वतीसे ल्हानान रेम म्हुनागाङ्सालरि गुडियासे गोबा थेःसिजिन्बा मुला।,पार्वतीले धेरैपटक मध्यरातमा गुडियाले गाएको सुनिसकेकी छ।,Parvati has heard the doll sing in the middle of the night many times.,D5G,7,short,Non-Past,Affirmative
D4S_S3_3965,ग्यागारह्युलला छार दिल्लीग्याम याम्बु फाप्पा थेदा महानगर प्रहरी परिसरला टोलीसे चुङ्बाला हिन्ना।,भारतको नयाँ दिल्लीबाट काठमाडौँ ओर्लिएका उनलाई महानगरीय प्रहरी परिसरको टोलीले पक्राउ गरेको हो।,"He was arrested by a team from the Metropolitan Police Complex after arriving in Kathmandu from New Delhi, India.",D4C,13,medium,Non-Past,Affirmative
COM_D3E_S1_S2_6226,निरीक्षणलिच्छा थेसे पुस्तकालयरि बेनान दिङ दाछोकला डोखेनला लागि उपयोगी पुस्तक काप्सि खेःबा महत्त्वपूर्ण पुस्तकला ख्युरछ्याला छ्याम आधुनिक तोसोसे पुस्तकालय डिछ्याबा लातोबा पाङ्जि ।,निरीक्षणपछि उनले पुस्तकालयमा सबै उमेर समूहका पाठकका लागि उप‌योगी पुस्तक थप गरी पुराना महत्त्वपूर्ण पुस्तकको संरक्षणसहित आधुनिक ढङ्गले पुस्तकालय व्यवस्थापन गर्नुपर्ने बताइन्।,"After the inspection, she said that the library should be managed in a modern manner, including the preservation of old and important books, by adding useful books for readers of all age groups.",D3E,22,very long,Past,Affirmative
COM_D5G_S3_1831,थे आडियोकादे देवकोटाला स्होबान लाबा संग्रहालयला आडियो कोठारि थान्सेला मुला।,ती अडियोहरू देवकोटाको बन्दै गरेको सङ्ग्रहालयको अडियो कोठामा राखिनेछ।,These audios will be kept in the audio room of the museum under construction in Devkota.,D5G,9,medium,Non-Past,Affirmative
COM_D4C_S1_S2_4783,"थेतासि दात्ते राङ्ला तान्बा स्यान्दो पेसारिन ताङ्बा पाङ्बान ङाइ मिन छाबा सोचसे ज्योमोगाङ क्रेबा आहिन, न्होरकि आडुपसे क्रेपा स्होजि।","त्यसैले अहिले आफ्ना सन्तान अरू पेसामै खुसी रहेको बताउँदै मैले नाम कमाउने सोचले हिमाल आरोहण गरेको होइन, आर्थिक अभावले आरोही बनायो।","So, while saying that my children are now happy in other professions, I did not climb mountains with the idea of ​​making a name for myself, but rather because of financial constraints.",D4C,21,very long,Past,Affirmative
COM_D2H_S3_1445,पोषण शाखाला ङाच्छा ग्रेन पराजुलीला आन्सार विनिबारि कोला न्हाबा लिच्छा लगातार आमाला ङे ख्वाबा चलन मुबा।,पोषण शाखाका पूर्व प्रमुख पराजुलीका अनुसार विगतमा बच्चा जन्माएपछि लगातार आमाको दूध ख्वाउने चलन थियो।,"According to Parajuli, former head of the nutrition branch, in the past, it was customary to continuously breastfeed a child after giving birth.",D2H,15,medium,Past,Affirmative
COM_D3E_S1_S2_1905,ग्रेनलोप्बोन पोख्रेलला आन्सार लोप्खाङरि दात्ते ग्यार्ज्या ब्रेसे ५० लोप्खेन डोसिचिबा मुला।,प्रधानाध्यापक पोख्रेलका अनुसार विद्यालयमा हाल आठ सय ५० विद्यार्थी अध्ययनरत छन्।,"According to Principal Pokhrel, there are currently eight hundred 50 students studying at the school.",D3E,11,medium,Non-Past,Affirmative
D4S_S3_3229,खेःबा २ लेनला साँघुरा बेनान चामदा ब्लि लेनला छार चामसे विस्थापन लाबा तयारी मुला।,पुराना २ लेनका साँघुरा सबै पुललाई चार लेनका नयाँ पुलले विस्थापन गर्ने तयारी छ।,"Preparations are underway to replace all the old, narrow, two-lane bridges with new four-lane bridges.",D4C,14,medium,Non-Past,Affirmative
COM_D4C_S1_S2_1658,दिङकि तोङ्जा ३० फिह्युल्बा ह्युलकोर्पासे कोरल्हाम लाबा घोडेपानीरि चु दिङ ह्युलकोर्पाला आगमन ल्हानाराङ ठप्प ताबा मुला।,वार्षिक ३० हजार विदेशी पर्यटकले भ्रमण गर्ने घोडेपानीमा यो वर्ष पर्यटकको आगमन ठप्पप्रायः भएको छ।,"Ghodepani, which is visited by 30 thousand foreign tourists annually, has seen a near-halt in tourist arrivals this year.",D4C,15,medium,Non-Past,Affirmative
COM_D5G_S1_S2_247,अझ थेदा डु रेदोःना चाबाथुङ्बा नोन अपिन्ना थान्जि।,अझ उहाँलाई ६ दिनसम्म अन्नपानी समेत नदिई राखियो।,He was even kept without food or water for 6 days.,D5G,8,medium,Past,Affirmative
COM_D3E_S1_S2_3789,विश्वविद्यालयला डीन डा. माणिकरत्न शाक्यसे विश्वविद्यालयला ग्युइसेरकि गतिविधिफिरि ग्रानाङ लापिन्जि।,विश्वविद्यालयका डीन डा.  माणिकरत्न शाक्यले विश्वविद्यालयका शैक्षिक गतिविधिबारे जानकारी गराए।,"Dean of the university, Dr. Manikratna Shakya, informed about the academic activities of the university.",D3E,10,medium,Past,Affirmative
D4S_S3_3342,भानु केवाग्लादा भानुधामला स्रुगरि फेल्गेबा लाबा नगरपालिकाला योजना मुबा थेला पाङ्बा मुला।,भानु जन्मस्थललाई भानुधामका रूपमा विकास गर्ने नगरपालिकाको योजना रहेको उहाँको भनाइ छ।,He said that the municipality has plans to develop Bhanu's birthplace as Bhanu Dham.,D4C,12,medium,Non-Past,Affirmative
COM_P2_D5G_S2_353,जामेला गे खालाइसे म्राङ्बा आदा ।,छोरीको कर्म कसैले देखेको हुँदैन।,No one has seen the daughter's actions.,D5G,5,short,Non-Past,Negative
COM_P2_D2H_S3_4233,अमेरिकारि ह्याम योना स्रुगरि फेल्बालिच्छा प्लाज्माथेरापीदा कोभिडला क्योन्बारि क्योल्बारि तिःबा हिन्ना।,अमेरिकामा महामारी तीव्र रूपमा फैलिएपछि प्लाज्माथेरापीलाई कोभिडको उपचारमा प्रयोग गर्न थालिएको हो।,Plasma therapy has been used to treat COVID-19 as the pandemic spread rapidly in the United States.,D2H,12,medium,Non-Past,Affirmative
D1A_S0_B2_1200,"चुबिमा, लाबुसे नेत थेन गाल मूत्रशयदा नोन कोङ्ह्रावा पिन्मुला।","यस बाहेक, मूलाले कलेजो र गाल मूत्राशयलाई पनि सुरक्षा दिन्छ।","Apart from this, radish also protects the liver and gall bladder.",D1A,10,medium,Non-Past,Affirmative
COM_P2_D2H_S3_1063,ल्हानासे तिङठा तासाम दिमरिन आराम लासि थान्बा लामुला।,धेरैले हृदयघात भएमा घरमै आराम गराएर राख्ने गर्छन्।,Many people choose to rest at home if they have a heart attack.,D2H,8,medium,Non-Past,Affirmative
COM_D3E_S1_S2_2935,"ह्याङ्ला इन्जिनियरिङ, डिग्यान, कम्प्युटर, सानाम विज्ञानरि ओराङ्बान लोप्खेन मुला।","हाम्रो इन्जिनियरिङ, व्यवस्थापन, कम्प्युटर, कृषि विज्ञानमा उस्तै विद्यार्थी छन्।","We have the same students in engineering, management, computer, and agricultural science.",D3E,9,medium,Non-Past,Affirmative
COM_D3E_S1_S2_239,स्कुल भर्ना ताला बिबा दिम ग्रोइ नोन आरेबा।,स्कुल भर्ना हुन्छु भन्ने घर सल्लाह नै थिएन।,There was no suggestion at home that I should enroll in school.,D3E,8,medium,Past,Negative
COM_D3E_S4_3906,मेलम्चीला क्युइ याम्बु खाबालिच्छा एप आझान प्रभावकारी ताबारि खाम्सेला थेसे पाङ्जि।,मेलम्चीको पानी काठमाडौँ आएपछि एप अझै प्रभावकारी हुनसक्ने उहाँले बताउनुभयो।,He said that the app could be even more effective once Melamchi water reaches Kathmandu.,D3E,10,medium,Past,Affirmative
COM_D2H_S1_S2_6808,चुनोन दिङला लिच्छादोःनारि बिजाबुमोदा रोप्पारि ताबा बुम ६० फाइजर थेन बुम ४० मोडर्ना लासि डि गिक डोज खोप खाबा पाङ्बा मुला।,यही वर्षको अन्तिमसम्ममा बालबालिकालाई लगाउन मिल्ने ६० लाख फाइजर र ४० लाख मोडर्ना गरी एक करोड डोज खोप आउने बताइएको छ।,"It is estimated that by the end of this year, 10 million doses of the vaccine, including 6 million Pfizer and 4 million Moderna, will be available for children.",D2H,21,very long,Non-Past,Affirmative
COM_P3_D3E_S2_13954,महानगरसे कामरे स्ह्युसेन लोप्खेनजुगुला प्रवेश परीक्षा किन्बा हिन्ना।,महानगरले शनिबार आवेदक विद्यार्थीहरूको प्रवेश परीक्षा लिएको हो।,The metropolis conducted an entrance exam for applicant students on Saturday.,D3E,8,medium,Non-Past,Affirmative
P3_D5G_S2_B1_143,ङ्यासे थेसे ङातेन ल्हेङ्मो लास्ह्युजि ।,बेलुका वहाँले मसँग कुरा गर्नुभयो।,He talked to me in the evening.,D5G,5,short,Past,Affirmative
COM_D3E_S5_3992,थे चिपसेटतेन डिक्पा यन्त्रकादेसे थे कायोकादे याङ्सेला  मुला थेन काप्पा गे लासेला मुला।,त्यो चिपसेटसँग मिल्दो यन्त्रहरूले ती आदेशहरू प्राप्त गर्नेछन् र थप काम गर्नेछन्।,Devices compatible with that chipset will receive those commands and perform further work.,D3E,12,medium,Non-Past,Affirmative
COM_P2_D3E_S2_2113,लोप्खेनला क्योइका वा वैकल्पिक गेरिम तिगा लासे बिबाफिरि दातेदोःना थेरि आप्ता किन्जिन्बा आरे।,विद्यार्थीको मूल्याङ्कन वा वैकल्पिक प्रक्रिया के गर्ने भन्नेबारे अहिलेसम्म त्यहाँ निर्णय लिइसकिएको छैन।,No decision has yet been made on what to do with the student's evaluation or alternative process.,D3E,13,medium,Non-Past,Negative
COM_P2_D5G_S4_271,"ङा ढुक्क मुला, चुरि खाचिबाइ देन्बा आरे।","म ढुक्क छु, यसमा कुनै सत्यता छैन।",I'm sure there's no truth to this.,D5G,7,short,Non-Past,Negative
COM_D3E_S5_2864,थेसे आईबीएमरि सन् १९८१ रि सिस्टम इन्जिनियरला स्रुगरि वाङ्बा मुबा।,उनीले आईबीएममा सन् १९८१ मा सिस्टम इन्जिनिएरका रूपमा प्रवेश गरेकी थिइन्।,She joined IBM in 1981 as a systems engineer.,D3E,11,medium,Past,Affirmative
COM_P2_D3E_S2_2929,चुबिमा चु दिङ ह्युलचोहो ग्युइसेरकि थिग्युन गेताङ न्हाङरि गुरुकुलसे कोठे ब्लि छार पक्की दिमग्रेन याङ्बा मुला।,यसबाहेक यसैपालि राष्ट्रपति शैक्षिक सुधार कार्यक्रमअन्तर्गत गुरुकूलले चारकोठे नयाँ पक्की भवन पाएको छ।,"In addition, this year, the Gurukul has received a new four-room concrete building under the President's Educational Reform Program.",D3E,13,medium,Non-Past,Affirmative
D4S_S3_301,दिमरि मोकोनसे रेडियो थान्बारि आयाङ्मुबा थे।,घरमा सबैले रेडियो राख्न पाउँदैन थे।,Not everyone was allowed to have a radio at home.,D4C,6,short,Past,Affirmative
P3_D1A_S0_B3_1364,मिन्बारि वाङ्बा सुन्तलारि छासा बुलुङ थेन स्केल नोइला प्रकोप म्राङ्बारि तिःबालिच्छा म्याग्दीला सुन्तला उत्पादन सानाम्पा लोतुरि ताबा मुला।,पाक्नै लागेका सुन्तलामा औँसा कीरा र स्केल रोगको प्रकोप देखिन थालेपछि म्याग्दीका सुन्तला उत्पादक कृषक चिन्तित भएका छन्।,Orange farmers in Myagdi are worried after the outbreak of scale insects and scale diseases began to appear on their ripening oranges.,D1A,18,long,Non-Past,Affirmative
COM_P2_D2H_S2_3156,रेदाङ्से स्रुगरि बन्दा चामा कोलेस्ट्रोलला मात्रा च्याङ्ना ताबा ल्होलो खेडोबसे पुष्टि लाबा मुला।,दैनिक रूपमा बन्दा खाँदा कोलेस्ट्रोलको मात्रा घट्ने विभिन्न अध्ययनले पुष्टि गरेको छ।,Various studies have confirmed that eating beans daily reduces cholesterol levels.,D2H,12,medium,Non-Past,Affirmative
COM_P2_D4C_S1_B3_3589,प्राकृतिक ग्योइलिङगुङ गोर २७ ग्योइलिङरि तार्ङा न्हाबा लाबा मुला।,प्राकृतिक तालमध्ये २७ वटा तालमा माछापालन गरिएको छ।,"Of the natural lakes, 27 are used for fish farming.",D4C,8,medium,Non-Past,Affirmative
COM_P2_D2H_S2_4345,"जुम्ला, २९ सोकराति- लिच्छाला दुइरि जुम्लारि मधुमेहला नाबा ल्हेःबा मुला।","जुम्ला, २९ कात्तिक- पछिल्लो समयमा जुम्लामा मधुमेहका बिरामी बढेका छन्।","Jumla, Karthik 27 - The number of diabetic patients has increased in Jumla in recent times.",D2H,10,medium,Non-Past,Affirmative
D4S_S2_951,खसी ग्लुबारि याङ्मा बूढानीलकण्ठला नवीन चौलागाई दङ्ग मुबा।,खसी किन्न पाएकोमा बूढानीलकण्ठका नवीन चौलागाई दङ्ग थिए।,Naveen Chaulagai of Budhanilkantha was thrilled to be able to buy a goat.,D4C,8,medium,Past,Affirmative
P2_D1A_S0_B1_43,जाजा रालाकोलादा म्हेला न्हे ग्लुसि ख्वाबा मुला।,ससाना पाठापाठीलाई गाईको दूध किनेर खुवाइरहेका छौँ।,We are buying cow's milk and feeding it to our little ones.,D1A,7,short,Non-Past,Affirmative
D1A_S0_B2_2352,"दान्दे ह्याङ्ला म्हेन्दो सास्हिङ च्याबारि जनप्रतिनिधि, कर्मचारीजुगु खाबा लाबा मुला।","अहिले हाम्रो फूल खेती हेर्न जनप्रतिनिधि, कर्मचारीहरू आउने गर्नुभएको छ।","Now, public representatives and employees are coming to see our flower farms.",D1A,10,medium,Non-Past,Affirmative
P3_D1A_S0_B1_1415,चुपालिकाला तिवाररि निबा दिङला बिमा च्याङ्ना कृत्रिम ठेङा वाङ्बा आँकलन लाबा मुला।,यसपालिकाको तिहारमा गत वर्षको भन्दा कम कृत्रिम माला भित्रिने आँकलन गरेका छौँ।,We estimate that fewer artificial garlands will be brought in this year's Tihar than last year.,D1A,12,medium,Non-Past,Affirmative
D1A_S0_B2_2217,दिङदाङ्से सुन्तलाला क्षेत्रफल फेल्बा एवम् उत्पादन लहेबान निबारि तिःबा मुला।,बर्सेनि सुन्तलाको क्षेत्रफल विस्तार एवम् उत्पादन बढ्दै जान थालेको छ।,The area under orange cultivation has been expanding and production has been increasing year by year.,D1A,10,medium,Non-Past,Affirmative
COM_P2_D4C_S1_B2_739,ङ्यासे १०८ सुते नाङ्साल म्राबा लामुला।,साँझ १०८ सुते बत्ती दियो प्रज्वलन गरिन्छ।,"In the evening, 108 lamps are lit.",D4C,7,short,Non-Past,Affirmative
D4S_S1_1326,गेटारि दात्ते ग्यार्जा तिख्याङला अस्पताल स्याङ्बारि मुला।,गेटामा अहिले सय शय्याको अस्पताल सञ्चालनमा छ।,A hundred-bed hospital is currently operating in Geta.,D4C,7,short,Non-Past,Affirmative
P3_D1A_S0_B1_413,हाल्दि मुख्यतया उष्ण छ्युलुङरि ताबा तेन्तो हिन्ना।,बेसार मुख्यतया उष्ण हावापानीमा हुने बाली हो।,Turmeric is a crop grown mainly in warm climates.,D1A,7,short,Non-Past,Affirmative
COM_D5G_S5_1585,१८ दिङलान दिङरि थेदा एडल्ट स्टार दोःबा सोच खाबा मुबा थेन तिलाइ अवार्ड नोन याङ्जि।,१८ वर्षकै उमेरमा उनमा एडल्ट स्टार बन्ने सोच आएको थियो र केही अवार्ड पनि पाइन्।,"At the age of 18, she had the idea of ​​becoming an adult star and even won a few awards.",D5G,15,medium,Past,Affirmative
COM_D2H_S1_S2_3734,सरकारसे निबा २५ नाम्दुङदोःना १८ दुगुदोना टाइफाइड लिसोला खोप अभियान स्याङ्बाला मुबा।,सरकारले गत २५ चैतदेखि १८ वैशाखसम्म टाइफाइडविरुद्धको खोप अभियान सञ्चालन गरेको थियो।,The government had conducted a vaccination campaign against typhoid from 25th Chaitra to 18th Baisakh.,D2H,12,medium,Past,Affirmative
COM_P2_D2H_S2_4415,"चुरोटरि निकोटिन तामुला, चुसे काः नली खार्नालासिपिन्बा ताबासे तिङनोइ लाग्तिबा सम्भावना ल्हेःमुला।","चुरोटमा निकोटिन हुन्छ, यसले रक्तनली सुकाइदिने भएकाले मुटुरोग लाग्ने सम्भावना बढाउँछ।","Cigarettes contain nicotine, which constricts blood vessels, increasing the risk of heart disease.",D2H,11,medium,Non-Past,Affirmative
COM_P2_D5G_S4_1086,ङादा जुन समसामयिक नुरवस्तुदा थुर्ला।,मलाइ जुन समसामयिक विषयवस्तुलाइ छुन्छ।,Contemporary topics that touch me.,D5G,5,short,Non-Past,Affirmative
COM_D2H_S1_S2_5061,ह्युलनाङला ल्होलो प्रयोगशालारि म्हेन्दो तोङ्जा १२ ग्यार्जा ५ से १६ रि परिक्षण लाबा मुबा।,देशभरका विभिन्न प्रयोगशालामा १२ हजार ५ सय १६ जनामा परीक्षण गरिएको थियो।,"12,516 people were tested in various laboratories across the country.",D2H,12,medium,Past,Affirmative
COM_D2H_S4_5171,नेपालरि कोरोना च्यालाङला गिक्छा वेब जनवरी थेन फेब्रुअरीरि खाबा बिबान दारेम न्हिछा वेभला चुःबा ताबारि खाम्बा आन्मान लाबा मुला।,नेपालमा कोरोना सङ्क्रमणको पहिलो वेब जनवरी र फेब्रुअरीमा आएको भन्दै अब दोस्रो वेभको सुरुवात भएको हुन सक्ने अनुमान गरेका छन्।,"It is estimated that the second wave of corona infection may have begun in Nepal, saying that the first wave of corona infection occurred in January and February.",D2H,20,long,Non-Past,Affirmative
P2_D1A_S0_B1_2355,थेला आन्सार रेड लेडी जातला मेवाला पोवा उत्पादन लासि  चुङ्बारि तिबा मुला।,उहाँका अनुसार रेड लेडी जातको मेवाको बिरुवा उत्पादन गरी बिक्री गर्न थालिएको हो।,"According to him, the Red Lady variety of papaya seedlings have been produced and sold.",D1A,13,medium,Non-Past,Affirmative
COM_D5G_S1_S2_521,"आमादा ङ्योत्साइला आरे, आपा खालाङ मुस्ह्युला ? ","आमालाई सोध्ने छैन, बा कहाँ हुनुहुन्छ?","I won't ask my mother, where is my father?",D5G,6,short,Non-Past,Affirmative
COM_P3_D3E_S1_1069,एसपीएसे लोप्खेनजुगुदा समाज ग्युर्बारि नोन अग्रसर लासिचिबा थेसे पाङ्जि।,एसपीएले विद्यार्थीहरूलाई समाज रूपान्तरणमा पनि अग्रसर गराइरहेको उनले बताए।,He said that SPA is also leading students in social transformation.,D3E,9,medium,Past,Affirmative
COM_P3_D3E_S1_12056,खोपला प्राथमिकता निर्धारण लामा लोप्बोनदा गिक्छा प्राथमिकतारि थान्बा थेन थे यथावत मुबा थेला तर्क मुला।,खोपको प्राथमिकता निर्धारण गर्दा शिक्षकलाई पहिलो प्राथमिकतामै राखिएको र त्यो यथावत रहेको उनको तर्क छ।,He argues that teachers were given first priority when determining vaccination priorities and that remains the case.,D3E,15,medium,Non-Past,Affirmative
P3_D1A_S0_B3_766,काइब्लोन वातावरणमैत्री पे सानाम नाम्सा परियोजना थेन स्थानीयखिम्साला जनश्रमदानग्याम च्यासास्हिङ फेल्बा ताबा मुबा।,मुख्यमन्त्री वातावरणमैत्री नमुना कृषि गाउँ परियोजना र स्थानीयवासीको जनश्रमदानबाट चियाखेती विस्तार भएको थियो।,Tea cultivation expanded through the Chief Minister's Environment-Friendly Model Agricultural Village Project and the labor of locals.,D1A,13,medium,Past,Affirmative
P3_D1A_S0_B2_3431,माकाइ उत्पादनरि ल्हेःनालाबा सानाम्पादा छार प्रजातिला ब्लु ठाबा तिबा लाबा सानाम शाखा ग्रेन्पो दिनेश ओलीसे ग्रानाङ पिन्जि।,मकै उत्पादनमा वृद्धि गर्न कृषकलाई नयाँ प्रजातिको बिउ वितरण सुरु गरिएको कृषि शाखा प्रमुख दिनेश ओलीले जानकारी दिए।,Agriculture Branch Chief Dinesh Oli informed that the distribution of new varieties of seeds to farmers has been started to increase maize production.,D1A,18,long,Past,Affirmative
COM_P2_D3E_S2_135,थेनिकादेदा डोबालोप्डोबारि अब्बल स्होबा ताम नोन चुनौतीपूर्ण मुला।,उनीहरूलाई पठनपाठनमा अब्बल बनाउने कुरा नै चुनौतीपूर्ण छ।,Making them excel in reading is a challenge.,D3E,8,medium,Non-Past,Affirmative
COM_P2_D3E_S2_2262,बोर्डला दोनडुप्पा आन्सार खाबा २०७५ दिङहेन्से डा १० ला परीक्षा प्रदेशग्याम स्याङ्बा तासेला मुला।,बोर्डको लक्ष्यअनुसार आगामी २०७५ सालदेखि कक्षा १० को परीक्षा प्रदेशबाट सञ्चालन हुनेछ।,"As per the board's goal, the Grade 10 examination will be conducted from the province starting from the upcoming 2075 BS.",D3E,12,medium,Non-Past,Affirmative
P3_D5G_S2_B1_810,थे दुइरि नेपाल टेलिभिजन जे नेपाल टेलिभिजन मुबा।,त्यो समयमा नेपाल टेलिभिजन मात्र नेपाल टेलिभिजन थियो।,"At that time, Nepal Television was the only Nepal Television.",D5G,8,medium,Past,Affirmative
COM_P2_D4C_S1_B3_3320,दिम ब्लोनखाङसे ग्यामरि अलपत्र ताबा ह्युलकोर्पाकादेदा ह्रोछ्या लाबारि काठाङ पिन्बा मुला।,गृह मन्त्रालयले बाटोमा अलपत्र परेका पर्यटकहरूलाई सहयोग गर्न निर्देशन दिएको छ।,The Ministry of Home Affairs has directed to assist tourists stranded on the road.,D4C,11,medium,Non-Past,Affirmative
COM_D4C_S1_S2_3121,थेदुइरिन वीरगन्जला हुल गिक ब्योन गोरगिक दिमला कोठारि गिटार थेन ड्रम ह्राप्सि व्हाइ कोमुबा।,त्यतिबेलै वीरगन्जका एक हूल युवा एउटा घरको कोठामा गिटार र ड्रम बजाउँदै गीत गाउँथे।,"At that time, a young man from Birgunj was singing songs while playing guitar and drums in a room of a house.",D4C,14,medium,Past,Affirmative
COM_D3E_S4_1859,हिन्बा मि लिः सेबा प्रविधिला डेटाबेज दात्तेदोःना निरीक्षण ताबा आरे।,यद्यपि अनुहार चिन्ने प्रविधिको डेटाबेस अहिलेसम्म निरीक्षण भएको छैन।,"However, the facial recognition technology database has not yet been inspected.",D3E,9,medium,Non-Past,Negative
COM_D2H_S1_S2_5662,"ग्युइस्हेर, विज्ञान ओसेम प्रविधि ब्लोनखाङला योजना ओसेम बजेट शाखाका आन्सार चुला लागिरि बेनान स्थानीय तादादा अर्ब १ डि  ४३ बुम २६ तोङ्जा  ४८ पुइजिन्बा मुला।","शिक्षा, विज्ञान तथा प्रविधि मन्त्रालयको योजना तथा बजेट शाखाका अनुसार यसका लागि सबै स्थानीय तहलाई १ अर्ब ४३ करोड २६ लाख ४८ हजार पठाइसकेको छ।","According to the Planning and Budget Branch of the Ministry of Education, Science and Technology, Rs 1 arab 43 crores 26 lakhs 48 thousands has been sent to all local levels for this purpose.",D2H,25,very long,Non-Past,Affirmative
D1A_S0_B1_3584,सेमचेन बिमा लाबालिच्छा ति दिङन्हाङरि सेमचेन सिसाम थेला साइला ९० कार्ग्या टाङ्गा कम्पनीसे सानाम्पाला दिमरिन दोसि पिन्बारि तिःबा लिच्छा सानाम्पारि सेमचेन बिमाला लहर चाल्तिबा मुला।,पशु बिमा गरेपछि एक वर्षभित्र पशु मरेमा त्यसको मूल्यको ९० प्रतिशत रकम कम्पनीले किसानका घरमै पुगेर दिन थालेपछि किसानमा पशु बिमाको लहर चलेको छ।,There has been a wave of livestock insurance among farmers after the company started paying 90 percent of the value of the animal to the farmer's home if it dies within a year of taking out livestock insurance.,D1A,24,very long,Non-Past,Affirmative
COM_D2H_S4_3874,एन्टिजेन परीक्षण लाबा साङ्ज्या बुम याक्खार्गि ३८ तोङ्जा थेन ५६४ ताबा  मुला,एन्टिजेन परीक्षण गर्नेको सङ्ख्या एक लाख ३८ हजार ५६४ रहेको छ।,The number of people who have taken the antigen test is one lakh 38 thousand 564.,D2H,11,medium,Non-Past,Affirmative
COM_P2_D2H_S1_5372,रोसे ल्हुइथाङ बीमा स्वायत्त निकाय तासाइनोन दात्तेदोःना स्वायत्त स्रुगरि स्याङ्बारि आखाम्बा पाङ्जि।,उहाँले स्वास्थ्य बीमा स्वायत्त निकाय भएपनि अहिलेसम्म स्वायत्त रूपमा सञ्चालन हुन नसकेको बताउनु भयो।,"He said that although the health insurance is an autonomous body, it has not been able to operate autonomously yet.",D2H,14,medium,Past,Affirmative
COM_D3E_S1_S2_5187,सरकारसे निबा नाम्दुङ ६ गतेहेन्से १७ गते दोःना ताबा लासि एसइई परीक्षा स्याङ्बाला तयारी लाबा मुबा।,सरकारले गत चैत ६ गतेदेखि १७ गते सम्म हुने गरी एसइई परीक्षा सञ्चालनको तयारी गरेको थियो।,The government had prepared to conduct the SEE examination from Chaitra 6 to 17.,D3E,16,long,Past,Affirmative
COM_P2_D2H_S1_4993,पोषणगृहग्याम धौलागिरि थुमला खात्दामान बिजाबुमो थेन अभिभावकसे साप्तो किन्बारि याङ्ला।,पोषणगृहबाट धौलागिरि क्षेत्रका जुनसुकै बालबालिका र अभिभावकले सेवा लिन पाउँछन्।,Any child and parent in the Dhaulagiri region can avail services from the nutrition center.,D2H,10,medium,Non-Past,Affirmative
COM_D4C_S1_S2_1037,चुसे नेपालला मोक्कोन ह्युलकोर थुमदा नोन नोत्पा लाला।,यसले नेपालको सिङ्गो पर्यटन क्षेत्रलाई नै असर गर्छ।,This affects the entire tourism sector of Nepal.,D4C,8,medium,Non-Past,Affirmative
D4S_S2_4020,माण्डला आदोःबा हिन्ना बिसाम नेपालला प्रतिष्ठा थेन इज्जतरि नोन आँच खाबारि खाम्ला।,मण्डला फिर्ता नगर्ने हो भने नेपालको प्रतिष्ठा र इज्जतमा पनि आँच आउन सक्छ।,Failure to return the mandala could also tarnish Nepal's reputation and honor.,D4C,13,medium,Non-Past,Affirmative
COM_D2H_S5_3469,जब मनसुन ङ्हाच्छा वाङ्ला थेराङलासिन च्यालाङ ल्हेःबा हिन्ना।,जब मनसुन अगाडि बढ्छ त्यसरी नै सङ्क्रमण बढ्ने हो।,"As the monsoon progresses, so will the infection.",D2H,9,medium,Non-Past,Affirmative
D4S_S2_6181,च्याङ्ना साङ्ज्यारि तालिम किन्बादा टुनालासि थान्बारि सरकारसे चासो आपिन्बा थेन तालिम याङ्बासे स्यान्दो दुइसाङ याङ्मा ख्लाबा काक्ता मुबा थेला पाङ्बा मुला।,थोरै सङ्ख्यामा तालिम लिएकालाई टिकाइराख्न सरकारले चासो नदिने र तालिम पाएकाले अर्को अवसर पाउँदा छाडिहाल्ने समस्या रहेको उनको भनाइ छ।,He says that the problem is that the government is not interested in retaining the small number of trained people and that those who have received training leave when they get another opportunity.,D4C,20,long,Non-Past,Affirmative
COM_D2H_S5_2705,नेपालरि चु दिङला नाबाकादेला लागिरि चुराङ्बा शल्यक्रिया स्वीकारतिबा दिमथेमेकादे च्याङ्ना मुला।,नेपालमा यस उमेरका बिरामीहरूको लागि यस्ता शल्यक्रिया स्वीकार्ने परिवारहरू कम छन्।,"In Nepal, there are few families who would accept such surgeries for patients of this age.",D2H,11,medium,Non-Past,Affirmative
D4S_S2_4079,सुङरे नोन ह्युलनाङला नाम्सि क्योङ स्रुगरि ठोङ्बा आताबा नाम्सिखेन्पोकादेला आन्मान मुला।,शुक्रबार पनि देशभरीकै मौसम पूर्ण रूपमा नखुल्ने मौसमविद्हरूको अनुमान छ।,Meteorologists predict that the weather across the country will not be completely clear on Friday either.,D4C,10,medium,Non-Past,Affirmative
COM_D4C_S1_S2_3518,चु गन्दिकादेरि छ्यु ह्युलकोरला लागिरि पूर्वाधारकादे फ्रेल्बा थेन फेल्गेबा लाबारि खाम्साम लाभ किन्बारि खाम्सेदा म्राङ्मुला।,यी नदीहरूमा जल पर्यटनका लागि पूर्वाधारहरू विस्तार र विकास गर्न सके लाभ लिन सकिने देखिन्छ।,It seems that benefits can be reaped by expanding and developing infrastructure for water tourism on these rivers.,D4C,15,medium,Non-Past,Affirmative
D1A_S0_B1_4861,चालु न्हो.दि.ला गिक्छा ला सोमरि सिका अर्ब गिक डि ७१ बुम ४० तोङ्जा ३१ च्योच्योला च्या निर्यात ताबा मुला।,चालु आ.व.को पहिलो तीन महिनामा रु एक अर्ब ७१ करोड ४० लाख ३१ हजार बराबरको चिया निर्यात भएको छ।,Tea worth Rs 1 arab 71 crores 40 lakhs 31 thousand has been exported in the first three months of the current fiscal year.,D1A,19,long,Non-Past,Affirmative
COM_P2_D3E_S1_3179,स्हाङ्बा जेक्खे आहिन अब्बल थेन ज्याबा ह्युलम्हि उत्पादन लाबा चु ग्युइसेरला विशेषता हिन्ना।,सफल मात्र होइन अब्बल र असल नागरिक उत्पादन गर्नु यो शिक्षाको विशेषता हो।,The specialty of this education is to produce not only successful but also capable and good citizens.,D3E,13,medium,Non-Past,Affirmative
COM_P2_D4C_S1_B4_2138,दिमथेमेला ग्रेन ह्रोमिसे म्ह पूजा लाबा छेप मुला।,परिवारका ज्येष्ठ सदस्यले म्ह् पूजा गर्ने चलन छ।,It is customary for the eldest members of the family to perform the Mha Puja.,D4C,8,medium,Non-Past,Affirmative
COM_D3E_S3_2566,दात्तेला गोरब्लि दिमग्रेनरि गोर ३२ डाकोठा मुला थेगुङ गोर २५ कोठारि डा स्याङ्बाला मुला।,अहिलेको चारवटा भवनमा ३२ वटा कक्षाकोठा छन् जसमध्ये २५ वटा कोठामा कक्षा सञ्चालन गरिएको छ।,"There are currently 32 classrooms in the four buildings, of which 25 are currently being used for classes.",D3E,15,medium,Non-Past,Affirmative
D4S_S1_4770,"म्हेनिङ, तिवारछ्यामला प्रिबाला दुइरि सवारी साधनसे ल्हाम्पा गाडीनाङ बोर्सि निसाइ नोन दोःमा थानथान दोःतोबा पाङ्जि।","दसैँ, तिहारलगायतका चाडपर्वका समयमा सवारी साधनले यात्रु गाडीभरी लिएर गए पनि फर्कदा रित्तै फर्कनुपर्ने बताए।","He said that even if vehicles carry passengers during festivals such as Dashain and Tihar, they should return empty-handed.",D4C,15,medium,Past,Affirmative
D1A_S0_B1_897,दिङिरे तेमेला साइ सिका १०० हेन्से १२० मुबा।,आइतबार आलुको भाउ १०० देखि १२० रुपैयाँ थियो।,"On Sunday, the price of potatoes was 100 to 120 rupees.",D1A,8,medium,Past,Affirmative
COM_P2_D3E_S1_4710,फिच्चा गेताङ ठिमतेन ओसेम गेताङरि दोहोरतिबान खासाइ नोन कार्यान्वयन ताबारि बिसाम खाम्बा आरे।,उक्त कार्यक्रम नीति तथा कार्यक्रममा दोहोरिँदै आएपनि कार्यान्वयन हुन भने सकेको छैन।,"Although this program has been repeated in policies and programs, it has not been implemented.",D3E,12,medium,Non-Past,Negative
COM_D4C_S1_S2_5903,फिह्युल्बा ह्युलकोर्पा ओसेम ह्ह्राङह्युल्पा जो खालाइदा विमानस्थल तोःबा साप्तो थेन नेपालला ह्युलकोरकि दोखाङफिरि भरपुर ग्रानाङ पिन्बारि रोबोटसे भूमिका क्लाङ्सेदा मुला।,विदेशी पर्यटक तथा स्वदेशी जो कोहीलाई विमानस्थलको आवश्यक सेवा र नेपालको पर्यटकीय गन्तव्यबारे भरपुर जानकारी दिन रोबोटले भूमिका निर्वाह गर्नेछन्।,The robot will play a role in providing foreign tourists and domestic visitors with comprehensive information about the airport's essential services and Nepal's tourist destinations.,D4C,20,long,Non-Past,Affirmative
COM_D4C_S1_S2_723,दात्ते खासि प्राधिकरणसे ज्योमोलिङदा सेल्फ ग्राउन्ड ह्यान्डलिङ साप्तो पिन्बाला मुला।,अहिले आएर प्राधिकरणले हिमालयलाई सेल्फ ग्राउन्ड ह्यान्डलिङ सेवा उपलब्ध गराएको छ।,The authority has now provided self-ground handling services to Himalaya.,D4C,11,medium,Non-Past,Affirmative
P4_D1A_S1_B2_27,म्हेन्दो सुमाहेन्सेन रेदाङ्से क्युइ युतोमुला।,फूल रोपेदेखि नै दैनिक पानी हाल्नु पर्छ।,Flowers should be watered daily from the time they are planted.,D1A,7,short,Non-Past,Affirmative
P2_D1A_S0_B2_2289,ह्राङह्युलरिन टु ब्योङ्बारि तयार मुबा नेपाली छारिब्योनजुगु ह्राङह्युलरिन कोरियाला जोल्वारि ल्हाःना खेबि लाबारि खाम्बा बिबा पे हिन्ना।,स्वदेशमै पसिना बगाउने तयार भएका नेपाली युवाहरू स्वदेशमा नै कोरियाको तुलनामा बढी आम्दानी गर्न सकिन्छ भन्ने नमूना हो।,Nepali youth who are willing to work hard at home are an example that it is possible to earn more at home than in Korea.,D1A,18,long,Non-Past,Affirmative
COM_D5G_S4_975,"तिलाइ आज्याबा ह्राङ्बा मि म्हान्बा आरेबा, थेसे पाङ्जि।","केही नराम्रो जस्तो त लागेको थिएन, उनले भने।","""It didn't seem like anything bad,"" he said.",D5G,8,medium,Non-Past,Affirmative
COM_P3_D3E_S3_1046,क्याम्पसरि थेनिकादेसे काइबा ताल्चा आझान ठोङ्बा आरे।,क्याम्पसमा उनीहरूले लगाएको ताला अझै खुलेको छैन।,The lock they put on the campus has not been opened yet.,D3E,7,short,Non-Past,Negative
COM_P3_D3E_S3_6836,गण्डकीरि ननग्रेड साङ्ज्या २९.६३ कार्ग्या मुला।,गण्डकीमा ननग्रेड सङ्ख्या २९.६३ प्रतिशत छ।,The number of non-grade students in Gandaki is 29.63 percent.,D3E,6,short,Non-Past,Affirmative
COM_P2_D5G_S4_5476,"तासाइ गोर्कि दुइ मुबा, जब नायक थेन नायिकाला चुम्बन दृश्यलाइ सुत्ताइ थोसि हङ्गामा ताबा लामुबा।","तर एक समय थियो, जब नायक र नायिकाको चुम्बन दृश्यलाइ समेत लिएर हङ्गामा हुने गर्दथ्यो।",But there was a time when even the kissing scene between the hero and heroine was a source of excitement.,D5G,15,medium,Past,Affirmative
COM_P2_D4C_S1_B4_2198,लुम्बिनी केबलकार लिमिटेड औपचारिकस्रुगरि स्याङ्बारि खाबाला न्हि दिङ छ्योना लासि सोम्छा दिङ वाङ्बाला हिन्ना।,लुम्बिनी केबलकार लिमिटेड औपचारिकरूपमा सञ्चालनमा आएको दुई वर्ष पूरा गरी तेस्रो वर्ष प्रवेश गरेको गरेको हो।,Lumbini Cable Car Limited has entered its third year after completing two years of formal operation.,D4C,16,long,Non-Past,Affirmative
COM_D2H_S4_1902,छ्युल्बा ओसेम डन्डिफोर खाबा डिरि जेल ओसेम एक्वा जेलयुक्त सनस्क्रिन फोर्तोमुला।,चिल्लो तथा डन्डिफोर आउने छालामा जेल अथवा एक्वा जेलयुक्त सनस्क्रिन लगाउनुपर्छ।,Gel or aqua gel sunscreen should be applied to oily and acne-prone skin.,D2H,11,medium,Non-Past,Affirmative
D4S_S2_3300,ह्युलरि सङ्घीयतारि निबालिच्छा वि.सं. २०७४ हेन्से मालपोत ठाल  बुजापआलाबा थेसे पाङ्जि।,मुलुकमा सङ्घीयतामा गएपछि वि.सं. २०७४ देखि मालपोत कर नबुझाएको उनले बताए।,"He said that since the country adopted federalism, land revenue tax has not been paid since 2074 BS.",D4C,11,medium,Past,Affirmative
P3_D1A_S0_B2_1883,लिच्छाला ङा दिङ इस्ये जोङला माच्छा ग्लारि स्याउ सुबा सानाम्पाला साङ्ज्या नोनल्हेःबान निबा मुला।,पछिल्लो पाँच वर्ष यता जिल्लाको तल्लो भेगमा स्याउ लगाउने कृषकको सङ्ख्या पनि बढ्दै गएको छ।,The number of apple farmers in the lower reaches of the district has also been increasing over the last five years.,D1A,15,medium,Non-Past,Affirmative
COM_P2_D2H_S1_3035,ल्हानासे रेमकोला  प्रोस्टेट ग्रन्थीला काक्तादा सामान्य स्रुगरि किन्छि क्योन्बा आलाबा स्यापमुला,धेरैले पुरुषले प्रोस्टेट ग्रन्थीको समस्यालाई सामान्य रूपमा लिएर उपचार नगरेको पाइन्छ।,Many men take prostate problems for granted and go untreated.,D2H,11,medium,Non-Past,Affirmative
COM_D2H_S1_S2_53,चुदा थिक्योन लाबाला लागिरि चिकित्सकला परामर्श किन्नास्ह्युगो।,यसलाई सुधार्नका लागि चिकित्सकको परामर्श लिनुस्।,Consult a doctor to correct this.,D2H,6,short,Non-Past,Affirmative
COM_D2H_S4_2694,कादेपय म्हिसे चु लोङ्बाखाभा कराँते हिनना नोन बिबा लाबा मुला।,कतिपय मानिसले यो डरलाग्दो कराँते हो पनि भन्ने गरेका छन्।,Some people have even said that it is a dangerous karate.,D2H,10,medium,Non-Past,Affirmative
COM_P3_D3E_S2_11650,कर्णालीरि डोसि कर्णालीरिन ल्हुइथाङ साप्तो पिन्बा धोको मुला।,कर्णालीमा पढेर कर्णालीमै स्वास्थ्य सेवा दिने धोको छ।,"Having studied in Karnali, he has a dream of providing health services in Karnali itself.",D3E,8,medium,Non-Past,Affirmative
COM_P2_D3E_S3_1959,चु एप्स आशिंकरूपरि इस्टाग्रामतेन थुइसेला पाङ्बा मुला।,यो एप आशिंकरूपमा इस्न्टाग्रामसँग जोडिने बताइएको छ।,It is said that this app will be partially integrated with Instagram.,D3E,7,short,Non-Past,Affirmative
COM_P2_D2H_S2_5626,ल्हानाराङ्बासे जिम सेन्टर वा दिमरिन चिसि एन निम व्यायाम लासि ह्राङ्ला सुगठित ल्हुइ स्होबारि म्हान्मुला।,अधिकांशले जिम सेन्टर वा घरमै बसेर पनि नियमित व्यायाम गरेर आफ्नो सुगठित शरीर बनाउन चाहन्छन्।,"Most people want to build a toned body by exercising regularly, whether at the gym or at home.",D2H,15,medium,Non-Past,Affirmative
COM_D4C_S1_S2_6152,"नेपाली छार दिङला दुइसाङरि बैदामला कोमागाने पार्करि दुगु गिक गतेदोःना स्याङ्बा ताबा फिच्चा ग्रेनकाप्तोनरि चाबा, रिमठिम थेन व्हाइरिमदा विशेष बाङ पिन्बा ग्रेनगाउराइ पहारीसे पाङ्जि ।","नेपाली नषाँ बर्षको अवसरमा बैदामको कोमागाने पार्कमा वैशाख एक गतेसम्मसंचालन हुने उक्त महोत्सवमा खाना, संस्कृति र सङ्गीतलाई विशेष जोड दिएकोमहासचिव पहारीले बताए।","Secretary General Pahari said that special emphasis has been placed on food, culture and music at the festival, which will be held at Komagane Park in Baidam until April 1, on the occasion of the Nepali New Year.",D4C,22,very long,Past,Affirmative
COM_D4C_S1_S2_1129,सरकारसे निबा दिङला जोल्वामा चु दिङ न्हिपासे ह्युलकोर्पा ल्हेसेला कायो लाजिन्बा मुला।,सरकारले गत वर्षको तुलनामा यस वर्ष दोब्बरले पर्यटक बढाउने घोषणा गरिसकेको छ।,The government has already announced that it will double the number of tourists this year compared to last year.,D4C,12,medium,Non-Past,Affirmative
COM_D4C_S1_S2_4977,"किरातेश्वर ढुङ्गे बगैँचा, पाँचधारे पोखरी, सिंहदेवीस्थानला फेल्गेबा लाबान एकीकृत ह्युलकोरला थुम स्हेङ्चिबा  अवरधारणा आन्सार गे ताबागेन मुला।","किरातेश्वर ढुङ्गे बगैँचा, पाँचधारे पोखरी, सिंहदेवीस्थानको विकास गर्दै एकीकृत पर्यटकीय क्षेत्र निर्माणको अवरधारणाअनुसार काम भइरहेको छ।","Work is underway to develop Kirateshwor Stone Garden, Panchdhar Pond, and Singha Devisthan as per the concept of building an integrated tourist area.",D4C,16,long,Non-Past,Affirmative
COM_D5G_S5_1360,बेलायतछ्याम तिलाइ ह्युलरि च्युर्गुनला साङ्ज्या फाप्पा हुन्मुला।,बेलायतसहित केही देशमा भँगेराको सङ्ख्या घटेको देखाउँछ।,"It shows that sparrow numbers have declined in some countries, including the UK.",D5G,7,short,Non-Past,Affirmative
P3_D1A_S0_B2_1489,विश्वला बोब्लिला गिक ग्वाला छोङ थेग्याम ताबा लामुला।,विश्वको एक चौथाई गहुँको व्यापार त्यहीँबाट हुने गरेको छ।,A quarter of the world's wheat trade takes place there.,D1A,9,medium,Non-Past,Affirmative
P2_D1A_S0_B1_4524,सानाम गेलाबाला आडुपसे स्यान्दो सास्हिङ ख्लासि रोरो सुबा ताङ ल्हेःबा ग्रेन्पोसे पाङ्जि।,कृषि कामदारको अभावले अन्य खेती छोडेर फलफूल लगाउने क्रम बढेको प्रमुखले बताए।,"The chief said that due to the shortage of agricultural workers, the trend of abandoning other crops and cultivating fruits has increased.",D1A,12,medium,Past,Affirmative
COM_P2_D5G_S4_1429,खाराङलासि साइबारि खाम्से र चु ल्हुइदा।,कसरी मार्न सक्थे र यो शरीरलाई।,How could they kill this body?,D5G,6,short,Past,Affirmative
COM_D2H_S4_3418,नाम्सा तादा दोना खोप निबाला लागि ह्राङकादेसे छार ढङ्गग्याम डेस्ककादे सिर्जना लादोजि।,गाउँ तहसम्म खोप जानको लागि तपाईँहरूले नयाँ ढङ्गबाट डेस्कहरू सिर्जना गनुपर्‍यो।,"To get vaccinations to the village level, you had to create desks in a new way.",D2H,11,medium,Past,Affirmative
COM_D2H_S1_S2_6302,ह्राङ थेन ह्राङ्ला खुयुदान बेनान परिपारछारला फिरि मोकोनबिमा ल्हाना ग्रानाङ ताबा ताबासे थेला विश्लेषण लासि छिम्बाला ग्यालाम पहिल्याब लालास्हिगो।,तपाई र तपाईँकी श्रीमतीलाई नै सम्पूर्ण परिस्थितिका बारेमा सबैभन्दा बढी जानकारी हुने भएकाले त्यसको विश्लेषण गरेर समाधानको बाटो पहिल्याउनुहोस्।,"You and your wife are the ones who know the most about the entire situation, so analyze it and find a solution.",D2H,19,long,Non-Past,Affirmative
COM_D5G_S5_1675,ह्राङ्ला सिनेमाला मिनरि रङ्गेली नगरपालिका सकरात्मक मुबा नोन चु निर्मातासे पाङ्बा मुला।,आफ्नो सिनेमाको नाममा रँगेली नगरपालिका सकरात्मक रहेको पनि यी निर्माताले बताएका छन्।,The producer has also stated that the Rangeli Municipality has been positive about the name of his movie.,D5G,12,medium,Non-Past,Affirmative
COM_P2_D3E_S2_3282,तोःबा ह्रो थेन सहजीकरण लाबारि सरकार प्रतिबद्ध मुला।,आवश्यक सहयोग र सहजीकरण गर्न सरकार प्रतिबद्ध छ।,The government is committed to providing the necessary support and facilitation.,D3E,8,medium,Non-Past,Affirmative
P3_D5G_S2_B1_91,चु एकदम सामान्य ताम हिन्ना।,यो एकदम सामान्य कुरा हो।,This is quite normal.,D5G,5,short,Non-Past,Affirmative
P3_D1A_S0_B1_2855,चिस्यान उइला लागिरि नगरपालिकासे  बुम बुम च्योच्योला उपकरण ग्लुबा उन्पाङ्बा मुला।,चिस्यान केन्द्रका लागि नगरपालिकाले आठ लाख बराबरको उपकरण खरिद गरेको जनाएको छ।,The municipality has stated that it has purchased equipment worth eight hundred thousand rupees for the humidification center.,D1A,12,medium,Non-Past,Affirmative
COM_P2_D3E_S1_56,स्यान्दो लोप्खाङरि नोन ग्युइसेरला गुणस्तर थिग्युनव्हाना मुला।,अन्य स्कुलमा पनि शैक्षिक गुणस्तर सुधारोन्मुख छ।,Educational quality is also improving in other schools.,D3E,7,short,Non-Past,Affirmative
D4S_S3_2571,समलिंगी ब्रेलसङदा वैधानिकता पिन्बा ठिमखाङला कायो कार्यान्वयनरि खाबाछ्यामरि समलिंगी ङ्युनिरि उत्साह काप्पाला मुला।,समलिंगी विवाहलाई वैधानिकता दिने अदालतको आदेश कार्यान्वयनमा आएसँगै समलिंगी जोडीमा उत्साह थपिएको छ।,The implementation of the court order legalizing same-sex marriage has increased enthusiasm among same-sex couples.,D4C,13,medium,Non-Past,Affirmative
COM_P3_D3E_S1_765,थेला थोबोरि ७ टाँका फोर्तोबा थे लोप्बोनसे पाङ्जि।,उनको टाउकोमा ७ टाँका लगाउनुपरेको ती शिक्षकले बताए।,The teacher said that he had to get 7 stitches on his head.,D3E,8,medium,Past,Affirmative
P4_D1A_S1_B2_1563,चासो सानाम्पा छोक्पासे सा एकीकृत लासि कागती सुबा हिन्ना।,चासो किसान समूह ले जमिन एकीकृत गरेर कागती लगाएको हो।,The farmer group is interested in planting lemons by integrating the land.,D1A,10,medium,Non-Past,Affirmative
COM_D5G_S1_S2_5528,"सोल, लो कोरिया — नेपाल आदिवासी जनजाति महासङ्घ लो कोरियासे चलचित्र 'गाउँ आएको बाटो'ला काठाक्पा ज्योस्हेङखेनदा डेन लाबा मुबा। ","सोल, दक्षिण कोरिया — नेपाल आदिवासी जनजाति महासङ्घ दक्षिण कोरियाले चलचित्र 'गाउँ आएको बाटो'का निर्देशक कलाकारलाई सम्मान गरेको छ।","Seoul, South Korea — The Federation of Nepal Indigenous Nationalities in South Korea has honored the director and artist of the film 'Gaun Aayeko Bato'.",D5G,19,long,Non-Past,Affirmative
COM_P2_D5G_S1_3949,"म्हान्मुला अझन नोन ल्हानान ताम लोप्पारि लेङ्बा नोन मुला, जुन दुइसे लोप्पान निसेला मुला।","लाग्छ– अझै पनि धेरै कुरा सिक्न बाँकी नै छ, जुन समयले सिकाउँदै जानेछ।","It seems that there is still a lot to learn, which time will teach us.",D5G,13,medium,Non-Past,Affirmative
COM_D3E_S1_S2_6081,सीप फेल्गेबारि बाङ पिन्बा थेन दुदुमला ल्हानाल्हेना लाबारि ह्रो तानालाबा दोन्ता छ्याम क्लाङछ्योङ सप्ताह आयोजना लाइ लाबा हिन्ना।,सीप विकासमा जोड दिन तथा ज्ञान र क्षमताको अभिवृद्धि गर्न सहयोग पुर्‍याउने उद्धेश्य सहित खेलकुद सप्ताह आयोजना गर्न लागिएको हो।,The Sports Week is being organized with the aim of emphasizing skill development and helping to enhance knowledge and capabilities.,D3E,20,long,Non-Past,Affirmative
D1A_S0_B2_1549,गोदावरी म्हेन्दोला प्रतियोगात्मक प्रदर्शनी ३ हेन्से ६ सोकरातिरि जावलाखेलरि ताबा मुला।,गोदावरी फूलको प्रतियोगात्मक प्रदर्शनी ३ देखि ६ कात्तिकमा जावलाखेलमा हुने भएको छ।,A competitive exhibition of Godavari flowers is scheduled to be held in Jawalakhel from 3 to 6 Kartik.,D1A,12,medium,Non-Past,Affirmative
P4_D1A_S1_B1_1595-,सानाम्पादा क्रेडिट कार्ड पिन्माहेन्से सिका बुम न्हि दोःनाला सहुलियत छ्याइ याङ्मुला।,किसानलाई क्रेडिटकार्ड दिएपछि रु दुई लाखसम्मको सहुलियत कर्जा पाउँछन्।,Farmers receive a concessional loan of up to Rs. two lakh after being given a credit card.,D1A,9,medium,Non-Past,Affirmative
D4S_S1_3140,स्यानला ल्हुइरि छोन युबारि म्हाइमा थेनिकादेला ह्राङ्लान ल्हुइला छोन बिसाम म्हाजि।,अरूको जिन्दगीमा रङ भर्न खोज्दा उनीहरूको आफ्नै जीवनको रङ भने हरायो।,"While trying to add color to the lives of others, their own lives lost color.",D4C,11,medium,Past,Affirmative
COM_P2_D5G_S4_2647,तासाइ थेनिकादेसे गिसेम गिदा दुरी स्होजि।,तर उनीहरूले एकअर्कालाई दुरी बनाए।,But they distanced themselves from each other.,D5G,5,short,Past,Affirmative
P2_D1A_S0_B1_637,खुद्रा बजाररि  बिसाम किलोछाप ग्यार्जा न्हि दोःना दोजि।,खुद्रा बजारमा बजारमा भने प्रतिकिलो २ सयसम्म पुग्यो।,"In the retail market, the price reached 2 hundred per kilogram.",D1A,8,medium,Past,Affirmative
P4_D1A_S1_B1_511,"नाम्सिसे नोन छ्याह्रो पिन्जि, नोइ नोन आतानि।","मौसमले पनि साथ दियो, रोग पनि लागेन।","The weather was also supportive, and I didn't get sick.",D1A,7,short,Non-Past,Negative
P2_D1A_S0_B2_1295,न्हे डेरी उद्योगछ्याम कादे न्हे स्टक मुला थे तेसि निर्यातरि ह्रो लातोबा थेला पाङ्बा मुला।,दूध डेरी उद्योगसँग कति दूध स्टक छ त्यो निकालेर निर्यातमा सहयोग पुर्‍याउनुपर्ने उनको भनाइ छ।,He says that the dairy industry should take out as much milk stock as it has and support exports.,D1A,15,medium,Non-Past,Affirmative
COM_D5G_S4_693,सुशान्तसे चुदा कमेडीरि बोर्बान सांकेतिक अभिव्यक्ति पिन्जि।,सुशान्तले यसलाई कमेडीमा ढाल्दै सांकेतिक अभिव्यक्ति दिए।,Sushant gave a symbolic expression by turning it into a comedy.,D5G,7,short,Past,Affirmative
COM_D5G_S1_S2_3642,पिन्बा कुबाला लागिरि थेसे नोन ङाला ङ्योइसाङ चिट्ठि ह्रिजि।,दिने तालिमका लागि उसले नै मेरो इन्भिटेसन लेटर मगाई।,He asked for my invitation letter for the training he was giving.,D5G,9,medium,Past,Affirmative
COM_P2_D2H_S5_4316,शिविररि आङा ताइबा काक्ताला क्योन्बा निःशुल्क लासेला ताबा मुला।,शिविरमा आङ खस्ने समस्याको उपचार निःशुल्क गरिने भएको छ।,Treatment for eye problems will be provided free of charge at the camp.,D2H,9,medium,Non-Past,Affirmative
D1A_S0_B2_1544,गोल्यान एग्रोग्याम सानामरि वाङ्बा चु छोक्पासे झापारि ५०० विगाहा क्षेत्रफलरि ल्होलो सास्हिङ लाबा मुला।,गोल्यान एग्रोबाट कृषिमा होमिएको यो समूहले झापामा ५०० विगाहा क्षेत्रफलमा विभिन्न खेती गरेको छ।,"This group, which ventured into agriculture from Golyan Agro, has cultivated various crops on an area of ​​500 bighas in Jhapa.",D1A,14,medium,Non-Past,Affirmative
COM_P2_D5G_S1_6963,सञ्जय दत्तला फिरि था आरेबा तामकादे म्हाइबा फिल्म नोन आहिन चु।,सञ्जय दत्तका बारेमा थाहा नभएका कुराहरू खोज्ने फिल्म पनि होइन यो।,This is not a film that explores unknown facts about Sanjay Dutt.,D5G,11,medium,Past,Affirmative
COM_D2H_S4_355,डेङ्गु कोबा एडिस एजिप्टआइ पाङ्दि पोखरारि सक्रिय मुला।,डेङ्गु सार्ने एडिस एजिप्टआई लामखुट्टे पोखरामा सक्रिय छ।,"The Aedes aegypti mosquito, which transmits dengue, is active in Pokhara.",D2H,8,medium,Non-Past,Affirmative
COM_P2_D5G_S2_5466,दृष्टिकोष क्राछिकरि गोर्गिक ज्योमो च्याबारि नोन ल्होलो–ल्होलो मिसे ल्होलो तानालाला।,दृष्टिकोष शीर्षकमा एउटै हिमाल हेर्न पनि फरक–फरक नजरले फरक पार्दछ।,Even looking at the same mountain from different perspectives makes a difference.,D5G,10,medium,Non-Past,Affirmative
COM_P2_D3E_S1_4797,"थेसे पाङ्जि, लोप्बोन ह्रोकादेसे ङातेन नोन ब्रेस्सो लास्ह्युबा मुबा।","उनले भने, शिक्षक साथीहरूले मसँग पनि गुनासो गर्नुभएको थियो।","He said, ""My teacher friends had also complained to me.""",D3E,9,medium,Past,Affirmative
COM_D4C_S1_S2_1547,स्वस्थ चाबाला फिरि बहस तामा परम्परागतस्रुगरि अस्वस्थ चाबास्हेदा ह्राङ्ला चाबारि समावेश आलाबा बिबा ताम रेबामुला।,स्वस्थ खान्कीको बारेमा बहस हुँदा परम्परागतरूपमा अस्वस्थ खानेकुरालाई आफ्नो खान्कीमा समावेश नगर्ने भन्ने कुरा उठ्छ।,"When discussing healthy eating, the issue of not including unhealthy foods in your diet traditionally comes up.",D4C,15,medium,Non-Past,Affirmative
COM_D4C_S1_S2_5251,"लाङ्बोदा उस्युप, गाजर, बन्दा, सुन्तला, ड्रागन, स्याउ, फेदेछ्यामला ल्होलो चाबास्हे ख्वाबा क्षेत्रीय होटल घेदुङ सौराहाला स्यानचोहो ओसेम ग्रेनकाप्तोन थुइछाप ओम पाण्डसे ग्रानाङ पिन्जि।  ","हात्तीलाई उखु, गाजर, बन्दा, सुन्तला, ड्रागन, स्याउ, फर्सीलगायत विभिन्न खानेकुरा खुवाइएको क्षेत्रीय होटल सङ्घ सौराहाका उपाध्यक्ष तथा महोत्सव संयोजक ओम पाण्डले जानकारी दिए।","Om Panda, vice-president of the Sauraha Regional Hotel Association and festival coordinator, informed that the elephants were fed various foods including sugarcane, carrots, cabbage, oranges, dragon fruit, apples, and pumpkins.",D4C,23,very long,Past,Affirmative
D4S_S3_2854,छाक्राम लाबा समुदायसे ह्राङकादेला खिम्साला ग्यालाम तासि र्‍याली आतेःबारि पाङ्जिम।,अवरोध गर्ने समुदायले आफूहरूको बस्तीको बाटो भएर र्‍याली ननिकाल्न भनेछन्।,The obstructing community has asked not to take out the rally through their settlement.,D4C,10,medium,Non-Past,Affirmative
P2_D1A_S0_B1_892,पौडेलराङ्बान निर्मलग्योइ खरच्याङला स्यान्दो सुन्तला सानाम्पा टीकाराम भण्डारीला नोन  होस्पान ब्रेस्यो मुला।,पौडेलजस्तै निर्मलपोखरी खरच्याङका अर्का सुन्तला कृषक टीकाराम भण्डारीको पनि उस्तै गुनासो छ।,"Like Poudel, another orange farmer from Nirmalpokhari Kharcyang, Tikaram Bhandari, also has the same complaint.",D1A,12,medium,Non-Past,Affirmative
COM_D5G_S3_246,दारेम न्हाङ्गार फोन लाला थेबास्यादा।,अब भोलि फोन गर्छु ठूलीलाई।,I'll call my older brother tomorrow.,D5G,5,short,Past,Affirmative
D4S_S2_4990,ङ्यासेला दुइरि ल्होलोन तार्ङा सेसि स्य्हुबा बमबहादुरसे चु घटना म्राङ्बालिच्छा उद्धारला लागिरि हारगुहार लास्ह्युजि।,साँझको समयमा छुट्टै माछा मारिरहनु भएका बमबहादुरले यो घटना देखेपछि उद्धारको लागि हारगुहार गर्नुभयो।,"Bam Bahadur, who was fishing separately in the evening, cried out for rescue after seeing this incident.",D4C,14,medium,Past,Affirmative
COM_D2H_S1_S2_2561,नाबादा सहज साप्तोला लागिरि केन्द्रग्यामनोन जीपीएसग्याम एम्बुलेन्सदा ट्र्याकिङ लाबा डिछ्या ब्लोनखाङसे बाबा मुबा।,बिरामीलाई सहज सेवाका लागि केन्द्रबाटै जीपीएसमार्फत एम्बुलेन्सलाई ट्र्याकिङ गर्ने प्रणाली मन्त्रालयले ल्याएको थियो।,The ministry had introduced a system for tracking ambulances through GPS from the center for easy service to patients.,D2H,13,medium,Past,Affirmative
COM_P2_D4C_S1_B2_2187,चुराङ्बा पहिरनसे छोबादा सिगिडि थेन मेबादा नोबा म्राङ्बारि ह्रोलाला।,यस्तो पहिरनले मोटालाई दुब्लो र होचालाई अग्लो देखिन सघाउँछ।,This type of clothing helps fat people look slimmer and short people look taller.,D4C,9,medium,Non-Past,Affirmative
COM_P2_D3E_S3_961,चु एप्स क्लाङतेन ब्रेल्बित एप्स हिन्ना।,यो एप खेलसँग सम्बन्धित एप हो।,This app is a game-related app.,D3E,6,short,Non-Past,Affirmative
D1A_S0_B3_1202,तिलाइ रे ङाच्छा जेक्खेन तोङ्जा ब्लि टाङ्गारि चुङ्बा ड्वाला कोलाला साइ लिच्छाला दुइरि गाङ्सालसे फाप्पा मुला।,केही दिनअघि मात्रै चार हजार रूपैयाँमा विक्री हुने बङ्गुरका पाठाको मूल्य पछिल्लो समय आधाले घटेको छ।,"The price of a baby goat, which was selling for 4,000 rupees just a few days ago, has recently dropped by half.",D1A,16,long,Non-Past,Affirmative
COM_D2H_S1_S2_5094,तिलाइ दुइ ङाच्छा काठमाडौँ महानगरसे बजार अनुगमनला ताङरि मिठाइ पसलरि अखाद्य छ्युगु स्याप्पा मुबा।,केहि समय अघि काठमाडौँ महानगरले बजार अनुगमनको क्रममा मिठाइ पसलमा अखाद्य तेल भेटिएको थियो।,"Some time ago, during a market monitoring by the Kathmandu Metropolitan City, inedible oil was found in a sweet shop.",D2H,14,medium,Past,Affirmative
COM_P2_D2H_S3_2989,खेन्छेन्पोला आन्सार मोबाइलरि घन्टाछाङरि बेमतलब रिल्स च्याबा छ्याबसे ह्याङ्ला क्राल्हुन्दिा गे दुदुमरि नोत्पारि खाम्ला।,विशेषज्ञका अनुसार मोबाइलमा घण्टौँ बेमतलब रील्स हेर्ने बानीले हाम्रो दिमागको कार्य क्षमतामा असर पार्न सक्छ।,"According to experts, the habit of watching hours of meaningless reels on mobile phones can affect our brain's working capacity.",D2H,15,medium,Non-Past,Affirmative
COM_P2_D3E_S3_5135,कम्प्युटर भिजन थेन स्वचालित सवारी ह्राङ्बा थुमरि हुवावेला ग्रेन ध्यान म्राङ्मुला।,कम्प्युटर भिजन र स्वचालित सवारी जस्ता क्षेत्रमा हुवावेको प्रमुख ध्यान देखिन्छ।,Huawei's main focus appears to be in areas such as computer vision and autonomous vehicles.,D3E,11,medium,Non-Past,Affirmative
COM_D2H_S1_S2_4196,चुनोन गे यदि म्हुनारि तिकाइ ङुरासि छोर्बालिच्छा दोःसि एन लाबारि खाम्ला।,यही कार्य यदि रातमा केही समय निदाएर ब्युँझिएपछि फेरि पनि गर्न सकिन्छ।,This same task can be done again after waking up after sleeping for some time at night.,D2H,12,medium,Non-Past,Affirmative
COM_P2_D5G_S4_924,आकृतिकादेरि मुतेबानला बिम्ब ओसेम प्रतीकात्मक दोन मुला।,आकृतिहरूमा प्रत्येकका बिम्ब तथा प्रतीकात्मक अर्थ छन्।,Each of the shapes has imagery and symbolic meaning.,D5G,7,short,Non-Past,Affirmative
COM_P2_D2H_S4_8746,बीसीजी खोपदा कोभिड–१९ लिसो उपयोग लामा  बिजाबुमोला लागिरि खोपला च्याङ्ना तासि खाप्टेनोइतेन छेःबा थेनिकादेला दुदुमरि नोत्पा दोबारि खाम्ला।,बीसीजी खोपलाई कोभिड–१९ विरुद्ध उपयोग गर्दा बालबालिकाका लागि खोपको कमी भएर क्षयरोगसँग लड्ने उनीहरूको क्षमतामा असर पुग्न सक्छ।,"Using the BCG vaccine against COVID-19 could lead to a shortage of vaccines for children, affecting their ability to fight tuberculosis.",D2H,18,long,Non-Past,Affirmative
COM_P2_D4C_S1_B3_2365,वसन्त बुल्वा खाबाछ्याम ज्योमोलुङ्मा क्रेःबाला लागिरि तोःबा तयारी चुःबाला मुला।,वसन्त ऋतुको आगमनसँगै सगरमाथा आरोहणका लागि आवश्यक तयारी सुरु गरिएको छ।,"With the arrival of spring, the necessary preparations for climbing Mount Everest have begun.",D4C,11,medium,Non-Past,Affirmative
D4S_S2_8089,निसरे गिक ङाच्छा मकालु ज्योमोगाङ क्रेःसि दोःबा ताङरि सोलुखुम्बुला महाकुलुङ गाउँपालिका–४ ला ५४ दिङला ल्हाक्पा तेन्जे शेर्पा डोङ्बा मुबा।,एक साताअघि मकालु हिमाल आरोहण गरी फर्किने क्रममा सोलुखुम्बुको महाकुलुङ गाउँपालिका–४ का ५४ वर्षीय ल्हाक्पा तेन्जे शेर्पाको मृत्यु भएको थियो।,"A week ago, 54-year-old Lhakpa Tenje Sherpa of Mahakulung Rural Municipality-4 in Solukhumbu died while returning from climbing Mount Makalu.",D4C,20,long,Past,Affirmative
COM_P2_D5G_S3_8505,"ह्राङ दोःसि नोन एकदमनोन बेकार पाङ्सिचिबा ताबारिखाम्बा बिबान थेसेपाङ्जि, ङादा म्हान्मुला सिनेमा थेन मुभी गुङरि अन्तर मुला।","आफू फेरि पनि एकदमै बेकार बोलिरहेको हुनसक्ने भन्दै उनले भने, मलाई लाग्छ सिनेमा र मुभी बिचमा अन्तर छ।","He said, ""I think there is a difference between cinema and movie,"" saying that he might be talking nonsense again.",D5G,18,long,Non-Past,Affirmative
COM_P2_D2H_S1_9636,कोरोनाला गाकाङाल नाछाल ग्रेन ह्युलम्हि ओसेम ह्रेङ्बानोइकादेग्याम नोइबा छारिब्योनकादेरि कोबा चु थेन अक्सिजनला सघन आडुप म्राङ्बा मुबा।,कोरोनाको जटिल अवस्था जेष्ठ नागरिक तथा दिर्घरोगीहरूबाट निरोगी युवाहरूमा सर्‍यो र अक्सिजनको सघन अभाव देखिएको थियो।,"The complex situation of Corona shifted from senior citizens and chronically ill people to healthy young people, and there was a severe shortage of oxygen.",D2H,16,long,Past,Affirmative
D4S_S1_1372,मापदण्ड गिकनोन स्होतोला बिबा थेनिकादेला ह्रिबा मुला।,मापदण्ड बनाउनुपर्छ एउटै भन्ने उहाँहरूको माग छ।,They demand that the standards be the same.,D4C,7,short,Non-Past,Affirmative
D1A_S0_B2_1431,लिच्लाला दुइ पाल्पारि म्रिङ्माजुगु ह्राङलान मिनरि छोङ्नाम दर्ता लासि आयआर्जनव्हाना ङाच्छा निबा मुला।,पछिल्लो समय पाल्पामा महिलाहरू आफ्नै नाममा व्यवसाय दर्ता गरेर आयआर्जनतिर अगाडि बढेका छन्।,"Recently, women in Palpa have moved forward towards earning income by registering businesses in their own names.",D1A,13,medium,Non-Past,Affirmative
COM_P2_D2H_S1_7923,घेदुङला उइकि चोहो स्हेर पौडेलसे बालकोटग्याम चुःबा काःह्योन गेताङ पोगोलला जोङ सोमला १५ ग्लारि स्याङ्बा तासेला पाङ्जि।,सङ्घका केन्द्रीय अध्यक्ष किरण पौडेलले बालकोटबाट सुरु भएको रक्तदान कार्यक्रम उपत्यकाका तीन जिल्लाका १५ ठाउँमा सञ्चालन हुने बताए।,"Central President of the Association, Kiran Poudel, said that the blood donation program, which started from Balkot, will be conducted in 15 places in three districts of the Valley.",D2H,18,long,Past,Affirmative
COM_P2_D2H_S5_7749,आझा प्रहरी अस्पताल थेन लोप्खाङ गिकनोन परिसररि थान्बा ङ्यान्दि बिजाबुमोरि च्यालाङ्पा नोइ कोबा जोखिम एन मुला।,अझ प्रहरी अस्पताल र स्कुल एउटै परिसरमा राखिएका कारण बालबालिकामा सङ्क्रामक रोग सर्ने जोखिम पनि छ।,"Furthermore, since the police hospital and school are located in the same premises, there is also a risk of children contracting infectious diseases.",D2H,16,long,Non-Past,Affirmative
COM_D2H_S3_4676,"७ कार्ग्या क्रिटिकल नाछालरि मुबा थेला मल्टिपल अर्गान फेलियर, स्वाश्प्रश्वास फेलियर ओसेम सेप्टिक सक ताबा मुबा।","७ प्रतिशत क्रिटिकल अवस्थामा थिए जसको मल्टिपल अर्गान फेलियर, स्वाश्प्रश्वास फेलियर तथा सेप्टिक सक भएको थियो।","Seven percent were in critical condition, with multiple organ failure, respiratory failure, and septic shock.",D2H,16,long,Past,Affirmative
COM_P3_D3E_S1_1050,एकिकृत अखिल नेपाल लोप्बोन सङ्गठन बाजुराला चोहो बेदप्रकाश जोशीला पाङ्बा मुला।,एकिकृत अखिल नेपाल शिक्षक सङ्गठन बाजुरा अध्यक्ष बेदप्रकाश जोशीको भनाई छ।,"This is according to Bed Prakash Joshi, President of the Unified All Nepal Teachers' Organization, Bajura.",D3E,11,medium,Non-Past,Affirmative
COM_P2_D5G_S4_2109,चु प्रिबाला दुइसाङरि चण्डी स्याबा स्याबमुला।,यस पर्वका अबसरमा चण्डी नाच नाचिन्छ।,Chandi dance is performed on the occasion of this festival.,D5G,6,short,Non-Past,Affirmative
COM_P2_D2H_S3_2741,"स्यानह्युल एजेन्सी फर रिसर्च अन क्यान्सरला रिपोर्ट आन्सार, जाम्बुलिङरि हरेक पाँचमध्ये याक्खार्गि रेमकोलादा क्यान्सर मुला","इन्टरनेसनल एजेन्सी फर रिसर्च अन क्यान्सरको रिपोर्टअनुसार, संसारमा हरेक पाँचमध्ये एक पुरुषलाई क्यान्सर छ।","According to a report by the International Agency for Research on Cancer, one in five men in the world has cancer.",D2H,14,medium,Non-Past,Affirmative
D1A_S0_B1_1894,कम्पनीसे दान्देदोःना ब्लिरेम लासि सार ठाबा मुला।,कम्पनीले अहिलेसम्म चार पटक गरी मल वितरण गरेको छ।,The company has distributed fertilizer four times so far.,D1A,9,medium,Non-Past,Affirmative
P3_D1A_S0_B1_1267,"डोल्पा, दार्चुला, रुकुम थेन बझाङ जोङ यार्सागुम्बा उत्पादन थेन गुणस्तरला हिसाबसे मोकोन बिमा महत्वपूर्ण मान्दिबा मुला।","डोल्पा, दार्चुला, रुकुम र बझाङ जिल्ला यार्सागुम्बा उत्पादन र गुणस्तरका हिसाबले सबैभन्दा महत्वपूर्ण मानिन्छन्।","Dolpa, Darchula, Rukum, and Bajhang districts are considered the most important in terms of caterpillar fungus production and quality.",D1A,14,medium,Non-Past,Affirmative
COM_D4C_S1_S2_941,चितवनला ह्युलकोरकि दोखाङकादेदा ह्युल्साङ थेन स्यानह्युलस्रुगरि ङोसेनालाबा लासि ङानि गे लाबानमुला।,चितवनका पर्यटकीय गन्तव्यहरूलाई राष्ट्रिय र अन्तर्राष्ट्रियरूपमा चिनाउने गरी हामी काम गर्दैछौँ।,We are working to promote Chitwan's tourist destinations nationally and internationally.,D4C,11,medium,Non-Past,Affirmative
COM_P2_D2H_S1_7434,हेपाटाइटिस बी थेन सीहेपाटाइटिस बीसे दिङ दाङ्से छ्योआछ्यो बुम नि म्हिला ल्हुइ किन्मुला।,हेपाटाइटिस बी र सीहेपाटाइटिस बीले हरेक वर्ष लगभग सात लाख मानिसको ज्यान लिन्छ।,Hepatitis B and C Hepatitis B kills approximately seven lakh people every year.,D2H,13,medium,Non-Past,Affirmative
COM_P2_D3E_S3_884,थेला लागिरि ड्रोनतेन खाबा काठाङ छ्योइछ्युन डोतोमुला।,त्यसका लागि ड्रोनसँग आएको निर्देशन पुस्तिका पढ्नुपर्छ।,"For that, you should read the instruction manual that came with the drone.",D3E,7,short,Non-Past,Affirmative
D1A_S0_B1_1375,क्विन्टल सोम ब्लि दाल ताबा बुरि दान्दे काङालसे १०/२० किलो सोनालाबारि खाम्ला।,तीन चार क्विन्टल दाल हुने खेतमा अहिले मुस्किलले १०/२० किलो जोगाउन सकिन्छ।,"In a field that produces three to four quintals of pulses, it is now difficult to save 10/20 kilos.",D1A,12,medium,Non-Past,Affirmative
D1A_S0_B1_1060,"डान्बा राङ्बान ताजि, म्हेन्दो सास्हिङग्याम फिह्युल बिमा ज्याबा खेबि ताबा मुला। ","सोचे जस्तै भयो, फूल खेतीबाट विदेशभन्दा राम्रो आम्दानी भएको छ।","As expected, flower farming has yielded better income than abroad.",D1A,10,medium,Non-Past,Affirmative
COM_P2_D4C_S1_B1_2271,पोखरारि ह्युलकोर्पादा दोनडुप्पा लासि छोङनाम्पासे सिका खर्ब १ बिमा ल्हाना लगानी लाजिन्बा मुला।,पोखरामा पर्यटकलाई लक्षित गरी व्यवसायीले रु.१ खर्बभन्दा बढी लगानी गरिसकेका छन्।,Businessmen have already invested more than Rs. 1 kharba in Pokhara targeting tourists.,D4C,11,medium,Non-Past,Affirmative
COM_D4C_S1_S2_5142,पशुपतिरि म्हारला जलहरी थान्बा नुर ठिम थेन परम्परा ग्याप्ताङ मुबा बिबान सर्वोच्च अदालतरि कोषला ङाच्छाला न्होरचोहो थेन रिमठिमखेन्पो नरोत्तम वैद्य ओसेम अधिवक्ता निकिता ढुङ्गानासे रिट दायर लाबाला हिन्ना।,पशुपतिमा सुनको जलहरी राख्ने विषय कानुन र परम्पराविपरीत रहेको भन्दै सर्वोच्च अदालतमा कोषका पूर्वकोषाध्यक्ष तथा संस्कृतिविद् नरोत्तम वैद्य र अधिवक्ता निकिता ढुङ्गानाले रिट दायर गरेका हुन्।,"Former treasurer of the trust and cultural expert Narottam Vaidya and advocate Nikita Dhungana have filed a writ petition in the Supreme Court, stating that the issue of placing a golden water buffalo in Pashupati is against the law and tradition.",D4C,26,very long,Non-Past,Affirmative
COM_D5G_S1_S2_420,स्यान रेहेन्छे थेला फोन खाबारि ख्लाजि।,अर्को दिनदेखि उसको फोन आउन छोड्यो।,His phone stopped ringing the next day.,D5G,6,short,Past,Affirmative
D4S_S2_3531,ङामरि खाचिबाइ तारबार आताबासे ल्हानानसे चु चामग्याम ल्हुइब्याङ्सि आत्महत्या सुत्ताइ लाबा मुला।,छेउमा कुनै तारबार नभएकाले धेरैजनाले यस पुलबाट हामफालेर आत्महत्या समेत गरिसकेका छन्।,Many people have even committed suicide by jumping from this bridge because there is no fence nearby.,D4C,12,medium,Non-Past,Affirmative
COM_P2_D2H_S2_6231,सामान्य नाबाला सुत्ताइ क्योन्बा उपलब्ध आरेबा रोङ जोङरि ह्रेपाला दियो कोङ्जि।,सामान्य बिरामीको समेत उपचार उपलब्ध नरहेको पहाडी जिल्लामा आशाको दियो बल्यो।,A beacon of hope has been lit in a mountainous district where treatment for even the most common illnesses is unavailable.,D2H,11,medium,Past,Affirmative
COM_P2_D5G_S2_8161,"गिक्छा रेमला जन ङ्योलोकसे बामुबा, तुफानरि मुबा जनसागर न्हा काबा हिन्साम।","प्रथम पटकको जन आन्दोलन ले ल्याउँथ्यो,तुफानमा थियो जनसागर न रुकाएको भए।","The first mass movement would have brought, if the ocean of people had not stopped, a storm would have been brewing.",D5G,11,medium,Past,Affirmative
COM_P2_D2H_S2_4959,चिकित्सककादे सामान्यतया साढे २ किलोला कोला न्हाबा स्वस्थ नोन मान्मुला।,चिकित्सकहरू सामान्यतया साढे २ किलोको बच्चा जन्मनु स्वस्थ नै मान्छन्।,Doctors generally consider a baby weighing 2 and a half kilograms to be healthy.,D2H,10,medium,Non-Past,Affirmative
COM_D5G_S5_337,चुदा तामाङसे मासिन्या मतवाली क्राछिकरि प्रस्तुत लाबा मुला।,यसलाई तामाङले मासिन्या मतवाली शीर्षकमा प्रस्तुत गरेका छन्।,This has been presented by Tamang under the title Masinya Matwali.,D5G,8,medium,Non-Past,Affirmative
COM_P2_D4C_S1_B1_1633,वाला छोनदा हिन्दु तेन्तोसे शक्ति थेन सौभाग्याला सूचक तेन्मुला।,रातो रङ्गलाई हिन्दु मान्यताले शक्ति र सौभाग्यको सूचक मान्छ।,Hindu beliefs consider the color red to be a symbol of strength and good fortune.,D4C,9,medium,Non-Past,Affirmative
P3_D1A_S0_B2_1917,लम्पीस्किन वाङ्बा सेमचेनग्याम न्हे उत्पादनरि ५० कार्ग्या दान्ना ह्रास खामुला।,लम्पीस्किन लागेका पशुबाट दूध उत्पादनमा ५० प्रतिशत बढी ह्रास आउने छ।,Milk production from animals with lumpy skin will decrease by more than 50 percent.,D1A,11,medium,Non-Past,Affirmative
COM_P2_D5G_S4_5857,"थेनिकादेदा बिटिएस, ब्ल्याकपिङ्क राङ्बा छोङनामकि व्हाइरिम छोक्पा दोःसि विश्वरि दोतोबा आरे।","उनीहरूलाई बिटिएस, ब्ल्याकपिंक जस्तो व्यावसायिक सङ्गीत समूह बनेर विश्वमा पुग्नु छैन।",They don't have to reach the world by becoming a professional music group like BTS or Blackpink.,D5G,11,medium,Non-Past,Negative
COM_P2_D4C_S1_B3_2644,याम्बुग्याम सडकग्याम तिरेरिन दोबा खाम्बा गौरीटाप ज्योमोगाङ च्याबाला लागिरि उपयुक्त दोखाङ हिन्ना।,काठमाडौँबाट सडकमार्ग हुँदै एकैदिनमा पुग्न सकिने गौरीटाप हिमाल हेर्नका लागि उपयुक्त गन्तव्य हो।,"Gauri Tap is a suitable destination for viewing the Himalayas, which can be reached in a day by road from Kathmandu.",D4C,13,medium,Non-Past,Affirmative
D4S_S3_7559,कात्यायनी आमाला पूजा आराधना लासाम सफलता याङ्बा पाङ्मुला।,कात्यायनी माताको पूजा आराधना गरेमा सफलता मिल्ने बताइन्छ।,It is said that worshipping Goddess Katyayani brings success.,D4C,8,medium,Non-Past,Affirmative
COM_P2_D4C_S1_B1_1667,झापाला बर्ने चिया बगानरि शिरीष सारबमलिच्छा टिकटक स्होबाकादेला गोपगोप ताबा मुला।,झापाको बर्ने चिया बगानमा शिरीष फूलेपछि टिकटक बनाउनेहरूको भीड लागेको छ।,"After the Shirish blossoms in the Barne Tea Garden in Jhapa, there has been a rush of TikTok makers.",D4C,11,medium,Non-Past,Affirmative
P4_D1A_S1_B1_2011,चु ग्लाला धुपी थुमरि परम्परागत स्रुगरि चौँरीन्हाबा ताबान खाबा मुबा।,यस ठाउँको धुपी क्षेत्रमा परम्पारगतरूपमा चौँरीपालन हुँदै आएको थियो।,Sheep farming had traditionally been practiced in the Dhupi area of ​​this place.,D1A,9,medium,Past,Affirmative
COM_D5G_S4_4592,थेनिकादेसे म्हाइबा ङाछा मानखाङ दोसि नोन चुनोन नासाल याङ्मा थेला म्रिङ थेन स्ह्याङ्बाेला होस् ग्लारि आरेबा।,उनीहरूले खोजेको पाँचौँ अस्पताल पुगेर पनि यही जबाफ पाउँदा उसकी पत्नी र सालाको होस् ठाउँमा थिएन।,His wife and brother-in-law were not happy when they received the same answer even after reaching the fifth hospital they had sought.,D5G,16,long,Past,Negative
COM_P2_D5G_S2_2332,थेदा ल्हानानसे चुराङलासि फोनरि डान्मुला।,उसलाई थुप्रैले यसरी फोनमा सम्झिन्छन्।,Many people remember him this way on the phone.,D5G,5,short,Non-Past,Affirmative
COM_D4C_S1_S2_5516,गोर्गिक दिङलिच्छा ङाच्छाला राम गोसाइँकुण्ड खाबा रुसी ह्युलकोरपाला छोक्पा धुञ्चेरि याङ्बालिच्छा फोटो खिच्तिबा लर्को ताबा मुबा।,एक वर्षपछि पहिलो पटक गोसाइँकुण्ड आएका रुसी पर्यटकको समूह धुञ्चेमा भेटिएपछि फोटो खिच्नेको लर्को लागेको थियो।,"A group of Russian tourists, who had come to Gosainkunda for the first time in a year, were spotted in Dhunche, and there was a rush to take photos.",D4C,16,long,Past,Affirmative
COM_D3E_S1_S2_2133,वा ल्याण्ड लाइनग्याम १६०१ डायल लासि पिन्बा काठाक्बा आन्सार रिजल्ट गोबारि खाम्ला।,अथवा ल्याण्ड लाइनबाट १६०१ डायल गरी दिइएको निर्देशनअनुसार रिजल्ट बुझ्न सकिन्छ।,"Or, you can check the results by dialing 1601 from a landline and following the instructions provided.",D3E,11,medium,Non-Past,Affirmative
COM_D3E_S3_2992,बेबिजन प्रि-स्कुलला ठ्वाङ्बा २०६६ दिङरि चाइल्ड केयरला स्रुगरि ताबा मुबा।,बेबिजोन प्रि-स्कुलको स्थापना २०६६ सालमा चाइल्ड केयरका रूपमा भएको थियो।,Babyzone Pre-School was established in 2066 BS as a childcare facility.,D3E,10,medium,Past,Affirmative
COM_D2H_S5_1133,तिहाररि पूजाआजा थेन चाबाथुङ्बादा विशेष महत्त्व पिन्मुला,तिहारमा पूजाआजा र खानपानलाई विशेष महत्त्व दिइन्छ।,Special importance is given to worship and food during Tihar.,D2H,7,short,Non-Past,Affirmative
COM_D5G_S3_1983,चु व्हाइखा पोपग्याम शसक्त म्रिङ्मा चोम्खेन फेबा मुला।,यस कविता सङ्ग्रहबाट शसक्त नारी स्रष्टाको उदय भएको छ।,This poetry collection has revealed the emergence of a powerful female writer.,D5G,9,medium,Non-Past,Affirmative
COM_D2H_S3_3351,ग्यानाक ह्युल वाङ्बारि चिनियाँ खोप रोप्पा प्रमाण अनिवार्य तादोबा ताबालिच्छा ग्यागार ह्युलला व्यापारी नेपाल खाबा हिन्ना।,चीन प्रवेश गर्न चिनियाँ खोप लगाएको प्रमाण अनिवार्य हुनुपर्ने भएपछि भारतीय व्यापारी नेपाल आएका हुन्।,Indian businessmen came to Nepal after proof of Chinese vaccination was made mandatory to enter China.,D2H,15,medium,Non-Past,Affirmative
COM_D5G_S1_S2_2459,दान्दे क्योङ पोबा मि आरे तासाइ पोबा ताङ जारी मुला।,अहिले पूरै फेरिएको त छैन तर फेरिने क्रम जारी छ।,"It hasn't completely changed yet, but the process of change is ongoing.",D5G,10,medium,Non-Past,Affirmative
COM_D4C_S1_S2_2054,दात्ते नाम्खाला दुइरि नोन ल्हाना न्हाङ्बा ह्युलकोरपा ल्वाङ दोबागेन मुला।,अहिले वर्षात्का बेला पनि आन्तरिक पर्यटक ल्वाङ पुगिरेका छन्।,Domestic tourists are now reaching Cwang even during the rainy season.,D4C,9,medium,Non-Past,Affirmative
P2_D1A_S0_B1_2117,राला अनुसन्सुनला लागिरि उइसे ल्होलो ग्लारि स्रोतउइ ठोङ्बा मुला।,बाख्राको अनुसन्धानका लागि केन्द्रले विभिन्न ठाउँमा स्रोतकेन्द्र स्थापना गरेको छ।,The center has established resource centers in various locations for goat research.,D1A,10,medium,Non-Past,Affirmative
COM_P2_D2H_S1_6617,सिबिसी थेन इएसआर लासि तरिका ङिसे काला जाँच लामुला।,सिबिसी र इएसआर गरी दुई तरिकाले रगतको जाँच गरिन्छ।,Blood tests are done in two ways: CBC and ESR.,D2H,9,medium,Non-Past,Affirmative
COM_P2_D5G_S2_3039,म्हेनिङरि हुम्लारि खान्दामान स्याउ मिन्बा मुबा।,असोजमा हुम्लामा जताततै स्याउ पाकेको थियो।,"In Asoj, apples were ripe everywhere in Humla.",D5G,6,short,Past,Affirmative
P3_D5G_S2_B1_1124,ङाला लैङ्गिक स्वभाव दिमथेमेसे गोजिन्बा आरेबा।,मेरो लैङ्गिक स्वभाव परिवारले बुझिसकेको थिएन।,My family didn't understand my gender identity.,D5G,6,short,Past,Negative
COM_P2_D4C_S1_B3_611,फिह्युलरिन चिबा गिक वा न्हि कार्ग्या नेपाली जे खामुला।,विदेशमै बस्ने एक वा दुई प्रतिशत नेपाली मात्र आउँछन्।,Only one or two percent of Nepalis living abroad come.,D4C,9,medium,Non-Past,Affirmative
COM_D3E_S1_S2_3184,"गोरनोन मेसिनग्याम पाठ्यछ्योइ छिपा गे ताचिबा मुला, ग्रा अधिकारी आचार्यसे पाङ्जि। ","वटै मेसिनबाट पाठ्यपुस्तक छाप्ने काम भइरहेको छ, सूचना अधिकारी आचार्यले भने।","Textbooks are being printed using all the machines, said Information Officer Acharya.",D3E,11,medium,Non-Past,Affirmative
COM_P2_D5G_S2_1927,प्राय तामाङकादे नोन याङ्मुबा।,प्राय तामाङहरू नै भेटिन्थे।,Mostly Tamangs were found.,D5G,4,short,Past,Affirmative
P3_D5G_S2_B2_233,नैतिकतारि चुक्दिबान निबा मुला।,नैतिकतामा चुक्दै गएका छन्।,They have been eroding morality.,D5G,4,short,Non-Past,Affirmative
COM_D5G_S1_S2_5193,"थेला च्याबा–सोबा, चाबाथुङ्बा थेन साप्तोरि दिमथेमेसे विशेष ध्यान पिन्मुला थेसेलामा थेला सेमरि थे साप्तेनला लागिरि ब्रेल्साङ लाबा खाचिबाइ सोच आखागाइ।","उनको स्याहार–सुसार, खानपान र सेवामा परिवारले विशेष ध्यान दिन्छ ताकि उनको मनमा ती सुविधाका लागि बिहे गर्ने कुनै सोच नआओस्।","The family pays special attention to her care, food, and services so that she does not have any thoughts of marrying for those conveniences.",D5G,20,long,Unknown,Affirmative
COM_P2_D2H_S3_9331,उक्त अस्पतालला काठाक्पा डा. सुमित्रा गौतमसे तिनिहेन्दे पाठेघर ताइबाकादेला निःशुल्क क्योन्बा एवं शल्यक्रिया चुःबा पाङ्जि।,उक्त अस्पतालकी निर्देशक डा. सुमित्रा गौतमले आजदेखि पाठेघर खसेकाहरूको निःशुल्क उपचार एवं शल्यक्रिया सुरु भएको बताइन्।,"The hospital's director, Dr. Sumitra Gautam, said that free treatment and surgery for those with uterine prolapse has begun from today.",D2H,16,long,Past,Affirmative
COM_D5G_S1_S2_1897,धन्न सामाजिक सञ्जालसे ह्राङग्याम थारेङ दोबा ङेङ्गोरदा थुइबा गे लाबा मुला।,धन्न सामाजिक सञ्जालले आफूबाट टाढा पुगेका आफन्तलाई जोड्ने काम गरेको छ।,"Fortunately, social media has helped connect distant relatives.",D5G,11,medium,Non-Past,Affirmative
COM_P3_D3E_S1_11253,थे चु लोप्खाङरि खाबा बिमा ङाच्छा दुर्गादेवी आधारभूत लोप्खाङ खोलागाउँरि डोबा लामुबा।,उनी यो विद्यालयमा आउनुभन्दा पहिला दुर्गादेवी आधारभूत विद्यालय खोलागाउँमा पढ्ने गरेकी थिइन्।,"Before coming to this school, she studied at Durgadevi Basic School in Kholagaun.",D3E,12,medium,Past,Affirmative
COM_P2_D5G_S1_520,थे राप ल्हानानसे सेम तास्ह्युजि।,त्यो कथा धेरैले मन पराउनुभयो।,Many people liked that story.,D5G,5,short,Past,Affirmative
COM_D2H_S4_856,थेनिकादेला परिवेश थेन ल्हुइथाङ घेन्दुनला पहुँच ल्होलो मुला।,उनीहरूको परिवेश र स्वास्थ्य संस्थाको पहुँच फरक छ।,Their environment and access to healthcare facilities are different.,D2H,8,medium,Non-Past,Affirmative
COM_D2H_S1_S2_6094,ल्हुइथाङब्लोन खेमबहादुर सारुले लुम्बिनी प्रदेशला क्योङ ल्हुइथाङ थुम थिक्योन लाबारि प्रादेशिक अस्पताल चु प्रदेशलान लाइफलाइन ताबा पाङ्जि।,स्वास्थ्यमन्त्री खेमबहादुर सारुले लुम्बिनी प्रदेशको समग्र स्वास्थ्य क्षेत्र सुधार्न प्रादेशिक अस्पताल यो प्रदेशकै लाइफलाइन भएको बताए।,Health Minister Khem Bahadur Saru said that the provincial hospital is the lifeline of the province to improve the overall health sector of Lumbini Province.,D2H,16,long,Past,Affirmative
D1A_S0_B2_4131,जोङला रैनादेवी छहरारि बिसाम गाउँपालिकासे तेमे पकेट थुमला स्रुगरि फेल्गेबा लाबारि बेनाम्सि तेमे सास्हिङ तिःबा थेसे ग्रानाङ पिन्जि।,जिल्लाको रैनादेवी छहरामा भने गाउँपालिकाले आलु पकेट क्षेत्रका रूपमा विकास गर्न बेमौसमी आलु खेती थालिएको उनले जानकारी दिए।,He informed that the rural municipality has started off-season potato cultivation in Rainadevi Chhahara in the district to develop it as a potato pocket area.,D1A,18,long,Past,Affirmative
COM_D3E_S1_S2_3551,छ्यामरि बाबारि म्लेस्ह्युबासे मेलारिन किताब ग्लुसि मुख्य गेताङरि बोकिन्बारि खाम्सेला मुला।,साथमा ल्याउन बिर्सनुहुनेले मेलामै किताब किनेर मुख्य कार्यक्रममा सहभागी हुन सकिनेछ।,Those who forget to bring their books with them can purchase them at the fair and participate in the main event.,D3E,11,medium,Non-Past,Affirmative
COM_P2_D2H_S1_9288,उक्त भिडियोला सम्बन्धरि नेपाल नर्सिङ घेदुङसे आपत्ति जनबलाबान् घेदुङ आबद्ध ल्होलो अस्पतालरि कार्यरत नर्सकादे आन्दोलित ताबा हिन्ना।,उक्त भिडियोको सम्बन्धमा नेपाल नर्सिङ सङ्घले आपत्ति जनाउँदै सङ्घ आबद्ध विभिन्न अस्पतालमा कार्यरत नर्सहरू आन्दोलित भएका हुन्।,"The Nepal Nursing Association has objected to the video, and nurses working at various hospitals affiliated with the association have staged a protest.",D2H,17,long,Non-Past,Affirmative
COM_D2H_S1_S2_158,ह्याङगुङ ल्हानासे दिमग्याम थोन्बा दुइ जेक्खेन सनस्क्रि फोर्मुला।,हामीमध्ये धेरैले घरबाट निस्कने वेला मात्रै सनस्क्रिन लगाउँछौँ।,Many of us only apply sunscreen when we leave the house.,D2H,8,medium,Non-Past,Affirmative
P2_D1A_S0_B1_1946,चोहोसे सानाम्पादा छोङनामकि सानाम नामव्हाना आकर्षण लाबाला लागिरि जेःला गेताङ स्याङ्बा लाबा पाङ्जि।,अध्यक्षले किसानलाई व्यावसायिक कृषि पेशातर्फ आकर्षित गर्नका लागि अनुदानका कार्यक्रम सञ्चालन गरिएको बताए।,The chairman said that grant programs have been launched to attract farmers towards commercial agriculture.,D1A,13,medium,Past,Affirmative
COM_D3E_S1_S2_5919,थेसे आर्थिकमन्दीला दुइरि बिजाबुमोला उज्ज्वल लिउला लागि छार शैक्षिक सत्ररि कपी छ्योइ थेन ड्रेस ग्लुबारि छात्रवृत्तिला रकमसे सहुलियत तासेला विश्वास व्यक्त लाजि।,उनले आर्थिकमन्दीका समयमा बालबालिकाको उज्जवल भविष्यका लागि नयाँ शैक्षिक सत्रमा कपी किताब र ड्रेस किन्न छात्रवृत्तिको रकमले सहुलियत हुने विश्वास व्यक्त गरे।,He expressed his belief that the scholarship money would provide a subsidy to purchase textbooks and uniforms for the new academic session for a brighter future for children during the economic downturn.,D3E,22,very long,Past,Affirmative
COM_P2_D4C_S1_B4_2475,तिवार नेपालीकादेला दिम-दिमरि खाजिन्बा मुला।,तिहार नेपालीहरूको घर-घरमा आइसकेको छ।,Tihar has arrived in every Nepali home.,D4C,5,short,Non-Past,Affirmative
COM_P2_D2H_S1_9463,निजि मेडिकल कलेजसे नोन ब्रेछा तादासरह भत्ता पिन्बा प्रतिबद्धता उन्पाङ्बा थेन आवासीय चिकित्सक गेरि दोःबा ब्लोन पौडेलसे पाङ्जि।,निजी मेडिकल कलेजले पनि आठौँ तहसरह भत्ता दिने प्रतिबद्धता जनाएको र आवासीय चिकित्सक काममा फर्किसकेको मन्त्री पौडेल बताए।,"Minister Poudel said that private medical colleges have also committed to providing allowances equivalent to the eighth grade, and that resident doctors have returned to work.",D2H,18,long,Past,Affirmative
P3_D1A_S0_B1_4282,"सानाम फेल्गेबा काठाङखाङला आन्सार सुदूरनुप प्रदेशला ब्लि जोङ बझाङ,कैलाली,कञ्चनपुर थेन बाजुरारि शतकार्ग्या रोपाइँ स्योल्बा ताबा मुला।","कृषि विकास निर्देशनालयका अनुसार सुदूरपश्चिम प्रदेशका ४ जिल्ला बझाङ,कैलाली,कञ्चनपुर र बाजुरामा शतप्रतिशत रोपाइँ सम्पन्न भएको छ।","According to the Directorate of Agricultural Development, a hundred percent planting has been completed in four districts of Sudurpaschim Province: Bajhang, Kailali, Kanchanpur, and Bajura.",D1A,16,long,Non-Past,Affirmative
COM_P2_D3E_S3_4568,"क्युइला थेजेदोःना फ्योङ्बा अन्तरिक्षरि चाबा, चिबा, क्लिच्याम स्योर्बा,सामान्य ब्राबा नोन सहज आतामुला।","पानीको थोपासम्म तैरिने अन्तरिक्षमा खाना, बस्न, शौच गर्न, सामान्य हिँडडुल पनि सहज हुँदैन।","Eating, sitting, defecating, and even normal movement are not easy in a space where even a drop of water floats.",D3E,13,medium,Non-Past,Negative
COM_P2_D5G_S1_4881,चुनोन ग्रेनरापरि जोखा ओमानी समाजला ग्यालठिम दोङराप नोन प्रस्तुत लामुबा।,यही उपन्यासमा जोखा ओमानी समाजको राजनीतिक इतिहास पनि प्रस्तुत गर्छिन्।,"In this novel, Jokha also presents the political history of Omani society.",D5G,10,medium,Non-Past,Affirmative
D4S_S1_4703,"विभागला अनुगमनला टिम स्ह्यो,  दिनि,  ङ्यासे थोन्मुला।","विभागको अनुगमनको टिम बिहान, दिउँसो, बेलुकी निस्कन्छ।","The department's monitoring team goes out in the morning, afternoon, and evening.",D4C,7,short,Non-Past,Affirmative
P3_D1A_S0_B1_2091,चु दिङला सुनदा रासायनिक सारला आडुप आताबा ब्यहोरा चु सदनरि थान्बारि म्हान्मुला।,यस वर्षको धानलाई रासायनिक मलको अभाव नहुने ब्यहोरा यस सदनमा राख्न चाहन्छु।,I would like to place before this House the fact that there will be no shortage of chemical fertilizers for this year's rice.,D1A,12,medium,Non-Past,Affirmative
COM_P2_D2H_S1_2829,नेपालरि बर्डफ्लु तासि म्हि सिबा चु नोन गिक्छा हिन्ना।,नेपालमा बर्डफ्लु लागेर मानिस मरेको यो नै पहिलो हो।,This is the first death from bird flu in Nepal.,D2H,9,medium,Non-Past,Affirmative
D4S_S2_3198,"लिच्छाला दुइ खडेरीला ङ्यान्दि ङामला पोकोल ,वाति खार्बान निजि।","पछिल्लो समय खडेरीको कारण नजिकका कुवा, पधेरो सुक्दै गए।","Due to the recent drought, nearby wells and ponds have dried up.",D4C,9,medium,Past,Affirmative
COM_P2_D3E_S3_4779,नेपाल एस्ट्रोनोमिकल सोसाइटीसे याम्बुरि खगोलशास्त्रफिरि न्हि रेला प्रशिक्षण पिन्बा हिन्ना।,नेपाल एस्ट्रोनोमिकल सोसाईटीले काठमाडौँमा खगोलशास्त्रबारे दुई दिने प्रशिक्षण प्रदान गरेको हो।,The Nepal Astronomical Society has provided a two-day training course on astronomy in Kathmandu.,D3E,11,medium,Non-Past,Affirmative
COM_P2_D2H_S2_5708,थेसे तोःबा दुइरि ल्हुइथाङ गेदिमसे प्राविधिक ह्रोछ्या जेक्खे लाबारि खाम्सेला पाङ्जि।,उनले आवश्यक परेका वेला स्वास्थ्य कार्यालयले प्राविधिक सहयोग मात्र गर्ने सक्ने बताए।,He said that the health office can only provide technical assistance when necessary.,D2H,12,medium,Past,Affirmative
COM_P2_D5G_S1_524,दिमरि निशादा चाङला स्रुगरि जाङ्बारि अनुमति नोन आरेबा।,घरमा निशालाई बुहारीको रूपमा भित्र्याउन अनुमति नै थिएन।,Nisha was not allowed to be brought into the house as a daughter-in-law.,D5G,8,medium,Past,Negative
COM_D3E_S1_S2_2119,नुरगत थेन लोप्खेन अनुपातला दाःनरि लोप्बोन दरबन्दी पुनरावलोकन लासेला मुला।,विषयगत र विद्यार्थी अनुपातको आधारमा शिक्षक दरबन्दी पुनरावलोकन गरिनेछ।,Teacher positions will be reviewed based on subject and student ratio.,D3E,9,medium,Non-Past,Affirmative
D4S_S1_3306,ह्रेम्बासे ङ्योइबालिच्छा निसरे गिक ङाच्छा स्युमिदा दिमरि ख्लासि दायमन बिराटनगर दोबा मुबा।,श्रीमानले बोलाएपछि एकसाता अघि सासुलाई घरमा छाडी दायमन बिराटनगर पुगेकी थिइन्।,"A week ago, Dayman left her mother-in-law at home after her husband called her and reached Biratnagar.",D4C,11,medium,Past,Affirmative
COM_P2_D5G_S3_1645,खालाइसे तिलाइ आपाङ्ना चाबा थुङ्बा जिन्जि।,कसैले केही नबोली खानपिन सकियो।,The meal was finished without anyone saying anything.,D5G,5,short,Past,Affirmative
COM_D3E_S1_S2_4015,दशक सुपम्हाबा विश्वविद्यालयदा मोक्कोनसे म्राङ्बा थेन ङोसेबा ग्लारि दोना लाजि ।,दशक गुमनाम भएको विश्वविद्यालयलाई सबैले देख्ने र चिन्ने स्थानमा पुर्‍याए।,"They brought the university, which had been anonymous for decades, to a place where everyone could see and recognize it.",D3E,10,medium,Past,Affirmative
D1A_S0_B2_1424,ग्लिङगाङ जोङ सोलुखुम्बुरि चु दिङ सुन्तला उत्पादन ग्यार्जा ब्लि मेट्रिकटनबिमा ल्हानासे ल्हेःबा ताबा मुला।,हिमाली जिल्ला सोलुखुम्बुमा यस वर्ष सुन्तला उत्पादन चार सय मेट्रिकटनभन्दा धेरैले वृद्धि भएको छ।,Orange production in the mountainous district of Solukhumbu has increased by more than four hundred metric tons this year.,D1A,14,medium,Non-Past,Affirmative
COM_P2_D2H_S1_5574,"अस्पतालरि कोभिडला नाबा खामा चुःबाला ल्हुइथाङ्पा नोन लोङ्बा तामुबा, थेनिकादे नाबादा थुर्बारि नोन लोङ्मुबा।","अस्पतालमा कोभिडको बिरामी आउँदा सुरुताका स्वास्थ्यकर्मी नै पनि भयभीत हुन्थे, उनीहरू बिरामीलाई छुन पनि डराउँथे।","When a COVID patient came to the hospital, even the healthcare workers were initially scared, afraid to even touch the patient.",D2H,15,medium,Past,Affirmative
P2_D1A_S0_B1_1732,लिच्छाला दुइ किबीरि ल्होलो नोइ म्राङ्बा चुनौती काप्पा सेबागोबासे पाङ्मुला।,पछिल्लो समय किबीमा विभिन्न रोग देखा पर्दा चुनौती थपिएको जानकारहरू बताउँछन्।,Experts say that the recent emergence of various diseases in kiwi has added to the challenge.,D1A,11,medium,Non-Past,Affirmative
COM_D2H_S5_2953,ह्राङ्ला स्हाङ्बा अप्रेसनलिच्छा वडा नं. १ ला ७२ दिङला काजी तामाङला लिःरि ताङ्बा म्राङ्मुबा।,आफ्नो सफल अप्रेसनपछि वडा नं. १ का ७२ वर्षिय काजी तामाङको मुहारमा खुशी देखिन्थ्यो।,"After his successful surgery, 72-year-old Qazi Tamang of Ward No. 1 looked happy.",D2H,14,medium,Past,Affirmative
COM_D5G_S4_1700,खाइमा खाइमा मि पारछाल चुदेदोःना दोबारि निला कि ङ्यान्बारिखाम्बा दुदुम नोन जिन्सि निला।,कहिलेकाहीँ त स्थिति यतिसम्म बन्न जान्छ कि सुन्नसक्ने क्षमता पनि सकिएर जान्छ।,Sometimes the situation becomes so dire that even the ability to hear is lost.,D5G,12,medium,Non-Past,Affirmative
D4S_S2_2855,काठुइ आन्सार महानगरपालिका थेन जग्गाधनीछ्यामला गिक गेदलसुत्ताइ गठन ताबा आरे।,छलफलअनुसार महानगरपालिका र जग्गाधनीसहितको एउटा कार्यदलसमेत गठन भएको छैन।,"As per the discussions, a working group including the Metropolitan City and landowners has not even been formed.",D4C,9,medium,Non-Past,Negative
D4S_S2_7362,"मिरे राङ्बा ग्रेन होन आखासाइ नोन होनसे ब्योङ्सि बाबा युङ्बा, सिङ थेन लेदो काप्पा ह्रुप्पा स्थानीय बासिन्दासे पाङ्बा मुला।","मङ्गलवारजस्तो ठूलो बाढी नआए पनि बाढीले बगाएर ल्याएका ढुङ्गा, काठ र लेदो थप जम्मा भएको स्थानीय बासिन्दाले बताएका छन्।","Local residents have said that although the flood was not as severe as on Tuesday, additional stones, wood, and mud carried away by the flood have accumulated.",D4C,19,long,Non-Past,Affirmative
COM_D5G_S1_S2_4382,थेसे ङादा च्याजि थेन थे ङ्हाच्छा चिबा टेबलकुर्सीक्यार नोन च्याजि।,उसले मलाई हेर्यो र ऊ अघि बसेको टेबलकुर्सीतिर पनि हेर्यो।,He looked at me and also at the table and chair he was sitting at.,D5G,10,medium,Past,Affirmative
COM_D5G_S3_1064,दान्दे इन्टरनेटग्याम सर्च लासि च्याबारि खाम्ला।,अहिले इन्टरनेटबाट सर्च गरेर हेर्न सकिन्छ।,You can now search and view it on the Internet.,D5G,6,short,Non-Past,Affirmative
COM_D2H_S1_S2_3426,"थेनिकादे बेनानला रिपोर्ट नेगेटिभ खाजि तासाइ खानाङग्याम ङादा पोजेटिभ म्राङ्जि, थे तेङानला नुर ताजि।","उनीहरू सबैको रिपोर्ट नेगेटिभ आयो तर कहाँबाट मलाई पोजेटिभ देखियो, त्यो अचम्मको विषय भयो।","All of their reports came back negative, but it was a surprise that I tested positive.",D2H,14,medium,Past,Affirmative
P4_D1A_S1_B2_2747,ङामरि बजार आयाङ्मा ह्राङकादेसे काक्ता भोगाब लातोबा थेनिकादेला पाङ्बा मुला।,नजीकमा बजार नपाउँदा आफूहरूले समस्या भोग्नु परेको उनीहरूको भनाइ छ।,They say they are facing problems due to lack of a market nearby.,D1A,10,medium,Non-Past,Affirmative
COM_D4C_S1_S2_2598,पहलगामरि ताबा आतङ्कवादी हमलालिच्छा ग्यागारह्युलरि बेनान पाकिस्तानी कलाकारकादेफिरि क्योङ प्रतिबन्ध लागाइतिबा मुला।,पहलगाममा भएको आतङ्कवादी हमलापछि भारतमा सबै पाकिस्तानी कलाकारहरूमाथि पूर्ण प्रतिबन्ध लगाइएको छ।,"Following the terrorist attack in Pahalgam, a complete ban has been imposed on all Pakistani artists in India.",D4C,12,medium,Non-Past,Affirmative
COM_P2_D2H_S4_4933,अत्याधिक हस्तमैथुन लाबा म्हिकादेरि ध्यान उइक्यु लाबारि आखाम्बा ओसेम डान्बारि आखाम्बा काक्ता म्राङ्बारि खाम्ला।,अत्याधिक हस्तमैथुन गर्ने मानिसहरूमा ध्यान केन्द्रित गर्न नसक्ने तथा सम्झन नसक्ने समस्या देखिन सक्छ।,People who masturbate excessively may experience problems concentrating and remembering.,D2H,14,medium,Non-Past,Affirmative
COM_D4C_S1_S2_3800,पोखरादा ह्युलकोरकि राजधानीला स्रुगरि कायो लाबारि काप्पा मद्दत दोबा लासि फिच्चा गेताङला साङचुःबा ताबा थेसे पाङ्जि ।,पोखरालाई पर्यटकीय राजधानिको रूपमा घोषणा गर्न थप मद्दत पुग्ने गरी उक्त कार्यक्रमको शुभारम्भ भएको उनले बताए।,He said that the program was launched to further help in declaring Pokhara as the tourism capital.,D4C,16,long,Past,Affirmative
COM_D3E_S1_S2_4239,"अंग्रेजी डोला आदे बिबा आहिन, डोतोला तासाइ स्यान्दोला फिरि जेक्खे डोजि। ","अङ्ग्रेजी पढ्नु हुँदैन भनेको होइन, पढ्नुपर्छ तर अर्काको बारेमा मात्रै पढ्यौँ।","It's not that we shouldn't study English, we should, but we only read about others.",D3E,11,medium,Past,Affirmative
COM_P2_D5G_S3_6712,थे आक्रमणकारीसे खानला दिमरि गे लाबा म्हितेन छेःबाला मुबा।,ती आक्रमणकारीले खानको घरमा काम गर्ने मानिससँग झगडा गरेका थिए।,The attacker had gotten into an argument with a worker at Khan's house.,D5G,10,medium,Past,Affirmative
P3_D1A_S0_B2_2868,सरकारसे तोक्दिबा साइ आन्सार खाद्य डिछ्या ओसेम छोङ कम्पनीसे ल्होलो जोङरि सुन ग्लुबा लाबा मुला।,सरकारले तोकेको मूल्यअ नुसार खाद्य व्यवस्था तथा व्यापार कम्पनीले विभिन्न जिल्लामा धान खरिद गर्ने गरेको छ।,The Food Management and Trading Company has been purchasing rice in various districts at the prices set by the government.,D1A,16,long,Non-Past,Affirmative
COM_P2_D5G_S2_2218,ङाला आघात अनुभवदा ब्रिबा सोच आरेबा।,मेरा आघात अनुभवलाई लेख्ने विचार थिएन।,I had no intention of writing down my traumatic experiences.,D5G,6,short,Past,Negative
COM_P2_D2H_S5_2588,ह्राङदा तोःबा नाछालरि काः पिन्बारि खाम्बा ङामला व्यक्ति एन ङोसेना लातोला।,आफूलाई चाहिएको अवस्थामा रगत दिन सक्ने नजिकका व्यक्ति पनि चिनिरहनुपर्छ।,You should also know someone close to you who can donate blood if you need it.,D2H,10,medium,Non-Past,Affirmative
COM_P2_D5G_S1_3619,"जुन ताम लाबारि ङा खाबा मुबा, थेदा थानाेन आरे ?","जुन कुरा गर्न म आएको थिएँ, उसलाई थाहै छैन?",Doesn't he know what I came to do?,D5G,9,medium,Non-Past,Negative
COM_P2_D3E_S2_6486,प्रतिष्ठानसे विश्वविद्यालयस्तरला मान्यता याङ्बा पाङ्बान थेसे खाबा ग्युइसेरकि सत्ररि एमबिबिएसला लागि सुत्ताइ तयारी ताचिबा पाङ्जि।,प्रतिष्ठानले विश्वविद्यालयस्तरको मान्यता पाएको भन्दै उनले आगामी शैक्षिक सत्रमा एमबिबिएसका लागि समेत तयारी भइरहेको बताए।,"Stating that the institute has received university-level recognition, he said that preparations are also underway for MBBS in the upcoming academic session.",D3E,15,medium,Past,Affirmative
COM_P2_D5G_S2_2402,आमा ए मुला र दिमरि परम्परा चालाबताबा मुला।,आमातिमी छौँ  र घरमा परम्परा चलेको छ।,You are a mother and there is tradition in the house.,D5G,7,short,Non-Past,Affirmative
D1A_S0_B3_111,सेमचेनजुगु ङाला ह्रो हिन्ना।,जनावरहरू मेरा मित्र हुन्।,Animals are my friends.,D1A,4,short,Non-Past,Affirmative
COM_D5G_S1_S2_1046,दुइ राइदो पोबान निजि।,समय कोल्टे फेर्दै गयो।,Time was ticking away.,D5G,4,short,Past,Affirmative
COM_P2_D4C_S1_B1_531,सिब्दाछ्योत्पाला दुइसाङरि टोपास्याबा प्रदर्शन लामुला।,भूमेपूजाका अवसरमा टोपानाच प्रदर्शन गरिन्छ।,Topanach is performed on the occasion of Bhoome Puja.,D4C,5,short,Non-Past,Affirmative
COM_P2_D3E_S3_499,बिजाबुमोदा टिकटकरि नियन्त्रण चिनग्याम चुःबाला मुला।,बालबालिकालाई टीकटकमा नियन्त्रण चिनबाट सुरु गरिएको छ।,Children have been introduced to TikTok with control features.,D3E,7,short,Non-Past,Affirmative
COM_P2_D2H_S2_5675,चुरि कोरोनाला च्यालाङ दर गण्डकी प्रदेशरिन् उच्च म्राङबारि चुःबा ल्हुइथाङ गेदिमला ग्रेन लम्सालसे पाङ्जि।,यहाँ कोरोनाको सङ्क्रमण दर गण्डकी प्रदेशमै उच्च देखिन थालेको स्वास्थ्य कार्यालयका प्रमुख लम्सालले बताए।,"Lamsal, head of the health office, said that the rate of corona infection is starting to appear high in Gandaki Province.",D2H,14,medium,Past,Affirmative
COM_D2H_S1_S2_194,निम योग लासि चु काक्ताग्याम छुटकारा याङ्बारि खाम्ला।,नियमित योग गरेर यी समस्याबाट छुटकारा पाउन सकिन्छ।,These problems can be avoided by doing regular yoga.,D2H,8,medium,Non-Past,Affirmative
COM_P2_D5G_S2_2919,होत्छेम चु गे थुम्जि।,अनि यो काम सम्पन्न भयो।,And this work was completed.,D5G,5,short,Past,Affirmative
D1A_S0_B1_1486,"खेप्पा सानाम्पा बुम्ह्राङ्ला गात्पारि राप्स्युजि, छारिव्योन सानाम्पादा उत्पादनमुखी गेरि लागाबलास्युजि।","बुढा किसान खेतबारीको डिलमा उभिनुहोस्, युवा किसानलाई उत्पादनमुखी काममा लगाउनुहोस्।","Older farmers should stand at the edge of the fields, and engage young farmers in productive work.",D1A,10,medium,Non-Past,Affirmative
COM_D2H_S3_3158,फिच्चा आप्ताला निसरे सोम लिच्छा नाबिङरे डा. बसौलादा दोःसिन टेकरि दोःसि पुइबा हिन्ना।,उक्त निर्णयको तीन सातापछि बुधबार डा. बसौलालाई पुनः टेकुमा फिर्ता पठाइएको हो।,"Three weeks after the decision, Dr. Basaula was sent back to Teku on Wednesday.",D2H,12,medium,Non-Past,Affirmative
COM_D3E_S5_4926,"डोबा दुइ कोरोनासे चाजि, परीक्षा पिन्बारि निमा नोन दुर्गमताला किर्पा तातोबा बाध्यता लोप्खेनला ताबा मुला।","पढाइ हुने समय कोरोनाले खायो, परीक्षा दिन जाँदा पनि दुर्गमताको सिकार हुनुपर्ने बाध्यता विद्यार्थीको हरेको छ।","Corona has taken away the time for studying, and students are forced to suffer from remoteness even when going to take exams.",D3E,16,long,Non-Past,Affirmative
COM_D3E_S3_2047,लिच्छा निमावि ताबान २०३० दिङहेन्से माध्यमिक तादादोःना खेडोब लाबारि चुःजि।,पछि निमावि हुँदै २०३० सालदेखि माध्यमिकतहसम्म अध्ययन गराउन सुरु गर्‍यो।,"Later, it started offering studies up to the secondary level from 2030 onwards through lower secondary school.",D3E,10,medium,Past,Affirmative
COM_P2_D4C_S1_B1_2325,"मनाङ, मुस्ताङ थेन रारा राङ्बा ज्योमोगाङकि दोखाङरि ह्राङह्युल्पा ह्युलकोर्पा निबा मुला।","मनाङ, मुस्ताङ र राराजस्ता हिमाली गन्तव्यमा स्वदेशी पर्यटक गएका छन्।","Domestic tourists have traveled to Himalayan destinations like Manang, Mustang, and Rara.",D4C,10,medium,Non-Past,Affirmative
COM_P2_D5G_S3_3150,"चुलिच्छा वात्स्यायन याम्बु नोन दोःजि, तासाइ याम्बुरि खानाङ चिबा, तिका चाबा ?","यसपछि वात्स्यायन काठमाडौँ नै फर्किए, तर काठमाडौँमा कहाँ बस्ने, के खाने?","After this, Vatsyayana returned to Kathmandu, but where to stay in Kathmandu, what to eat?",D5G,11,medium,Non-Past,Affirmative
P4_D1A_S1_B2_645,डिवानन्हाङरि खु तेन्तो लहलह मुला।,बगैँचाभित्र तरकारी बाली लहलह छ।,Vegetables are growing in the garden.,D1A,5,short,Non-Past,Affirmative
D4S_S1_3606,ङादा ह्रोसे चुराङलासि दौरा सुरुवाल क्वानबारि याङ्बा मुताला ह्राङ म्हान्बा आरेबा।,मलाई उहाँले यसरी दौरा सुरुवाल लगाउन पाउनु होला जस्तो लागेको थिएन।,I didn't think he would be allowed to wear a suit like that.,D4C,11,medium,Past,Negative
COM_P2_D3E_S2_4154,अखिल क्रान्तिकारी थेन नेविगेदुङ अस्कल नोन ताल्चाकात्पाला ग्यापतिलोरि मुला।,अखिल क्रान्तिकारी र नेविसङ्घ अस्कल पनि तालाबन्दीको विपक्षमा छन्।,All Revolutionary Party and Nevisangh Askal are also against the lockdown.,D3E,9,medium,Non-Past,Affirmative
D1A_S0_B3_1018,"माकाइला सास्हिङ लाबा तौरतरिकारि नोन पोबा खाबा मुला, थेसे पाङ्जि, ङाच्छा नाम्खा माकाइला जेक्खेन सास्हिङ तामुबा। ","मकैको खेती गर्ने तौरतरिकामा पनि परिवर्तन आएको छ, उनले भने, पहिला बर्खे मकैको मात्रै खेती हुन्थ्यो।","There has been a change in the method of maize farming, he said; previously, only monsoon maize was cultivated.",D1A,16,long,Past,Affirmative
P3_D1A_S0_B1_3401,जोङरि हाल्दिला छोङनामकि सास्हिङ लाबा गिक्छा दमक नगरपालिकाव्हाना मानसरोवर सानाम सहकारी गेन्दुन मुबा  सानाम ग्युइ उइ झापासे उन्पाङ्बा मुला।,जिल्लामा बेसारको व्यावसायिक खेती गर्ने पहिलो दमक नगरपालिकास्थित मानसरोवर कृषि सहकारी संस्था रहेको कृषि ज्ञान केन्द्र झापाले जनाएको छ।,"According to the Agricultural Knowledge Center Jhapa, the first commercial turmeric cultivation in the district is the Mansarovar Agricultural Cooperative Society in Damak Municipality.",D1A,19,long,Non-Past,Affirmative
COM_P2_D4C_S1_B1_360,मोतीचौररि सिद्घ थेन बराहला लाथान मुला।,मोतीचौरमा सिद्घ र बराहको मन्दिर रहेको छ।,There is a temple of Siddha and Baraha in Motichaur.,D4C,7,short,Non-Past,Affirmative
D4S_S2_2639,यान्पाङ ग्युङला राङबाङरि हस्तक्षेप लाबालिच्छा देन्बा फिर्ग्याप खाबारि आखाम।,सञ्चार माध्यमको स्वतन्त्रतामा हस्तक्षेप गरिएपछि सत्य बाहिर आउन सक्दैन।,The truth cannot come out when media freedom is interfered with.,D4C,9,medium,Non-Past,Negative
COM_D3E_S4_3310,तासाइ अचम्म तिका मुला बिसाम स्तर निर्धारण लाबा औपचारिक परीक्षा बिसाम ल्हानान च्याङ्ना तामुला।,तर अचम्म के छ भने स्तर निर्धारण गर्ने औपचारिक परीक्षा भने ज्यादै कम हुन्छन्।,"But surprisingly, there are very few formal tests that determine standards.",D3E,14,medium,Non-Past,Affirmative
COM_P2_D3E_S1_3085,"निजी थुमला लोप्खाङ स्याङ्पाजुगु फटाहा, लुटाहा हिन्ना बिला तासाइ ङानिजुगु न्होर्बा आरे।","निजी क्षेत्रका विद्यालय सञ्चालकहरू फटाहा, लुटाहा हुन् भनिन्छ तर हामीहरू गलत छैनौँ।","It is said that private school operators are thieves and robbers, but we are not wrong.",D3E,12,medium,Non-Past,Negative
D4S_S1_1726,दाछोकसे क्योलोलोन् सल्लाहकार दाछोकला चिसाङ सुत्ताइ लाबा मुला।,समितिले भर्खरै सल्लाहकार समितिको बैठक समेत गरेको छ।,The committee has also recently held an advisory committee meeting.,D4C,8,medium,Non-Past,Affirmative
COM_P2_D4C_S1_B3_932,"टोखा–१, बाउडेश्वर झरना थेन लाथान न्हाङ्पा ह्युलकोर्पाला दोखाङला स्रुगरि फेल्गेबा ताबान मुला।","टोखा–१, बौडेश्वर झरना र मन्दिर आन्तरिक पर्यटकको गन्तव्यको रूपमा विकास हुँदैछ।","Tokha-1, Baudeshwor Waterfall and Temple are being developed as domestic tourist destinations.",D4C,11,medium,Non-Past,Affirmative
COM_P2_D5G_S1_5422,"साँचोला गे लाबा कार्ड ङाइ थेला यारि थान्सि पिन्बान बिजि, आले, ङ्हाच्छा वाङ्गो।","साँचोको काम गर्ने कार्ड मैले उनको हातमा राखिदिँदै भनेँ, भाइ, अगाडि लाग्नुस्।","I handed him the key card and said, ""Brother, go ahead.""",D5G,12,medium,Non-Past,Affirmative
COM_P2_D2H_S2_41,म्रिङ्माला ल्हुइथाङला हिसाबसे ४२ दिनलिच्छा यौनसम्पर्क लाबारि खाम्ला।,महिलाको स्वास्थ्यको हिसाबले ४२ दिनपछि यौनसम्पर्क गर्न सकिन्छ।,"From a woman's health perspective, sexual intercourse can be resumed after 42 days.",D2H,8,medium,Non-Past,Affirmative
P3_D1A_S0_B1_630,दिगुरि सेलगेङ थेन लाङाइला थोङ्सेथेन म्हुइ मुबा।,खाजामा सेलरोटी र काँक्राको अचारसँग मोही थियो।,Lunch was mohi with celery bread and pickled cucumbers.,D1A,7,short,Past,Affirmative
D4S_S3_7639,इलाम सूर्योदय नगरपालिका ७ कन्यामरि वनभोजरि कान सर्कैदिमा म्हेन्दो गिकला ल्हुइ निबा मुला।,इलाम–सुर्योदय नगरपालिका ७ कन्याममा वनभोजमा खाना सर्किँदा एक जनाको ज्यान गएको छ।,"One person has died after food spilled during a forest feast in Kanyam, Suryodaya Municipality-7, Ilam.",D4C,12,medium,Non-Past,Affirmative
COM_D2H_S5_2439,लेङ्बा ब्लि गेदुइ ह्रोसे अल्पमतला गठबन्धन नोन चालाब लाबान खाबा ताबा मुला।,बाँकी चार कार्यकाल उहाँले अल्पमतको गठबन्धन नै चलाउँदै आउनु भएको छ।,He has been running a minority coalition for the remaining four terms.,D2H,11,medium,Non-Past,Affirmative
COM_D3E_S1_S2_402,प्रतिष्ठानरि रेक्टर ग्युइसेरचोहो ताबा प्रावधान मुला।,प्रतिष्ठानमा रेक्टर शिक्षाध्यक्ष हुने प्रावधान छ।,There is a provision for the Rector to be the Dean of the Institute.,D3E,6,short,Non-Past,Affirmative
COM_D3E_S4_2295,एक्स आनाम ङाच्छाला ट्वीटरला छार क्योल्बाम्हिसे तिदिङला लागिरि अमेरिकी डलर फातोबा फिचर बाबा मुला।,एक्स अर्थात् पहिलेको ट्विटरको नयाँ प्रयोगकर्ताले एक वर्षका लागिएक अमेरिकी डलरतिर्नुपर्ने फिचर ल्याएको छ।,"X, the former Twitter, has introduced a feature that requires new users to pay one US dollar for a year.",D3E,14,medium,Non-Past,Affirmative
COM_P2_D5G_S2_1604,थेरि सरकारी निकायला खानाइ न खानाइ रोल मुला।,त्यहाँ सरकारी निकायको कतै न कतै रोल छ।,There is a role for government agencies somewhere.,D5G,8,medium,Non-Past,Affirmative
COM_D2H_S3_3527,"डापडुपला खुगु, ताजा रोरोला खुगु, नरिवलला क्युइसे कब्जियतदा ल्हाना खेना दोनालामुला।","सागसब्जीको रस, ताजा फलफूलको रस, नरिवलको पानीले कब्जियतलाई निकै फाइदा पुर्‍याउँछ।","Vegetable juices, fresh fruit juices, and coconut water are very beneficial for constipation.",D2H,11,medium,Non-Past,Affirmative
D1A_S0_B1_3396,अलैँची सास्हिङसे ङाला ङो नोन पोबा लासिपिन्जि।,अलैँची खेतीले मेरो भाग्य नै परिवर्तन गरिदिएको छ।,Cardamom farming has changed my destiny.,D1A,8,medium,Non-Past,Affirmative
COM_D2H_S1_S2_60,"ब्लाप्पा नाछाल मुला बिसाम अस्पताल सेगो, दिमरि आस्ह्युगो।","थकित अवस्था छ भने अस्पताल जानुस्, घरमा नबस्नुस्।","If you are tired, go to the hospital, don't stay at home.",D2H,8,medium,Non-Past,Affirmative
COM_P2_D2H_S2_7469,कोरोना च्यालाङला ङ्यान्दि जोङवासी आक्रान्त ताचिबा दुइ चुला स्थानीय तादारि भाइरल छावाला जोखिम ल्हेःबा मुला।,कोरोना सङ्क्रमणका कारण जिल्लावासी आक्रान्त भइरहेका बेला यहाँका स्थानीय तहमा भाइरल ज्वरोको जोखिम बढेको छ।,"While the people of the district are suffering due to the corona infection, the risk of viral fever has increased at the local level here.",D2H,15,medium,Non-Past,Affirmative
COM_D3E_S5_3353,नासोसे अवार्डला लागिरि खेन्पोछ्याम ६ ह्रोमि मुबा निर्णायक दाछोक गठन लाबा मुबा।,नासोले अवार्डका लागि विज्ञसहितको ६ सदस्यीय निर्णायक समिति गठन गरेको थियो।,NASO had formed a six-member jury of experts for the award.,D3E,11,medium,Past,Affirmative
COM_P2_D5G_S4_8740,लिच्छाला तिलाइ दिङहेन्से म्रिङ्माला गोइलोदा दोनडुप्सि सात्तान छार अवधारणा थेन सोचरि म्राङ्बा थेला गेसे ल्हानान चर्चा याङ्बा लाबा मुला।,पछिल्ला केही वर्षदेखि महिलाका वेशभूषालाई लक्षित गरी नितान्त नौलो अवधारणा र सोचमा देखिएको उनको कामले निकै चर्चा पाउने गरेका छन्।,"In the last few years, his work, which focuses on completely new concepts and thinking aimed at women's clothing, has received a lot of attention.",D5G,20,long,Non-Past,Affirmative
P2_D1A_S0_B2_1571,"होजानदुइ अलैँची मि दुङाल आलाना रोबा मुला, जबर्जस्ती खेबि किन्स्हेला।","त्योबेला अलैँची त दुःख नगरी फल्दोरहेछ, जबर्जस्ती आम्दानी लिएछौँ।","At that time, cardamom was growing without any problems, and we were forced to earn income.",D1A,9,medium,Non-Past,Affirmative
P2_D1A_S0_B2_1084,खाबा यामरि दान्ना बिमा दान्ना खे किन्बा कम्पनीला योजना मुला।,आउँदो याममा बढीभन्दा बढी फाइदा लिने कम्पनीको योजना छ।,The company plans to maximize its benefits in the coming season.,D1A,9,medium,Non-Past,Affirmative
COM_P2_D4C_S1_B1_1717,चु प्रतियोगितारि म्रिङदा खाराङलासि तासाइनोन पुइसि निर्धारित दूरी जोसे ङाच्छा थुम्ना लामुला थेनोन डामुला।,यो प्रतियोगितामा श्रीमतीलाई जसरी भएपनि बोकेर निर्धारित दूरी जसले पहिले पूरा गर्छ उही विजेता हुन्छ।,"In this competition, the first person to complete the specified distance, carrying their wife in any way, wins.",D4C,15,medium,Non-Past,Affirmative
COM_P2_D2H_S3_3064,कादे रेम मि चु काःला नलीरि छाक्रामसुत्ताइ ठुङ्ना लामुला।,कति पटक त यो रगतको नलीमा अवरोधसमेत उत्पन्न गर्छ।,Sometimes it even causes blockages in blood vessels.,D2H,9,medium,Non-Past,Affirmative
D1A_S0_B2_3261,स्याउला परागशेचन ताबा दुइरि माच्चा मुस्ताङला लेप्पाताङ च्याङ्नारि १६ हेन्से ल्हानारि २१ डिग्री तामा निबा दिङरि उत्पादन ४० कार्ग्यासे मारफाप्पा मुला।,स्याउको परागशेचन हुने समयमा तल्लो मुस्ताङको तापक्रम न्युनतम १६ देखि अधिकतम २१ डिग्री हुँदा गत वर्ष उत्पादन ४० प्रतिशतले घटेको थियो।,"Production dropped by 40 percent last year when temperatures in Lower Mustang ranged from a minimum of 16 to a maximum of 21 degrees, the time of apple pollination.",D1A,21,very long,Past,Affirmative
COM_D5G_S1_S2_3671,बूक स्टोर्स ठोङ्बा न्होरकि स्रुगसे नोन देबा माध्यम हिन्ना बिबा ङादा म्हान्जि।,बूक स्टोर्स खोल्नु आर्थिक रूपले पनि सजिलो माध्यम हो भन्ने मलाई लाग्यो।,"I thought opening bookstores was an easy way to make money, even financially.",D5G,12,medium,Past,Affirmative
P3_D1A_S0_B3_843,थेनिजुगुदा छोङ्नाम्पा खु बु लाबाला लागिरि बार्बुस्हे नोन ह्रो लाबा चोहो बुढासे पाङ्जि।,उहिरुलाई व्यवसायीक तरकारी खेत गर्नको लागि सामग्री पनि सहयोग गरिएको अध्यक्ष बुढाले बताए।,Chairman Budha said that Uhiru was also provided with materials to start a commercial vegetable farm.,D1A,13,medium,Past,Affirmative
COM_P2_D3E_S3_1997,स्मार्टफोन म्हामा बेनानबिमा ङाज्याङ खतरा ह्राङ्ला डाटा स्यानसे दुरूपयोग लासेला बिबा तामुला।,स्मार्टफोन हराउँदा सबैभन्दा ठूलो खतरा आफ्नो डाटा अरूले दुरूपयोग गरिदेला भन्ने हुन्छ।,The biggest risk when losing a smartphone is that your data will be misused by others.,D3E,12,medium,Non-Past,Affirmative
COM_P2_D2H_S3_1370,खारे ख्यारख्युरला फ्रुमल्हुन्दिा तनाव सन्तुलनरि थान्बारि ह्रो लामुला।,घाँटी वरपरको मांसपेशीको तनाव सन्तुलनमा राख्न मद्दत गर्दछ।,Helps balance muscle tension around the neck.,D2H,8,medium,Non-Past,Affirmative
P3_D1A_S0_B2_3583,ठोङ्सेङरि म्हेन्दोम्युर्बाला लागिरि प्रयोग ताबा ड्रोन लिउरि डेलिभरी साप्तोरि उपयोगी ताबा लासि फेल्गेबा लाबा लोप्खेनजुगुला पाङ्बा मुला।,उद्घाटनमा पुष्पवृष्टिका लागि प्रयोग भएको ड्रोन भविष्यमा डेलिभरी सेवामा उपयोगी हुने गरी विकास गर्ने विद्यार्थीहरूको भनाइ छ।,Students say that the drone used for the flower shower at the inauguration will be developed to be useful in delivery services in the future.,D1A,17,long,Non-Past,Affirmative
P2_D1A_S0_B1_3549,नाम्साला स्यान्दो सानाम्पाला लागिरि प्रेरणा ताबा थेसे चु दिङ ग्यार्जा गिक दोङ ग्याम ग्यार्जा डु क्विन्टल किबी उत्पादन ताबा पाङ्जि।,गाउँका अन्य किसानका लागि प्रेरणा बनेका उनले यो वर्ष सय बोटबाट ६ सय क्विन्टल किबी उत्पादन भएको बताए।,"He, who has become an inspiration to other farmers in the village, said that this year, 6 hundred quintals of kiwi were produced from a hundred plants.",D1A,18,long,Past,Affirmative
COM_P2_D5G_S1_4341,म्होकोन बिमा दान्ना फिल्म च्याबा थेन चुलिच्छा डोबा गे तासि चिबामुला।,सबैभन्दा बढी फिल्म हेर्ने र त्यसपछि पढ्ने काम भइरहेको छ।,The most work is watching movies and then reading.,D5G,10,medium,Non-Past,Affirmative
COM_D5G_S1_S2_2859,पँधेरी ज्युम नेजि होच्छेम पेःसि ह्राङ्ला कुदा चुन्नीसे तुम्सि व्हाइ गुन्गुनाब लाबान म्रापग्याम फिर्ग्याप थोन्जि।,पँधेरी मुसुक्क हाँसिन् अनि लजाएर आफ्नो छातीलाइ चुन्नीले छोपेर गीत गुन्गुनाउँदै ढोकाबाट बाहिर निस्किइन्।,"The girl smiled and, embarrassed, covered her chest with her veil and walked out the door, humming a song.",D5G,14,medium,Past,Affirmative
D4S_S2_667,खानाङ रेनाङ गे लाबालिच्छा राङ ङ्यासेपार कोर्बारि निबा आखाम्मुबा।,जहाँ दिनभरि काम गरेपछि तपाईँ साँझपख घुम्न जान सक्नुहुन्नथ्यो।,Where you couldn't go for a walk in the evening after working all day.,D4C,9,medium,Past,Negative
D4S_S2_1958,दुर्गम रोङकि थुमला बिजाबुमोकादेसे गुणस्तरीय ग्युइसेरला पहुँच याङ्बारि खाम्बा आरे।,दुर्गम पहाडी क्षेत्रका बालबालिकाहरूले गुणस्तरीय शिक्षाको पहुँच पाउन सकेका छैनन्।,Children in remote hilly areas have not been able to access quality education.,D4C,10,medium,Non-Past,Negative
D4S_S1_4970,जमैकान ह्युलम्हिसे चुङाच्छा मिनेट गिकरि गोर ९७ मैनबत्ती सेःबा मुबा।,जमैकन नागरिकले यसअघि एक मिनेटमा ९७ वटा मैनबत्ती निभाएकी थिइन्।,A Jamaican citizen had previously extinguished 97 candles in one minute.,D4C,10,medium,Past,Affirmative
COM_P2_D3E_S1_1559,थे आधुनिक धुलौटो मुबा।,त्यो आधुनिक धुलौटो थियो।,That was a modern dustbin.,D3E,4,short,Past,Affirmative
COM_D4C_S1_S2_5734,जोङला राप्ती सोनारी गाउँपालिका–४ रि मुबा बर्फानी लाथान थेन नरैनापुर गाउँपालिका–५ वेदिहिवा चुरे पहाडरि मुबा सन्तानेश्वर महादेव लाथानरि धर्मकि ह्युलकोरला लागिरि प्रदेश सरकारसे पूर्वाधार स्हेङ्बा चुःबा मुला।,जिल्लाको राप्ती सोनारी गाउँपालिका–४ स्थित बर्फानी मन्दिर र नरैनापुर गाउँपालिका–५ वेदिहिवा चुरे पहाडमा रहेको सन्तानेश्वर महादेव मन्दिरमा धार्मिक पर्यटनका लागि प्रदेश सरकारले पूर्वाधार निर्माण सुरु गरेको छ।,The provincial government has started construction of infrastructure for religious tourism at the Barfani Temple located in Rapti Sonari Rural Municipality-4 and the Santeshwor Mahadev Temple located in Bedihiva Chure Hills of Narainapur Rural Municipality-5 in the district.,D4C,27,very long,Non-Past,Affirmative
COM_P2_D5G_S1_7420,बेनानराङ्बा छन्दला बन्धनरि नोन व्हाइखा समसामयिक सामाजिक छोरोवादा अभिव्यक्त लाबारि स्हाङ्बा मुबा बिबा प्रतिक्रिया मुबा।,सबैजसोको छन्दको बन्धनमा पनि कविता समसामयिक सामाजिक चेतनालाई अभिव्यक्त गर्न सफल रहेको भन्ने प्रतिक्रिया थियो।,"The response from everyone was that the poem was successful in expressing contemporary social consciousness, even in the confines of its rhyme.",D5G,15,medium,Past,Affirmative
COM_P2_D2H_S3_2263,नार्तुग्याम किन्बा स्वाबग्याम एन परिक्षण लाबारि खाम्ला।,नाकबाट लिएको स्वाबबाट पनि परीक्षण गर्न मिल्छ।,The test can also be done with a swab taken from the nose.,D2H,7,short,Non-Past,Affirmative
P2_D1A_S0_B1_1845,नेपालला ल्हाना थुमरि याङ्बा घरेलु मान खयरला छोङ्नाम्पा सास्हिङ सुत्ताइ लाबा मुला।,नेपालको अधिकाशं क्षेत्रमा पाइने घरेलु औषधी खयरको व्यवसायीक खेती समेत गरिएको छ।,"Commercial cultivation of the indigenous medicinal plant cutch tree, which is found in most parts of Nepal, has also been carried out.",D1A,12,medium,Non-Past,Affirmative
COM_D4C_S1_S2_4303,"दोङ ज्याबारि दात्तेदोःना सिका बुम ४५ काम्रा तासिजिन्बा मुला, ह्युलकोर ब्लोनखाङ स्रोतसे पाङ्जि, लेङ्बा ग्ला सुत्ताइरि मुबा दोङला ज्याबाला लागिरि क्योम सिका डि ३ बुम ४ लाग्तिबा आकलन लाबाला मुला। ","रुख गणनामा अहिलेसम्म ४५ लाख रूपैयाँ खर्च भइसकेको छ, पर्यटन मन्त्रालय स्रोतले भन्यो, बाँकी ठाउँसमेतमा रहेका रुखको गणनाका लागि कुल ३ करोड ४ लाख रूपैयाँ लाग्ने आकलन गरिएको छ।","So far,45 lakh rupees have been spent on tree counting, said the source from the Ministry of Tourism; it is estimated that a total of 3 crore 4 lakh rupees will be needed to count the trees in the remaining areas.",D4C,29,very long,Non-Past,Affirmative
COM_P2_D2H_S3_3795,तासाइनोन कोरोना गाकाङालपा ल्हेःबान निबालिच्छा सरकारसे चुला डिग्यान लाबारि वाङ्बा सरकारसे दाबी लाबा मुला।,यद्यपी कोरोना सङ्कट बढदै गएपछि सरकारले यसको व्यवस्थापन गर्न लागि परेको सरकारले दाबी गरेको छ।,"However, the government has claimed that it is working hard to manage the Corona crisis as it continues to escalate.",D2H,15,medium,Non-Past,Affirmative
COM_D3E_S5_5259,म्यासेन्जर रूम मिन पिन्बा फिच्चा साप्तोग्याम तिरेमरिन ५० बिमा ल्हाना म्हिसे ताम लाबारि याङ्बा उन्पाङ्बा मुला।,म्यासेन्जर रुम नाम दिइएको उक्त सेवामार्फत एकै पटकमा ५० भन्दा बढी मानिसले कुराकानी गर्न मिल्ने जनाइएको छ।,"The service, called Messenger Rooms, is said to allow more than 50 people to chat at once.",D3E,17,long,Non-Past,Affirmative
P4_D1A_S1_B2_2504,तेन्तो बीमाग्याम साप्तेन किन्बारि काङाल ताबासेलामा कैलालीला मोजे सानाम्पा तेन्तो बीमाछाप डुइबारि खाम्बा आरे।,बाली बीमाबाट सुविधा लिन कठिन रहेकाले कैलालीका केरा किसान बाली बीमाप्रति आकर्षित हुन सकेका छैनन्।,Banana farmers in Kailali have not been attracted to crop insurance as it is difficult to avail benefits from crop insurance.,D1A,15,medium,Non-Past,Negative
COM_P2_D5G_S2_3567,"चुदा पुष्टि लाबान निश्चल पाङ्ला, ङानिसे अवतार राङ्बा फिल्म स्होबारि खाम्बा आरे।","यसलाई पुष्टि गर्दै निश्चल भन्छन्, हामीले अवतार जस्तो फिल्म बनाउन सकेका छैनौँ।","Confirming this, Nischal says, ""We haven't been able to make a film like Avatar.""",D5G,12,medium,Non-Past,Negative
COM_D5G_S4_3804,नेपाली काइपा काइमोला छापा खास्सै आताबा बिबाकादे ल्हानान मुला।,नेपाली गायक गायिकाको कमाई खास्सै हुन्न भन्नेहरू धेरै छन्।,Many people say that Nepali singers don't earn much.,D5G,9,medium,Non-Past,Affirmative
COM_P2_D3E_S1_2342,ब्लोनखाङसे फिह्युलकि सम्बन्धन याङ्बा कलेजदा व्यवस्थित थेन प्रभावकारी ढङ्गसे स्याङ्बा योजनाछ्याम ङाच्छा दाङ्बा मुला।,मन्त्रालयले विदेशी सम्बन्धन प्राप्त कलेजलाई व्यवस्थित र प्रभावकारी ढङ्गबाट सञ्चालन गर्ने योजनासहित अघि बढिरहेको छ।,The ministry is moving forward with a plan to operate foreign-affiliated colleges in a systematic and effective manner.,D3E,15,medium,Non-Past,Affirmative
COM_D3E_S3_2168,लोप्बोन साप्तो आयोगसे २५ कार्ग्या ल्हेबाला पुनर्योगला नतिजा ठोङ्सेङ लाबा मुला।,शिक्षक सेवा आयोगले २५ प्रतिशत बढुवाको पुनर्योगको नतिजा सार्वजनिक गरेको छ।,The Teachers Service Commission has made public the results of the 25 percent promotion recalculation.,D3E,11,medium,Non-Past,Affirmative
COM_P2_D2H_S3_5823,"ह्राङनोन डाक्टर हिन्ना, प्राथमिक क्योन्बाला लागिरि पेनकिलर थेन ग्यास्टि्रकला मान चाबा मुबा।","आफैँ डाक्टर हो, प्राथमिक उपचारका लागि पेनकिलर र ग्यास्टि्रकको औषधि खाएको थियो।","Being a doctor himself, he had taken painkillers and gastric medicine for first aid.",D2H,12,medium,Past,Affirmative
P3_D1A_S0_B1_4138,हेफरसे चुबिमा ङाच्छा स्याङ्बाला जोङला ल्होलो ग्लारि रा न्हाबा गेताङग्याम म्रिङ्मासे ज्याबा आयछाबारि स्हाङ्बा ताबा मुला।,हेफरले यसभन्दा अगाडि सञ्चालन गरेको जिल्लाका विभिन्न स्थानमा बाख्रापालन कार्यक्रमबाट महिलाले राम्रो आयआर्जन गर्न सफल भएका छन्।,Women have been able to earn a good income from goat farming programs previously run by Heifer in various parts of the district.,D1A,17,long,Non-Past,Affirmative
D4S_S1_2082,थेला ह्रेम्बा बिदारि खामा सा दोःसिपिन्बारि म्हेन्दो न्हिनोन साहुदा फोन लामुबा।,उनका श्रीमान् बिदामा आउँदा जग्गा फर्काइदिन दुवै जना साहुलाई फोन गर्थे।,"When her husband came on leave, both of them would call the moneylender to return the land.",D4C,11,medium,Past,Affirmative
D4S_S2_6106,निबा यान्देरि मृत्युदर्ता लामा नोन स्यान्दो ब्रेल्साङला नुररि वडा गेदिमदा ग्रानाङ लापुङ्बा आरेबा।,गत भदौमा मृत्युदर्ता गराउँदा पनि अर्को बिहेको विषयमा वडा कार्यालयलाई जानकारी गराइएको थिएन।,"Even when the death was registered last Bhadra, the ward office was not informed about the second marriage.",D4C,13,medium,Past,Negative
COM_D2H_S3_5014,ल्हुइथाङ ठाल कोषला बेनान टाङ्गा बीमारि निबा डिछ्या लातोमुला।,स्वास्थ्य कर कोषको सबै पैसा बीमामा जाने व्यवस्था गरिनुपर्दछ।,Arrangements should be made to ensure that all money from the health tax fund goes to insurance.,D2H,9,medium,Non-Past,Affirmative
D1A_S0_B2_1832,ह्युल्मिसे ल्हानासाइ उद्योगीदा फादोबा ङानि सानाम्पासे चाँहि तोतेबा साइ आयाङ्बा ?,जनताले चर्को मूल्य उद्योगीलाई तिर्ने हामी किसानले चाँहि उचित मूल्य नपाउने?,"The public pays high prices to industrialists, but we farmers don't get a fair price?",D1A,11,medium,Non-Past,Affirmative
COM_P2_D5G_S1_5955,परीक्षारि पास नोन ताजि तासाइ न्हाङताम ताबा ङ्हाच्छान डिछ्या पोबारि दोःजि।,परीक्षामा पास पनि भयो तर अन्तर्वार्ता हुनु अगावै व्यवस्था परिवर्तन हुन पुग्यो।,"I passed the exam, but the system changed before the interview.",D5G,12,medium,Past,Affirmative
COM_P2_D3E_S2_5737,चुपाल्से बिसाम उपमहानगरपालिकासे परीक्षा थेन क्योइका ह्राङ्लान निगरानीरि लाबा हिन्ना।,यसपाली भने उपमहानगरले परीक्षा र मुल्यांकन आफ्नै निगरानीमा गराएको हो।,"This time, the sub-metropolitan city conducted the exams and assessments under its own supervision.",D3E,10,medium,Non-Past,Affirmative
COM_P2_D3E_S1_3203,नेपाल संस्कृत विश्वविद्यालयला कुलगाउराइ माधव अधिकारी घन्टा सोम ह्राङ्लान कार्यकक्षरि डुङ्बा मुला।,नेपाल संस्कृत विश्वविद्यालयका कुलसचिव माधव अधिकारी ३ घन्टा आफ्नै कार्यकक्षमा थुनिएका छन्।,"Madhav Adhikari, the Registrar of Nepal Sanskrit University, has been locked in his office for 3 hours.",D3E,12,medium,Non-Past,Affirmative
D1A_S0_B1_4099,आर्थिक दिङला २०७७/७८ रि तोङ्जा १६ ग्यार्जा ९ से २० हेक्टर क्षेत्रफलरि च्या सास्हिङ लामा  तोङ्जा २३ ग्यार्जा ७ से ४५ मेट्रिक टन उत्पादन तामा मुबा।,आर्थिक वर्ष २०७७/७८ मा १६ हजार ९ सय २० हेक्टर क्षेत्रफलमा चिया खेती गर्दा २३ हजार ७ सय ४५ मेट्रिक टन उत्पादन भएको थियो।,"In the fiscal year 2077/78, tea was cultivated on 16 thousand 920 hectares of land, producing 23 thousand 745 metric tons.",D1A,24,very long,Past,Affirmative
D4S_S2_7255,परीक्षा शुल्क सिका तोङ्जा ३ ग्यार्जा ५ लाग्तिला बिसाम परीक्षा अनलाइनग्याम जादे दुइ नोन पिन्बारि खाम्मुला।,परीक्षा शुल्क रु.३ हजार ५ सय लाग्नेछ भने परीक्षा अनलाइनबाट जति बेला पनि दिन सकिन्छ।,The exam fee will be Rs. 3 thousand 5 hundred and the exam can be taken online at any time.,D4C,15,medium,Non-Past,Affirmative
COM_D2H_S4_5381,आपूर्ति डिछ्याबा विभागग्याम दाप ठाबाला मात्रा च्याङ्ना लाबासे अस्पतालदा ह्रिबाते पिन्बारि आखाम्बा ग्रेन्पो काफ्लेसे पाङ्जि,आपूर्ति व्यवस्थापन विभागबाटै खोप वितरण गरिने मात्रा थोरै गराइएकाले अस्पताललाई मागेजति दिन नसकिएको प्रमुख काफ्लेले बताए।,Chief Kafle said that the hospital could not be given the amount requested because the supply management department had limited the quantity of vaccines to be distributed.,D2H,16,long,Past,Affirmative
COM_P2_D5G_S1_5477,ब्लाब्सि थेदा खाच्युबा दुइरि ग्लारि निसि ह्रिल्गे राङ्बा ताबा मुबा।,थाकेर उसलाई कुन बेला ओछ्यानमा गएर पल्टिउँ जस्तो भएको थियो।,He was so tired that he felt like going to bed.,D5G,10,medium,Past,Affirmative
COM_P3_D3E_S1_12422,जनविकास माध्यमिक विद्यायमारि दाते गोर निस अस्थायी लोप्बा उइ ठोङ्सि डोबालोप्डोबा चुःबा मुला।,जनविकास माध्यमिक विद्यायमामा हाल सात वटा अस्थायी सिकाइ केन्द्र स्थापना गरेर पठनपाठन सुरु गरिएको छ।,Teaching has begun at Janvikas Secondary School by establishing seven temporary learning centers.,D3E,15,medium,Non-Past,Affirmative
COM_P2_D5G_S2_7687,चुग्याम ओर्से निबा थेन ओर्सेग्याम चुर्से खाबा पागलकादेला ताङ खासिजिन्बा मुबा।,यताबाट उता जाने र उताबाट यता आउने पागलहरूको सूची आइसकेको थियो।,The list of crazy people who were going from here to there and from there to here had already been made.,D5G,11,medium,Past,Affirmative
COM_P3_D3E_S1_2231,थेलिच्छा लेङ्बा कम्प्युटर लोप्खाङदा पिन्जि।,त्यसपछि बाँकी कम्प्युटर स्कुललाई दिइयो।,Then the remaining computers were given to the school.,D3E,5,short,Past,Affirmative
P2_D1A_S0_B2_428,चुला लागिरि गुणस्तरीय रालाकोला उत्पादन लाबारि खाम्बा मामा  थेन व्हाबाला फेल्गेबा आसेम निमता तोमुला।,यसका लागि गुणस्तरीय पाठापाठी उत्पादन गर्न सक्ने माउ र भालेको विकास अनि निरन्तरता चाहिन्छ।,This requires the development and continuity of females and males capable of producing quality offspring.,D1A,14,medium,Non-Past,Affirmative
COM_P2_D5G_S1_886,सेसिसेसि खालाइला सेम स्हुखानालाबा थेला सेमदो आताबा ताला।,जानीजानी कसैको मन दुखाउने उनको मनसुवा नहुँदो हो।,He probably didn't have any intention of deliberately hurting anyone's feelings.,D5G,8,medium,Non-Past,Affirmative
COM_D3E_S1_S2_4432,डिक्पा हिन्साम लोप्बोन ओसेम प्राध्यापक गेन्दुनछेनकादेसे कोरोना–कहरला ग्याम ह्राङनोन दाम्मुबा।,मिलेको भए शिक्षक तथा प्राध्यापक महासङ्घहरूले कोरोना–कहरको बाटो आफैँ खोज्थे।,"If they had agreed, the teachers' and professors' federations would have found a way to deal with the coronavirus on their own.",D3E,10,medium,Past,Affirmative
COM_D2H_S1_S2_5374,सामान्यतया खोप रोप्जिन्बा थेन लक्षण म्राङ्सि एन बेवास्ता लाबाकादेरि कोभिड च्यालाङ ताबा/आताबा था याङ्बाला लागिरि एन्टिबडी परिक्षण लाबारि खाम्ला।,सामान्यतया खोप लगाइसकेका र लक्षण देखिएर पनि बेवास्ता गरेकाहरूमा कोभिड सङ्क्रमण भए/नभएको थाहा पाउनका लागि एन्टिबडी परीक्षण गर्न सकिन्छ।,Antibody testing can generally be done to determine whether or not someone who has been vaccinated and has ignored symptoms has had a COVID infection.,D2H,19,long,Non-Past,Affirmative
COM_D3E_S1_S2_1451,थेलिच्छा ह्रो लोप्खाङ भर्ना तास्ह्युजि ।,त्यसपछि उहाँ विद्यालय भर्ना हुनुभयो।,Then he enrolled in school.,D3E,5,short,Past,Affirmative
D4S_S3_1208,प्रहरीसे चुःमा जाहेरी किन्बारिन आङ्यान्बा मुबा।,प्रहरीले सुरुमा जाहेरी लिनै मानेको थिएन।,The police initially refused to take a complaint.,D4C,6,short,Past,Negative
COM_D2H_S4_2390,"ल्हिन घटाथेला लागि स्या, ङेग्याम दोबा परिकार, ग्वाप्र तिबन्धित लादोमुला","तौल घटाउनको लागि मासु, दुधबाट बनेको परिकार, गहुँ प्रतिबन्धित गर्नुपर्छ।","To lose weight, meat, dairy products, and wheat should be restricted.",D2H,10,medium,Non-Past,Affirmative
COM_D4C_S1_S2_3499,बेनेरि ताबा फाइनप्रिन्ट फिभररि ब्रिखेनकादे दोमा कल्चरल भिलेजला कलाकारकादे कु स्होबागेन मुबा।,फागुनमा भएको फाइनप्रिन्ट फिभरमा लेखकहरू पुग्दा कल्चरल भिलेजका कलाकारहरू मूर्ति बनाइरहेका थिए।,"When the writers arrived at Fineprint Fever in Falgun, artists from the Cultural Village were making sculptures.",D4C,12,medium,Past,Affirmative
COM_P2_D2H_S2_2021,चिल्लोसे लमा अमन तासि चाबासेमा रुचि आताबारिखाम्ला।,चिल्लोले गर्दा अमन भएर खानेकुरामा रुचि नहुन सक्छ।,Fat can cause a lack of appetite and a loss of interest in food.,D2H,8,medium,Non-Past,Affirmative
COM_D4C_S1_S2_3132,सन् १८९९ रि ङोसेबा लाबाला अपि ज्योमोगाङरि सन् १९६० रि गिक्छा रेम क्रेःबाला मुबा।,सन् १८९९ मा पहिचान गरिएको अपि हिमालमा सन् १९६० मा पहिलो पटक आरोहण गरिएको थियो।,"Mount Api, identified in 1899, was first climbed in 1960.",D4C,15,medium,Past,Affirmative
COM_D2H_S1_S2_5633,"चिपोर राङ्बान पोर स्तन क्यान्सररि ट्यूमर डिग्याम फिर्ग्याप खामुला, चुराङलासि क्यान्सर ल्हेःबान निमा निप्पलरि म्राङ्बा तोसोला नोन पोर लाग्तिबारि खाम्ला।","पिम्पल जस्तै घाउ स्तन क्यान्सरमा ट्यूमर छालाबाट बाहिर आउँछ, यसरी क्यान्सर बढ्दै जाँदा निप्पलमा देखिने खालको नै घाउ लाग्न सक्छ।","In breast cancer, just like a pimple, the tumor comes out from the skin; as the cancer keeps growing, a sore that looks like a pimple can appear on the nipple.",D2H,20,long,Non-Past,Affirmative
P3_D1A_S0_B2_2919,"खाइमा खडेरीसे सुनला ब्लु खार्बा, खाइमा नाम आखामा सुनसे सिँचाइ आयाङ्बा राङ्बा काक्ताला ङ्यान्दि सुन उत्पादन ल्हेःबारि काक्ता खाबा लामुला।","कहिले खडेरीले धानको बीउ सुक्ने, कहिले पानी नपर्दा धानले सिँचाइ नपाउनेजस्ता समस्याका कारण धान उत्पादन वृद्धिमा समस्या आउने गर्छ।","Sometimes, problems arise in increasing rice production due to drought, which dries out rice seeds, and sometimes, due to lack of rain, rice does not receive irrigation.",D1A,19,long,Non-Past,Affirmative
COM_D4C_S1_S2_3567,"ल्हामरि नवराज राउत, अजय ग्रोङ, विजय ग्रोङ, राजीव थापा, दीपक ग्रोङ बोकिन्बा मुबा।","यात्रामा नवराज राउत, अजय गुरुङ, विजय गुरुङ, राजीव थापा, दीपक गुरुङ सहभागी थियौँ।","Nawaraj Raut, Ajay Gurung, Vijay Gurung, Rajiv Thapa, and Deepak Gurung participated in the journey.",D4C,13,medium,Past,Affirmative
COM_D2H_S1_S2_6787,ल्हानासे कोरोना भाइरसलिब्रोला खोप रोप्जिन्बा थेन नोइ प्रतिरोधात्मक दुदुम एन बाढाबताबासे च्यालाङ घाट्तिबा चिकित्सककादेला पाङ्बा मुला।,धेरैले कोरोना भाइरसविरुद्धको खोप लगाइसकेको र रोग प्रतिरोधात्मक क्षमता पनि बढेकाले सङ्क्रमण घटेको चिकित्सकहरूको भनाइ छ।,Doctors say that the decrease in infections is due to the fact that many people have been vaccinated against the coronavirus and their immunity has increased.,D2H,16,long,Non-Past,Affirmative
COM_D2H_S1_S2_573,ओपिडीला हिसावसे १३ जना साइक्याट्रिक्स मुलास्युला।,ओपिडीको हिसावले १३ जना साइक्याट्रिक्स हुनुहुन्छ।,There are 13 psychiatrists in the OPD.,D2H,6,short,Non-Past,Affirmative
COM_D3E_S3_930,आपाग्रेनलारि चिसि ताङ स्याल्बान डोबा थेसे थेनालाजि।,ठूला बुबाकामा बसेर भाँडा माझ्दै पढेको उनले सुनाईन्।,She said she used to read while washing dishes at her grandfather's house.,D3E,8,medium,Past,Affirmative
COM_P2_D2H_S2_4605,"सर्वसाधारण जेक्खेन आहिन चिकित्सक, नर्सकादे एन दापछाप विश्वस्त ताबारि खाम्बा आरेबा।","सर्वसाधारण मात्र नभई चिकित्सक, नर्सहरू पनि खोपप्रति विश्वस्त हुन सकेका थिएनन्।","Not only the general public, but also doctors and nurses were not confident in the vaccine.",D2H,11,medium,Past,Negative
COM_D5G_S4_3546,तिरे ङाला उपध्रो न्हामान्हामानान प्लिङ्सि चिबा आस्याङसे खिसि पाथाल न्हि लाइतिजि।,एकदिन मेरो उपध्रो सहँदासहँदा भरिएर बसेका मामाले कसेर दुई झापड लगाए।,"One day, my uncle, who was sitting there patiently waiting for me, slapped me twice.",D5G,11,medium,Past,Affirmative
COM_D2H_S3_2535,बुटवलला क्रिमसन अस्पतालरि बामा थेदा सा बुन्बारि ल्हाना काङाल ताबा मुबा।,बुटवलको क्रिम्सन अस्पतालमा ल्याउँदा उनलाई सास फेर्न निकै गाह्रो भएको थियो।,He was having difficulty breathing when he was brought to Crimson Hospital in Butwal.,D2H,11,medium,Past,Affirmative
COM_P2_D3E_S1_2263,"ल्हाना ग्युइसेरकि गेन्दुनजुगु हचुवाला भररिन ठोङ्बा स्याप्चि, थेला परीक्षा, रिजल्ट खाचिबाइ डिछ्या आरे।","धेरै शैक्षिक संस्थाहरू हचुवाका भरमै खुलेका भेटियो, जसको परीक्षा, रिजल्ट कुनै सिस्टम छैन।","Many educational institutions were found to have opened haphazardly, with no system for examinations or results.",D3E,13,medium,Non-Past,Negative
COM_P2_D3E_S1_1703,लोप्खाङसे ख्वाबा दिनिला दिगु गुणस्तरीय मुला कि आरे ?,विद्यालयले खुवाउने दिवा खाजा गुणस्तरीय छ कि छैन?,Is the lunch served by the school of good quality?,D3E,8,medium,Non-Past,Negative
D1A_S0_B3_366,ग्यागारह्युलकि स्याउरि दुक्स्या दोङ्बा याङ्बा छ्यामरि जुम्ली स्याउसे बजार याङ्बारि सहज ताबा हिन्ना।,भारतीय स्याउमा विषादी मिसाएको पाइएसँगै जुम्ली स्याउले बजार पाउँन थप सहज भएको हो।,"With the discovery of pesticides in Indian apples, it has become easier for twin apples to find a market.",D1A,13,medium,Non-Past,Affirmative
COM_D4C_S1_S2_3988,"गिक्छा ङादिङकि योजनासे भौतिक पूर्वाधार, सामाजिक फेल्गेबा, ह्युलकोर ल्हेछ्या, उद्योग थेन उत्पादन ल्हेःबा, सुशासन थेन साप्तो प्रवाह थिग्युनदा प्राथमिकतारि थान्बा मुबा ।","पहिलो पञ्चवर्षीय योजनाले भौतिक पूर्वाधार, सामाजिक विकास, पर्यटन प्रवर्द्धन, उद्योग र उत्पादन वृद्धि, सुशासन र सेवा प्रवाह सुधारलाई प्राथमिकतामा राखेको थियो।","The first five-year plan prioritized physical infrastructure, social development, tourism promotion, industry and production growth, good governance, and service delivery improvements.",D4C,21,very long,Past,Affirmative
COM_D3E_S4_3804,लोप्खाङ फिर्ग्याप मुबा थेन भर्ना ताबारि योग्य बिजाबुमोदा लोप्खाङदोःना दोनालाबा दायित्व तादा सोमलान सरकारला हिन्ना।,विद्यालयबाहिर रहेका र भर्ना हुन योग्य बालबालिकालाई विद्यालयसम्म पुर्‍याउने दायित्व तीनै तहका सरकारको हो।,It is the responsibility of all three levels of government to ensure that out-of-school children who are eligible for enrollment are enrolled in school.,D3E,14,medium,Non-Past,Affirmative
P2_D1A_S0_B1_2512,सानाम्पासे दुक्स्या दाम्बा पसलेला भररि दाम्बा छ्याबदा हुर्सि प्राविधिकला ग्रोइ आन्सार दाम्तोबा सुझाव पिन्जि।,किसानले विषादी छान्दा पसलेको भरमा छान्ने बानीलाई हटाएर प्राविधिकको सल्लाहअनुसार छान्नुपर्ने सुझाव दिए।,Farmers suggested that they should stop relying on the shopkeeper when choosing pesticides and instead choose according to the advice of technicians.,D1A,13,medium,Past,Affirmative
COM_D2H_S1_S2_4630,चुला लागिरि म्रिङ्मा सामुदायिक ल्हुइथाङ स्वयंसेविकाला गोइलोरि मुबा वा ङोसेबास्यो थोःबा तातोबा घेदुङछेनसे उन्पाङ्बा मुला।,यसका लागि महिला सामुदायिक स्वास्थ्य स्वयंसेविकाको पोशाकमा रहेको वा परिचयपत्र बोकेको हुनुपर्ने महासङ्घले जनाएको छ।,"The Federation has stated that for this, women must be in the uniform of a community health volunteer or carry an identity card.",D2H,15,medium,Non-Past,Affirmative
COM_D3E_S1_S2_5014,जोशीपुर गाउँपालिकासे नोन चुनोन दिङग्याम निरन्तर क्योइकादा कडाइला छ्याम लागु लाबा थेन स्यान्दो लोप्डाला लागि ङ्योइबास्यो स्हेङ्बारि चुबा मुला ।,जोशीपुर गाउँपालिकाले पनि यसै वर्षबाट निरन्तर मूल्याङ्कनलाई कडाइका साथ लागू गर्ने र अन्य कक्षाको लागि प्रश्नपत्र निर्माण गर्न थालेको छ।,Joshipur Rural Municipality has also started strictly implementing continuous assessment from this year and preparing question papers for other classes.,D3E,20,long,Non-Past,Affirmative
COM_P2_D3E_S1_1662,सेल रिसर्च जर्नलरि चु अनुसन्धान तेःबा मुला।,सेल रिसर्च जर्नलमा यो अनुसन्धान छापिएको छ।,This research has been published in the journal Cell Research.,D3E,7,short,Non-Past,Affirmative
D4S_S2_7478,चिसाङसे याम्बु पोकोल थेन फिर्ग्यापला पालिकासे गिकनोन मापदण्ड आन्सार रेदाङ्से उपभोग्य बार्बुला चुङ्बा ठाबा लाबा आप्ता लाबा हिन्ना।,बैठकले काठमाण्डौ उपत्यका र बाहिरका पालिकाले एकै मापदण्ड अनुसार दैनिक उपभोग्य सामग्रीको बिक्री वितरण गर्ने निर्णय गरेको हो।,The meeting decided that municipalities in the Kathmandu Valley and outside will sell and distribute daily necessities according to the same standards.,D4C,18,long,Non-Past,Affirmative
COM_P2_D5G_S2_2144,कि ताला पाङ्तोजि कि आता पाङ्तोजि।,कि त हुन्छ भन्नुपर्‍यो कि हुन्न भन्नुपर्‍यो।,You either have to say yes or no.,D5G,7,short,Past,Affirmative
COM_P2_D4C_S1_B1_464,कञ्चनपुररि दर्जन ब्लि प्राकृतिक ग्योइलिङ मुबा याङ्बा मुला।,कञ्चनपुरमा चार दर्जन प्राकृतिक ताल रहेको पाइएको छ।,It has been found that there are four dozen natural lakes in Kanchanpur.,D4C,8,medium,Non-Past,Affirmative
P3_D1A_S0_B1_37,फराकिला च्याद फाँटहेन्से ग्युरू पठारसुत्ताइ सानाम उपजसे प्लिङ्बा मुला।,फराकिलासम्म फाँटदेखि भिराला पठारसमेत कृषि उपजले भरिएका छन्।,"From vast fields to steep plateaus, agricultural produce abounds.",D1A,8,medium,Non-Past,Affirmative
P3_D1A_S0_B1_2931,"भोजपुररि तिम्चोछ्याम सतुवा, तेजपत्ता, लोठथाङसिङ, खिरौले, प्रुमोछ्यामला जडीबुटीला नोन सास्हिङ फेल्बान मुला।","भोजपुरमा चिराइतोसँगै सतुवा, तेजपत्ता, लोठसल्ला, खिरौले, टिमुरलगायत जडीबुटीको पनि खेती विस्तार भइरहेको छ।","Along with Chiraito, the cultivation of herbs including Satuwa, cassia, Lothsalla, Khiraule, Timur and others is also expanding in Bhojpur.",D1A,13,medium,Non-Past,Affirmative
COM_P2_D2H_S2_5011,"स्हुनोनोन वाकवाकी लाग्दिबा, रुइबा, ब्लाप्पा राङ ताबा, थोबो स्वाबा ताबारि खाम्मुला","पीडासँगै वाकवाकी लाग्ने, उल्टी हुने, थकान महसुस हुने, टाउको दुख्ने हुनसक्छ।","The pain may be accompanied by nausea, vomiting, fatigue, and headaches.",D2H,11,medium,Non-Past,Affirmative
COM_D5G_S4_4071,"सामान्यतया आखाम्बा, नाबा, उद्दण्ड वा आज्याबा आचरण ताबा बिजाबुमोदा चुराङ्बा आरोप लाग्तिबा जोखिम ताबा लामुला।    ","सामान्यतया अपाङ्ग, बिरामी, उद्दण्ड वा खराब आचरण भएका बालबालिकालाई यस्ता आरोप लाग्ने जोखिम हुने गर्छ।","Children who are disabled, ill, defiant, or misbehave are generally at risk of such accusations.",D5G,15,medium,Non-Past,Affirmative
D4S_S2_3618,जाँचबुझ आयोगसे सरकारदा प्रतिवेदन बुझाइतिसाइ नोन पुनर्स्थापनाला लागिरि चासो आपिन्नि।,जाँचबुझ आयोगले सरकारलाई प्रतिवेदन बुझाए पनि पुनःस्थापनका लागि चासो दिइएन।,"Although the commission of inquiry submitted its report to the government, no attention was paid to rehabilitation.",D4C,10,medium,Past,Negative
COM_D5G_S3_1652,"तासाइ, फिह्युलकि ह्युलम्हितेन ब्रेल्साङ लासि निबारि ह्युलठिमसे काबा आरेबा।","तर, विदेशी नागरिकसँग बिहे गरेर जान संविधानले रोकेको थिएन।","However, the constitution did not prohibit marriage to a foreign citizen.",D5G,9,medium,Past,Negative
COM_D3E_S1_S2_180,लोप्खेनला बोकिन्बारि म्राङ्बा काक्तादा खाराङ्लासि छिम्बारि खाम्ला ?,विद्यार्थीको संलग्नतामा देखिने समस्यालाई कसरी समाधान गर्न सकिन्छ?,How can the problem of student engagement be solved?,D3E,8,medium,Non-Past,Affirmative
COM_D3E_S1_S2_2994,लोप्खाङ ग्युइसेरदा दानस्हि थेन माध्यमिक लासि ङि तादारि फेबा मुला।,विद्यालय शिक्षालाई आधारभूत र माध्यमिक गरी दुई तहमा विभाजन गरिएको छ।,School education is divided into two levels: basic and secondary.,D3E,11,medium,Non-Past,Affirmative
D4S_S2_2739,पुख्रि म्हासि निसाम खादुइकि तान्बासे रापला स्रुगरि कल्पना लातोसेदा रे खासेदा सुङ्मुला।,सर्प लोप भएमा भावी सन्ततिले कथाका रूपमा कल्पना गर्नुपर्ने दिन आउने बताउनुहुन्छ।,"He says that if snakes become extinct, the day will come when future generations will have to imagine them as stories.",D4C,12,medium,Non-Past,Affirmative
COM_P2_D4C_S1_B1_1990,माइथानल्होङला लाथान बूढीगण्डकी जलविद्युत् आयोजनासे प्रभावित ताबाला मुला।,माइथानबेँसीको मन्दिर बूढीगण्डकी जलविद्युत् आयोजनाले प्रभावित हुने भएको छ।,The temple in Maithanbesi is set to be affected by the Budhigandaki Hydropower Project.,D4C,9,medium,Non-Past,Affirmative
P3_D1A_S0_B2_2115,दापला डिग्यान लासि च्यालाङ ताबा म्हेमुइदा छुट्टोन ग्लारि थान्बारि डा. श्रेष्ठसे मोइजेन लाजि।,खोपको व्यवस्थापन गरी सङ्क्रमण भएका गाईवस्तुलाई छुट्टै स्थानमा राख्न डा. श्रेष्ठले अनुरोध गरे।,Dr. Shrestha requested that the infected cattle be kept in a separate place after administering the vaccine.,D1A,13,medium,Past,Affirmative
COM_P2_D4C_S1_B1_1210,"संखुवासभा, भोजपुर थेन धनकुटामा उत्पादन ताबा स्हेदा ब्रान्डिङ लासि चुङ्बारि खाम्ला।","संखुवासभा, भोजपुर र धनकुटामा उत्पादन हुने वस्तुलाई ब्रान्डिङ गरी बिक्री गर्न सकिन्छ।","Goods produced in Sankhuwasabha, Bhojpur, and Dhankuta can be branded and sold.",D4C,12,medium,Non-Past,Affirmative
COM_D5G_S3_2638,ङ्हाच्छा आखेसे ग्यु गोठे ख्लासि निबा म्हाङरि म्राङ्जि ग्रेन नोक्सान ताला बिमुबा।,पहिले बाजेले भेडा गोठथरी छोडेर गएको सपनामा देखे ठूलो नोक्सान हुन्छ भन्थे।,"Previously, my grandfather used to say that if he saw a sheep leaving the herd in a dream, it would mean a great loss.",D5G,12,medium,Past,Affirmative
D4S_S1_1275,ङ्योलोकला ङ्यान्दि अस्पताल नोन ठप्प मुला।,आन्दोलनका कारण अस्पताल पनि ठप्प छ।,The hospital is also closed due to the protests.,D4C,6,short,Non-Past,Affirmative
COM_P2_D2H_S3_4612,खालाइ–खालाइदा चु काक्ता थेन चोरोङ्बान् स्यान्दो जजा हेन्दे ङाज्याङ काक्ता नोन देखापर्दिबारि खाम्ला।,कसै–कसैलाई यो समस्या र यस्तै अन्य साना देखि ठूला समस्या पनि देखापर्न सक्छ।,Some people may experience this problem and other similar minor to major problems.,D2H,13,medium,Non-Past,Affirmative
COM_P2_D3E_S3_1224,देबाला लागिरि चु लिंकरि म्यानुअल थान्बा मुला।,सजिलोका लागि यो लिङ्कमा म्यानुअल राखिएको छ।,"For your convenience, the manual is included at this link.",D3E,7,short,Non-Past,Affirmative
P4_D1A_S1_B2_625,श्रम थुन्च्या पुनरावलोकनला नुररि सकारात्मक काठुइ ताबा मुला।,श्रम सम्झौता पुनरावलोकनको विषयमा सकारात्मक छलफल भएको छ।,There has been a positive discussion on the issue of labor agreement review.,D1A,8,medium,Non-Past,Affirmative
D1A_S0_B2_2617,मोकोन ताफोले चुङ्जि बिसाम ज्याबा खे ताला।,सबै सयपत्री बिक्री भयो भने त राम्रै नाफा हुन्छ।,"If all the hundred leaves are sold, there will be a good profit.",D1A,9,medium,Non-Past,Affirmative
COM_P2_D2H_S1_7126,"कफी सेवनसे अल्जाइमरस्, पार्तिदा्सन, मानसिक तनाव लगायतला नोइला जोखिम २० हेन्दे ५३ कारग्या दोना च्याङ्ना तामुला","कफी सेवनले अल्जाइमरस्, पार्किन्सन, मानसिक तनावलगायतका रोगको जोखिम २० देखि ५३ प्रतिशतसम्म कम हुन्छ।","Coffee consumption reduces the risk of diseases such as Alzheimer's, Parkinson's, and mental stress by 20 to 53 percent.",D2H,14,medium,Non-Past,Affirmative
COM_D5G_S3_2052,होत्छेम शान्ति राजसे छ्याह्रोला लागिरि याम्बु बिबा आश्वासन पिन्ना।,अनि शान्ति राजले सहयोगका लागि काठमाडौँ भन्ने आश्वासन दिन्छ।,And Shanti Raj assures Kathmandu of his support.,D5G,9,medium,Non-Past,Affirmative
COM_P2_D2H_S2_7674,"मो रेमा वा आवेगरि खामा तिङला धड्कन ल्हेःबारि निमुला, ल्हुइला एड्रेनालिन मिनला तनावजन्य न्हाङ्पा खु ल्हेःमुला।","रिस उठ्दा वा आवेगमा आउँदा मुटुको धड्कन बढ्न जान्छ, शरीरको एड्रेनालिन नामक तनावजन्य आन्तरिक रस बढ्छ।","When you get angry or emotional, your heart rate increases, and the body's stress hormone called adrenaline increases.",D2H,16,long,Non-Past,Affirmative
COM_D3E_S5_2007,एप्पलसे आइफोन १२ चालाबलाबारि देबा लासि जाजा जिबरि ठोङ्से लाबारि वाङ्बा हिन्ना।,एप्पलले आइफोन १२ चलाउन सजिलो हुने गरी सानो आकारमा सार्वजनिक गर्न लागेको हो।,Apple is planning to release the iPhone 12 in a smaller size that will make it easier to use.,D3E,13,medium,Non-Past,Affirmative
D1A_S0_B1_3071,दान्दे सानाम्पासे सानाम ब्लोनखाङसे तिलाइ लाबारि आखाम्नि बिबा धारणा बुबा मुला।,अहिले किसानमा कृषि मन्त्रालयले केहि गर्न सक्दैन भन्ने धारणा पलाएको छ।,"Currently, farmers have the impression that the Ministry of Agriculture cannot do anything.",D1A,11,medium,Non-Past,Affirmative
COM_P3_D3E_S1_12084,निबा दिङ ७५ कार्ग्या जेःरि १० लोप्खाङरि गि/गिक कम्प्युटर उपलब्ध लापुङ्बा मुबा।,गत वर्ष ७५ प्रतिशत अनुदानमा १० विद्यालयमा एक/एकवटा कम्प्युटर उपलब्ध गराएको थियो।,"Last year, one computer was provided to each of 10 schools with a 75 percent grant.",D3E,12,medium,Past,Affirmative
COM_P2_D5G_S2_9420,"सामाजिक रूपान्तरण तामकादे, भाषणला हिसाबसे लामा रेङबा  तामकादे खाबा मुला, तासाइ चुरि बेनानसे गोबा लासि खाबा हिन्साम ज्याबा तासेला।","सामाजिक रूपान्तरण कुराहरू, भाषणका हिसावले लामा लामा कुराहरू आएका छन्, तर यसमा सबैले बुझ्ने गरी आएको भए राम्रो हुन्थ्यो।","There have been long talks on social transformation and speeches, but it would have been better if they had been presented in a way that everyone could understand.",D5G,19,long,Past,Affirmative
COM_P2_D4C_S1_B4_840,ज्याङ ग्यागारह्युलला नाकाकादे थेनोन ब्लेग्याम स्यार निबा मिथककादे नोन मुला।,उत्तर भारतका नागाहरू त्यही भेकबाट पूर्व लागेको मिथकहरू पनि छन्।,There are also myths that the Nagas of North India originated from the same era.,D4C,10,medium,Non-Past,Affirmative
D1A_S0_B2_4743,क्वाबा थेन सिँचाइ च्याङ्ना तासाइ छ्योबा थेन तिरेम सुमालिच्छा सार थेन तिलाइ चिस्यान पिन्बा हिन्ना बिसि छे ल्हेःबा थेसे ग्रानाङ पिन्जि।,गोडमेल र सिँचाइ कम भए पुग्ने र एकपटक रोपेपछि मल र केही चिस्यान दिने हो भने घाँस फष्टाउने उनले जानकारी दिए।,"He informed that less tillage and irrigation would be sufficient, and that once planted, if fertilizer and some moisture were given, the grass would flourish.",D1A,21,very long,Past,Affirmative
D4S_S3_6301,याम्बुलान सोमसुररि कार दुर्घटना तामा म्हेन्दो गिकला ल्हुइ निबा मुला।,काठमाण्डाैकाे तीनकुनेमा कार दुर्घटना हुँदा एक जनाकाे ज्यान गएकाे छ।,"One person has died in a car accident in Tinkune, Kathmandu.",D4C,10,medium,Non-Past,Affirmative
P3_D1A_S0_B1_3196,"डिजिटल प्लेटफर्म दैलो सानामसे सानाम्पादा प्रत्यक्ष उपभोक्ता छ्याम थुइसि सुरक्षित, ताजा थेन मौलिक उत्पादन दिमदिमरि दोनालाबान खाबा मुला। ","डिजिटल प्लेटफर्म दैलो कृषिले किसानलाई प्रत्यक्ष उपभोक्तासँग जोडेर सुरक्षित, ताजा र मौलिक उत्पादन घरघरमा पुर्‍याउँदै आएको छ।","The digital platform Dailo Krishi has been connecting farmers directly with consumers, delivering safe, fresh, and original products to their doorsteps.",D1A,17,long,Non-Past,Affirmative
D4S_S3_817,ज्याबा परिश्रम लासाम दिमरिन टाङ्गा छाबारि खाम्ला।,राम्रो परिश्रम गरे घरमै पैसा कमाउन सकिन्छ।,"If you work hard, you can earn money at home.",D4C,7,short,Non-Past,Affirmative
P2_D1A_S0_B1_906,चु बिल्कुलनोन सम्भव मुबा सानाम वैज्ञानिक डा. कृष्ण घिमिरेसे पाङ्मुला।,यो बिल्कुलै सम्भव रहेको कृषि वैज्ञानिक डा. कृष्ण घिमिरे बताउँछन्।,Agricultural scientist Dr. Krishna Ghimire says this is absolutely possible.,D1A,10,medium,Non-Past,Affirmative
D4S_S2_2162,तस्करसे ग्यान्छा स्होसि मार बाबारि तिःबालिच्छा प्रहरीसे सूक्ष्म निगरानी ल्हेःनालाबा हिन्ना।,तस्करले गहना बनाई सुन ल्याउन थालेपछि प्रहरीले सूक्ष्म निगरानी बढाएको हो।,The police have increased close surveillance after smugglers started bringing gold in the form of jewelry.,D4C,11,medium,Non-Past,Affirmative
COM_P3_D3E_S3_15073,विराटनगररि गेन्दुनगत लोप्खाङला लोप्बोन ङ्योलोक ताबा मुला।,विराटनगरमा संस्थागत विद्यालयका शिक्षक आन्दोलित भएका छन्।,Teachers of institutional schools in Biratnagar have gone on strike.,D3E,7,short,Non-Past,Affirmative
COM_D2H_S1_S2_1194,इटालीरि भ्याक्सिन आरोप्पाकादेदा रेष्टुरेण्ट वाङ्बारि पिन्बा आरेबा।,इटालीमा भ्याक्सिन नलगाएकाहरूलाई रेष्टुरेण्ट प्रवेश गर्न दिइएको थिएन।,"In Italy, unvaccinated people were not allowed to enter restaurants.",D2H,8,medium,Past,Negative
COM_P2_D3E_S3_64,फाइभजीदा ल्होलो-ल्होलो प्रविधिला सङ्गम नोन बिमुला।,फाइभजीलाई अलग–अलग प्रविधिको सङ्गम पनि भनिन्छ।,5G is also called a confluence of different technologies.,D3E,6,short,Non-Past,Affirmative
COM_P2_D2H_S1_9090,गर्भावस्थारि आमाला फोरि कोलाला न्हाङरि प्वाल मुबा था याङ्बाछ्याम थे नाछालरि आमा थेन कोलाला ख्याल लाबारि खाम्ला।,गर्भावस्थामा आमाको पेटभित्र बच्चाको आन्द्रामा प्वाल रहेको थाहा हुनासाथ त्यस अवस्थामा आमा र बच्चाको ख्याल गर्न सकिन्छ।,"As soon as it is discovered that the baby has a hole in the mother's intestines during pregnancy, care can be taken for the mother and baby.",D2H,17,long,Non-Past,Affirmative
COM_P3_D3E_S3_8986,चु परियोजनान्हाङ्ला लोप्खेनसे टुङ्रा सास्हिङ चुःबाला मुला।,यो परियोजनाअन्तर्गत विद्यार्थीले अदुवा खेतीको सुरुआत गरेका छन्।,"Under this project, students have started ginger farming.",D3E,8,medium,Non-Past,Affirmative
COM_P2_D3E_S3_4491,सायद चु निरन्तरला अनुसन्धान थेन परिश्रमलान नतिजा हिन्ना बिबा म्हान्मुला।,सायद यो निरन्तरको अनुसन्धान र परिश्रमकै नतिजा हो भन्ने लाग्छ।,Perhaps this is the result of continuous research and hard work.,D3E,10,medium,Non-Past,Affirmative
D1A_S0_B1_2115,थे अनुसन्धान केन्द्ररि म्हेन्दो गिक ग्रेन्पो थेन गेदिम ह्रोलाबा जेन मुला।,ती अनुसन्धान केन्द्रमा एक जना प्रमुख र कार्यालय सहयोगीमात्रै छन्।,There is only one head and an office assistant at that research center.,D1A,10,medium,Non-Past,Affirmative
COM_D2H_S1_S2_745,काङरि प्राकृतिक छ्युगुला प्रयोग लातोमुला।,खुुट्टामा प्राकृतिक तेलको प्रयोग गर्नुपर्छ।,Natural oils should be used on the feet.,D2H,5,short,Non-Past,Affirmative
P3_D1A_S0_B3_1351,स्याउ सास्हिङव्हाना सानाम्पासे चासो म्राङ्बालिच्छा ग्युइ उइसे चु दिङ ग्यार्जा २५ ल्हाःना पोवा ठाबा लाबा मुला।,स्याउ खेतीप्रति किसानले चासो देखाएपछि ज्ञान केन्द्रले यस वर्ष २५ सय बढी बिरुवा वितरण गरेको छ।,The Knowledge Center has distributed more than 25 hundred seedlings this year after farmers showed interest in apple farming.,D1A,16,long,Non-Past,Affirmative
COM_D3E_S1_S2_539,ग्याल्साला ग्रेन धनराशि नोन चुरिन काम्रा ताचिबा मुला।,राज्यको ठूलो धनराशि पनि यसैमा खर्च भइरहेको छ।,A large amount of state money is also being spent on this.,D3E,8,medium,Non-Past,Affirmative
COM_P2_D4C_S1_B2_3499,कोभिड ह्याम चुःबालिच्छा चुङ्बा गेरिमरि धक्का ताबा हिन्ना।,कोभिड महामारी सुरु भएपछि बिक्री प्रक्रियामा धक्का लागेको हो।,The sales process has been hit hard since the start of the COVID pandemic.,D4C,9,medium,Non-Past,Affirmative
COM_D5G_S1_S2_4221,"निसानारि खाइह्रिबाि छापामार तामुबा, ल्हाना ह्राङ्बा निहत्था नाम्साबा अनाहकरि सिमुबा।","निसानामा कहिलेकाहीँ छापामार पर्थे, धेरैजसो निहत्था गाउँले अनाहकमा मर्थे।","Sometimes guerrillas were targeted, and many unarmed villagers died needlessly.",D5G,9,medium,Past,Affirmative
COM_D3E_S4_702,खेन्पोजुगु एआईला फेल्गेबादा किन्सि चिन्तित ताबान निबा मुला।,विज्ञहरू एआईको विकासलाई लिएर चिन्तित बन्दै गएका छन्।,Experts are increasingly concerned about the development of AI.,D3E,8,medium,Non-Past,Affirmative
COM_D5G_S3_1446,ङा थेग्याम सोझोन टेकु अस्पताल निजि।,म त्यहाँबाट सिधै टेकु अस्पताल गएँ।,"From there, I went straight to Teku Hospital.",D5G,6,short,Past,Affirmative
COM_P2_D5G_S1_6030,"ङा थेन नाम्साला नानाबुरिङ, चाङकादे आरा थेन ग्वारे थोसि सलहेस म्हेन्दोव्हारिरि टाक्सा किन्बारि थोन्मुबा।","म र गाउँका दिदीबहिनी, भाउजूहरू आरी र खुर्पा लिएर सलहेस फूलबारीमा कमेरो लिन निस्किन्थ्यौँ।","My sisters and brothers-in-law from the village, along with me, would go out to the Salahes flower garden with a saw and a spade to pick flowers.",D5G,14,medium,Past,Affirmative
COM_D5G_S3_104,ब्रामोकादेसे नोन ङ्योइबा लाजि।,केटीहरूले नै प्रश्न गरे।,The girls themselves asked the question.,D5G,4,short,Past,Affirmative
COM_D4C_S1_S2_3247,बर्दिया ह्युल्साङ निकुञ्जरि न्हाङ्पा ओसेम फिपा ह्युलकोर्पाला चहलपहल ल्हे:बारि ति:बाला मुला।,बर्दिया राष्ट्रिय निकुञ्जमा आन्तरिक तथा बाह्य पर्यटकको चहलपहल बढ्न थालेको छ।,The number of domestic and foreign tourists visiting Bardiya National Park has started to increase.,D4C,11,medium,Non-Past,Affirmative
D4S_S2_8051,चु दिङला शिवरात्रीरि बुम ८ हेन्से १० भक्तजनसे पशुपतिनाथ ज्याल्बा पशुपति थुम फेल्गेबा जोतला प्रवक्ता रेवतीरमण अधिकारीसे पाङ्जि।,यस वर्षको शिवरात्रीमा ८ देखि १० लाख भक्तजन पशुपतिनाथको दर्शन गरेको पशुपति क्षेत्र विकास कोषका प्रवक्ता रेवतीरमण अधिकारीले बताए।,"Rewatiraman Adhikari, spokesperson for the Pashupati Area Development Trust, said that between 8 and 10 lakh devotees visited Pashupatinath during this year's Shivaratri.",D4C,19,long,Past,Affirmative
COM_P2_D5G_S2_8478,सम्भवतः जाजा-जाजा तामरि खुसी तासेला स्वभावला लागिरि थे मनोचेतरि चु ताम असामान्य नोन मुबा।,सम्भवतः साना-साना कुरामा खुसी हुने स्वभावका लागि त्यो मनोचेतमा यो कुरा असामान्य नै थियो।,"Perhaps this was unusual in that mind, for one who was naturally happy with small things.",D5G,14,medium,Past,Affirmative
D4S_S2_5089,याम्बुला अनामनगररि मुबा अक्सिडेन्टल पब्लिक लोप्खाङरि सुङरे ङिछा लासोमकि परीक्षा चलप ताचिबा मुबा।,काठमाडौँको अनामनगरस्थित अक्सिडेन्टल पब्लिक स्कुलमा शुक्रबार दोस्रो त्रैमासिक परिक्षा चलिरहेको थियो।,"The second trimester exams were underway on Friday at Occidental Public School in Anamnagar, Kathmandu.",D4C,11,medium,Past,Affirmative
P3_D1A_S0_B1_4010,ङानिसे म्होइजेन लाबा प्रस्ताव बमोजिम निर्धारित दुइरि गेरिम क्योङ लासि खाबा  मुसजिलो सानाम्पाजुगुदा जेः पिन्बा लाबा मुला।,हामीले आह्वान गरेको प्रस्ताव बमोजिम निर्धारित समयमा प्रक्रिया पूरा गरेका आएका सम्पूर्ण कृषकहरूलाई अनुदान उपलब्ध गराएका छौँ।,We have provided subsidies to all farmers who completed the process within the stipulated time as per the proposal we called for.,D1A,17,long,Non-Past,Affirmative
COM_D3E_S1_S2_3293,ग्याल्सा स्याङ्बा ओसेम ख्युरछ्याला लागि शस्त्रकला थेन युद्धकलासम्बन्धी ग्युइ किन्बा याङ्ला।,राज्य सञ्चालन तथा संरक्षणका लागि शस्त्रकला र युद्धकलासम्बन्धी ज्ञान लिएको पाइन्छ।,It is found that knowledge of weaponry and warfare was acquired for the purpose of running and protecting the state.,D3E,11,medium,Non-Past,Affirmative
COM_P2_D3E_S3_2239,चु घडी कम्प्युटर वैज्ञानिक ओसेम आविष्कारक ड्यानी हिलिससे डिजाइन लासिचिबा मुला।,यो घडी कम्प्युटर वैज्ञानिक एवं आविष्कारक ड्यानी हिलिसले डिजाइन गरिरहेका छन्।,This watch is being designed by computer scientist and inventor Danny Hillis.,D3E,11,medium,Non-Past,Affirmative
COM_P2_D4C_S1_B2_489,छोनीन आतिसबाजीला प्रदर्शन गिक्छा रेम जापानरि लाबा मुबा।,रङ्गीन आतिसबाजीको प्रदर्शन पहिलो पटक जापानमा गरिएको थियो।,The colorful fireworks display was first performed in Japan.,D4C,8,medium,Past,Affirmative
COM_P2_D2H_S1_8649,शिक्षा तेन ल्हुइथाङ निःशुल्क स्याप्पारिे नाछाल सिर्जना लाबारिखाम्जि बिसाम दुइरि ल्हाना जनसाङ्ज्यादा गरिबीला रेखादिग्याम फिरि उकास्दिबारि खाम्ला।,शिक्षा र स्वास्थ्य निःशुल्क पाउने अवस्था सिर्जना गर्न सकियो भने छोटो समयमा धेरै जनसङ्ख्यालाई गरिबीको रेखामुनिबाट माथि उकास्न सकिन्छ।,"If we can create a situation where education and healthcare are free, a large number of people can be lifted out of poverty in a short period of time.",D2H,19,long,Non-Past,Affirmative
D1A_S0_B1_3213,तासाइ सुन रोना लाबारि बम्जन म्रिङरेम्बोसे ङेङ्गोरला ह्रो याङ्बान मुला।,तर धान फलाउन बम्जन दम्पतीले छरछिमेकीको साथ पाइरहेका छन्।,But the Bamjan couple are getting help from their neighbors to grow rice.,D1A,9,medium,Non-Past,Affirmative
D1A_S0_B1_1012,नाम्दुङे मेला खाह्राङलासि चुःजि बिबा नुररि ल्हानान पाङ्बाजुगु मुला।,चैतली मेला कसरी सुरुआत भयो भन्ने विषयमा थुपै्र भनाइहरू छन्।,There are many stories about how the Chaitali Mela began.,D1A,10,medium,Non-Past,Affirmative
COM_P2_D5G_S2_3000,"जुन दार्जाङ कोङ्बा, ह्राङ ओर्सेन ह्याेर्ताजि ।","जुन झन्डा बलियो, आफू उतै ढल्कियो।","The flag that is strong, I fell there.",D5G,6,short,Past,Affirmative
COM_D4C_S1_S2_4622,ह्युलला स्यान ज्योइग्याम सडकला ङ्यान्दि विस्थापित ताजिबा दुइरि धौलागिरि चक्रीय ज्योइग्याम सडकसे थारेङ मुबा थेन तटीय थुमहेन्से ज्योमोगाङ थुमला साहसिक ल्हामला लागिरि महत्वपूर्ण दोखाङ दोःबारि खाम्ला।,देशका अन्य पदमार्ग सडकका कारण विस्थापित भइरहेका बेला धौलागिरि चक्रीय पदमार्ग सडकबाट टाढा रहेको र तटीय क्षेत्रदेखि हिमाली क्षेत्रको साहसिक यात्राका लागि महत्वपूर्ण गन्तव्य बन्न सक्छ।,"While other trekking routes in the country are being displaced by roads, the Dhaulagiri Cycle Trail is off the beaten track and could become an important destination for adventure travelers from coastal regions to the Himalayan region.",D4C,26,very long,Non-Past,Affirmative
COM_P2_D5G_S4_2464,थेला प्रस्तुतिसे स्टेडियमरि दर्शकदा मोहित तानालाजि।,उनको प्रस्तुतिले स्टेडियममा दर्शकलाई मोहित बनायो।,His performance captivated the audience in the stadium.,D5G,6,short,Past,Affirmative
COM_D2H_S1_S2_5993,अनुसन्धानकर्ताकादेसे तिगा स्याप्चि बिसाम पार्टनरला फोटो च्यामा म्हिदा चर्को स्हेरला अनुभव १२ कार्ग्यादोःना च्याङ्जि बिसाम याङ्बा स्हेरला अनुभव ४५ कार्ग्या च्याङ्ना ताजि।,अनुसन्धानकर्ताहरूले के पाए भने पार्टनरको फोटो हेर्दा मानिसलाई चर्को पीडाको अनुभव १२ प्रतिशतसम्म कम भयो भने हलुका पीडाको अनुभव ४५ प्रतिशत कम भयो।,Researchers found that looking at a photo of a partner reduced people's experience of intense pain by up to 12 percent and reduced their experience of mild pain by 45 percent.,D2H,23,very long,Past,Affirmative
P3_D1A_S0_B1_1426,नगरपालिकासे नश्ल थिग्युन गेताङलदा नगरन्हाङरि अभियानला स्रुगरि ङाच्छा बोर्बा ताबा मुला।,नगरपालिकाले नश्ल सुधार कार्यक्रमलाई नगरभित्र अभियानका रूपमा अघि बढाउने भएको छ।,The municipality is planning to advance the racial reform program as a campaign within the city.,D1A,11,medium,Non-Past,Affirmative
COM_P2_D2H_S1_5381,अस्पतालरि अक्सिजनला हाहाकार थेन चुनोन ङ्यान्दिसे कादेह्राङ्बा अस्पतालकादेसे नाबा भर्ना लाबारि सुत्ताइ अस्वीकार लाबा मुबा।,अस्पतालमा अक्सिजनको हाहाकार र यही कारणले कतिपय अस्पतालहरूले बिरामी भर्ना गर्न समेत अस्वीकार गरेका थिए।,"There was a shortage of oxygen in hospitals, and some hospitals even refused to admit patients because of this.",D2H,15,medium,Past,Affirmative
D1A_S0_B2_319,प्रदेश सरकारसे सानामला लागिरि झान गे लातोबा हिन्ना।,प्रदेश सरकारले कृषिका लागि झन् काम गर्नुपर्ने हो।,The provincial government needs to do more for agriculture.,D1A,8,medium,Non-Past,Affirmative
COM_D5G_S4_1704,काइपा दोःबा सङ्घर्षला ल्हानान जंघार थाबा मि मुनाेा मुबा।,गायक बन्न सङ्घर्षका धेरै जंघार तर्नु त छँदै थियो।,I had to overcome many obstacles to become a singer.,D5G,9,medium,Past,Affirmative
P2_D1A_S0_B1_2933,सुङरे सोम हाटबजाररि कुभिन्डो बोर्बा थेदा व्यक्तिगत स्रुगरि अर्डर खाबारि वाङ्जि।,तीन शनिबार हाटबजारमा कुभिन्डो लैजाँदा उनलाई व्यक्तिगत रूपमै अर्डर आउन थाल्यो।,"When he took Kuvindo to the market on three Saturdays, he started receiving orders in person.",D1A,11,medium,Past,Affirmative
COM_D5G_S4_4204,"तिसाग्याम रेबा बाङ लाबान थेसे पाङ्जि, थेराङ हिन्साम लोतु आकिनो ङा पाखम्राङ म्होकोन ख्वाला।","ओछ्यानबाट उठ्ने कोसिस गर्दै उनले भनिन्, त्यसो भए चिन्ता नलिनु म पाखोबारी सबै खन्छु।","Trying to get out of bed, she said, ""Then don't worry, I'll dig up the entire garden.""",D5G,14,medium,Non-Past,Affirmative
COM_P2_D2H_S5_4330,थे मध्ये नेपाल सरकारला तीन सय ९८ चिकित्सक ओसेम कर्मचारी मुला।,तीमध्ये नेपाल सरकारका तीन सय ९८ चिकित्सक तथा कर्मचारी छन्।,"Among them, three hundred 98 are doctors and employees of the Government of Nepal.",D2H,10,medium,Non-Past,Affirmative
D4S_S3_3107,ह्रोसे क्योन्बाला लागिरि सदरमुकाम चैनपुर निबा म्होइजेन लास्ह्युबा मुला।,उहाँले उपचारको लागि सदरमुकाम चैनपुर जान आग्रह गर्नुभएको छ।,"He has requested to go to the district headquarters, Chainpur, for treatment.",D4C,9,medium,Non-Past,Affirmative
P2_D1A_S0_B1_3085,चु प्रजातिला बुलुङसे गिक रेरि ह्राङला वजनबिमा ल्हाना कान चामुला।,यो प्रजातिको किराले एक दिनमा आफ्नो वजनभन्दा धेरै खाना खान्छ।,This species of insect eats more than its own weight in food in a day.,D1A,10,medium,Non-Past,Affirmative
COM_D5G_S3_129,कादे जाती तासेला मुबा ङा न्हानोन आन्हाबा हिन्साम।,कति जाती हुने थियो म जन्मिँदै नजन्मिएको भए।,How many castes would I have had if I had not been born?,D5G,8,medium,Past,Affirmative
COM_D3E_S5_3692,चुसे लामा थेग्याम थोन्बा काइला ङ्यान्दि फोनरि ताबारि खाम्सेला काक्ता छिम्बा तामुला।,यसले गर्दा त्यहाँबाट निस्किने आवाजका कारण फोनमा हुनसक्ने समस्या समाधान हुन्छ।,This solves any problems that may occur with the phone due to the sound coming from there.,D3E,11,medium,Non-Past,Affirmative
COM_P2_D5G_S1_7861,"स्वीकाराब लानोन तोला, अज ल्हानान परम्परा, रिमठिम थेन पारछेपला आङ्सिकादे चुरि समेटब लाबा बेबा आरे।","स्वीकार्नैपर्दछ, अझै कैयौं परम्परा, संस्कृति र प्रचलनका तस्बिरहरू यहाँ समेट्न सकिएको छैन।","It must be admitted that there are still many traditions, cultures, and customs that cannot be captured here.",D5G,12,medium,Non-Past,Negative
COM_P2_D2H_S5_6648,"ह्राङ्लान स्वामित्वरि अस्पताल फार्मेसी स्याङ्बा आताबा स्याप्साम ठिमआन्सार तोःबा कारबाही ङाच्छा दाङ्सेला मुला, परिपत्ररि पाङ्बा मुला।","आफ्नै स्वामित्वमा अस्पताल फार्मेसी सञ्चालन नभएको पाइएमा कानूनबमोजिम आवश्यक कारबाही अघि बढाइनेछ, परिपत्रमा भनिएको छ।","The circular states that if a hospital pharmacy is found not to be operating under its own ownership, necessary action will be taken in accordance with the law.",D2H,15,medium,Non-Past,Affirmative
COM_D3E_S5_2191,गुगलसे चुला लागिरि नेस्ट हेलो बाबा कापाङ लाबा मुला।,गुगलले यसका लागि नेस्ट हेलो ल्याएको घोषणा गरेको छ।,Google has announced the launch of Nest Hello for this.,D3E,9,medium,Non-Past,Affirmative
COM_P2_D5G_S1_1520,आकुला डेरा नक्सालदोःना निबा ग्याम ङोसेबारि गाह्रो ताजि।,काकाको डेरा नक्सालसम्म जाने बाटो पहिल्याउन गाह्रो भयो।,"It was difficult to find the way to my uncle's camp, Naxal.",D5G,8,medium,Past,Affirmative
COM_P2_D5G_S1_5148,युभाल नोहा हरारीला गोरसोम छ्योइसे पिन्बा सन्देशरि ह्याङ्ला ह्राङ्लान गोबा मुबा।,युभाल नोहा हरारीका तीन किताबले दिने सन्देशमा हाम्रो आफ्नै बुझाइ थियो।,We had our own understanding of the message conveyed by Yuval Noah Harari's three books.,D5G,11,medium,Past,Affirmative
COM_P2_D5G_S3_9482,"ङादा दान्दे डान्बा आरे, ङा क्राबान मुबा वा आरेबा तासाइ ङा न्हाङरि मिख्लिला, बोमोला, स्हेरला सागर ब्योङ्बान मुबा।","मलाई अहिले सम्झना छैन, म रोइरहेकी थिएँ वा थिइन तर मभित्र आँसुको, क्रोधको, पीडाको सागर उर्लिरहेको थियो।","I don't remember now whether I was crying or not, but an ocean of tears, anger, and pain was boiling inside me.",D5G,17,long,Past,Affirmative
P3_D5G_S1_B2_686,धनगढीरि छेप्पा पर्याप्त ताबा लामुला।,धनगढीमा गर्मी पर्याप्त हुने गर्दछ।,The heat in Dhangadhi is quite intense.,D5G,5,short,Non-Past,Affirmative
D4S_S2_389,बसपार्क डिछ्याबा आतामा दिङहेन्सेला काक्ता यथावत मुला।,बसपार्क व्यवस्थित नहुँदा वर्षैदेखिको समस्या यथावत छ।,The problem of the bus park not being well-maintained remains the same for years.,D4C,7,short,Non-Past,Affirmative
COM_P2_D3E_S1_441,ग्युइसेररि पालिकासे लगानी आलानि बिसाम तिगा ताला ?,शिक्षामा पालिकाले लगानी गरेनन् भने के हुन्छ?,What happens if the municipality does not invest in education?,D3E,7,short,Non-Past,Affirmative
COM_P2_D3E_S2_655,थेनोन आन्सारला लोप्बोन नियुक्त लाजि।,सोहीअनुसारका शिक्षक नियुक्ति गरियो।,Teachers were appointed accordingly.,D3E,4,short,Past,Affirmative
COM_P2_D2H_S3_8116,आइसोलेसन तयार मुला तासाइ अक्सिजन खरिद प्रक्रियारि  निबा तासाइनोन् आयाङ्बा ग्रेन प्रशासकीय अधिकृत तिलक विकसे पाङ्जि।,आइसोलेसन तयार छन् तर अक्सिजन खरिद प्रक्रियामा गएको भए पनि नपाएको प्रमुख प्रशासकीय अधिकृत तिलक विकले बताए।,"Chief Administrative Officer Tilak BK said that isolation facilities are ready, but oxygen has not been procured even though the process has been initiated.",D2H,17,long,Past,Affirmative
D4S_S2_5705,थेसे दिनिरे डोलेश्वर लाथान प्रांगणरि आयोजित ठोङ्सेङ गेताङदा पानसरि दीप प्रज्वल लासि ठोङ्सेङ लाबा हिन्ना।,उनले आइतबार डोलेश्वर मन्दिर प्रांगणमा आयोजित उद्घाटन कार्यक्रमलाई पानसमा दीप प्रज्वलन गरी उद्घाटन गरेका हुन्।,He inaugurated the inaugural program organized at the Doleshwar Temple premises on Sunday by lighting a lamp.,D4C,15,medium,Non-Past,Affirmative
D1A_S0_B2_2220,तासाइ चुदा ल्हेना लासि म्हेन्दो डु स्होतोबा सानाम्पाला ह्रिबा मुला।,तर यसलाई बढाएर ६ जना बनाइनुपर्ने किसानको माग छ।,But farmers are demanding that this number be increased to six.,D1A,9,medium,Non-Past,Affirmative
COM_P2_D4C_S1_B1_1382,कञ्चनपुरला गोर कुः स्थानीय तादारि छाउगोठे फुप्पाला लागिरि विशेष अभियान स्याङ्सेदा ताबा मुला।,कञ्चनपुरका नौवटै स्थानीय तहमा छाउगोठ भत्काउनका लागि विशेष अभियान सञ्चालन हुने भएको छ।,A special campaign is to be launched to demolish Chhaugoths in all nine local levels of Kanchanpur.,D4C,13,medium,Non-Past,Affirmative
COM_D5G_S3_1394,एयरलाइन्सला थेरिला ग्रेन्पो ल्हानान ज्याबा म्हि मुबा।,एयरलाइन्सको त्यहाँको प्रमुख साह्रै राम्रो मान्छे छ।,The head of the airline there is a very nice person.,D5G,7,short,Non-Past,Affirmative
COM_D5G_S4_4298,ह्युलम्हिला सेमरि राजलाबारि खाम्जि बिसाम चुला आनन्द खाराङ्बा ताला बिसि तिल्दा अनुभूत लाबारि आखाम बिबा म्हान्मुला।,जनताको मनमा राज गर्न सक्यो भने त्यसको आनन्द कस्तो हुन्छ भनेर किन अनुभूत गर्न सक्दैनन् भन्ने लाग्छ।,I wonder why people can't experience the joy of being able to rule the hearts of others.,D5G,17,long,Non-Past,Affirmative
COM_D4C_S1_S2_5902,"चुदुइ रेदाङ्से ग्यार्जा ङा ग्यानाकह्युलकि ह्युलकोर्पा सौराहा कोर्बारि खाबाला मुला, ग्यागारह्युलकि थेन युरोपला ह्युलग्याम खाबा ह्युलकोर्पाला साङ्ज्या नोन ओत्तेन मुला, ला सोमचोसो ग्यानाकह्युलकि ह्युलकोर्पाला साङ्ज्या उल्लेख्य मुबा पाङ्जि।  ","यतिबेला दैनिक पाँच सय चिनियाँ पर्यटक सौराहा घुम्न आएका छन्, भारतीय र युरोपका देशबाट आउने पर्यटकको सङ्ख्या पनि उत्तिकै छ, तीन महिनायता चिनियाँ पर्यटकको सङ्ख्या उल्लेख्य रहेको बताए।","Currently, five hundred Chinese tourists are visiting Sauraha every day, and the number of tourists from Indian and European countries is also similar. He said that the number of Chinese tourists has been significant for the past three months.",D4C,28,very long,Past,Affirmative
D1A_S0_B1_4643,दान्देला क्युइसे सुनदा नोक्सान लाबा नेपाल सानाम अनुसन्धान सेङ्जाङ नाङला राष्ट्रिय आनुवांशिक स्रोत केन्द्र (जीन ब्याङ्क)ला ग्रेन्पो सुनखेन्पो बालकृष्ण जोशी पाङ्मुला।,अहिलेको पानीले धानलाई नोक्सान गर्ने नेपाल कृषि अनुसन्धान परिषद् अन्तर्गतको राष्ट्रिय आनुवांशिक स्रोत केन्द्र (जीन ब्याङ्क)का प्रमुख धानविद् बालकृष्ण जोशी बताउँछन्।,"Dr. Bal Krishna Joshi, chief rice scientist at the National Genetic Resources Center (Gene Bank) under the Nepal Agricultural Research Council, says that the current rain will damage the rice crop.",D1A,21,very long,Non-Past,Affirmative
COM_D5G_S3_1842,"चुफिरि विश्वासला मत किन्बा ग्ला खानाङ हिन्ना, था मुला ?","यस बारे विश्वासको मत लिने ठाउँ कहाँ हो, थाहा छ?",Do you know where the vote of confidence is?,D5G,10,medium,Non-Past,Affirmative
COM_P2_D3E_S1_3925,थेरि दिङ ओसेम अनुभवदा नोन प्राथमिकता पिन्तोबा थेनिकादेला जिकिर मुला।,त्यसमा उमेर तथा अनुभवलाई पनि प्राथमिकता दिनुपर्ने उनीहरूको जिकिर छ।,They argue that age and experience should also be given priority.,D3E,10,medium,Non-Past,Affirmative
COM_D4C_S1_S2_5560,चुङाच्छा रेदाङ्से छ्योआछ्यो तोङ्जा गिक न्हाङ्पा ओसेम फिपा ह्युलकोर्पा खाबा लामा लिच्छाला न्हि रेचुसो आगन्तुकला साङ्ज्या ल्हे:सि रेदाङ्से तोङ्जा न्हि दोबा थेसे ग्रानाङ पिन्जि।,यसअघि दैनिक करिब एक हजार आन्तरिक तथा बाह्य पर्यटक आउने गरेकामा पछिल्लो दुई दिनयता आगन्तुकको सङ्ख्या बढेर दैनिक दुई हजार पुगेको उनले जानकारी दिए।,"He informed that earlier, around one thousand domestic and foreign tourists used to visit daily, but in the last two days, the number of visitors has increased to two thousand daily.",D4C,24,very long,Past,Affirmative
COM_D4C_S1_S2_7007,चु साप्तोरि बोकिन्बा ह्युलकोर्पाकादेदा ग्रेन थेन कोङ्बा रबर ट्यूबरि चिसि गान्दिला प्राकृतिक बहावछ्यामरि छु:बालाबा दुइसाङ डिक्पा रिभर ट्युबिङ नेपालला फाउण्डर यमन माझीसे पाङ्जि।,यो सेवामा सहभागी पर्यटकहरूलाई ठूला र बलिया रबर ट्यूबमा बसेर नदीको प्राकृतिक बहावसँगै रमाइलो गर्ने अवसर मिल्ने रिभर ट्युबिङ नेपालका फाउण्डर यमन माझीले बताए।,"Yaman Majhi, founder of River Tubing Nepal, said that tourists participating in this service will have the opportunity to enjoy the natural flow of the river while sitting in large and strong rubber tubes.",D4C,24,very long,Past,Affirmative
COM_P3_D3E_S1_12354,"जोङला जैमिनी नगरपालिकारि गोरगिक वडारि गोरगिक माध्यमिक लोप्खाङ, गोरगिक अक्षयकोष अभियान चु:बा मुला।","जिल्लाको जैमिनी नगरपालिकामा एक वडामा एक माध्यमिक विद्यालय, एक अक्षयकोष अभियान सुरु भएको छ।","A campaign of one secondary school, one endowment fund has been launched in Jaimini Municipality of the district.",D3E,14,medium,Non-Past,Affirmative
COM_P2_D3E_S2_2340,दुना–टपरी स्होबा तालिम थेन चुला महिमाफिरि याङ्बा ग्रानाङसे ह्राङजुगु उत्साहित स्होबा लोप्खेनजुगु पाङ्मुला।,दुना–टपरी बनाउने तालिम र यसको महिमाबारे पाएको जानकारीले आफूहरू उत्साहित बनाएको विद्यार्थीहरू बताउँछन्।,The students say that the training in making duna-tapari and the information they received about its glory have made them excited.,D3E,13,medium,Non-Past,Affirmative
COM_D2H_S1_S2_2310,योःनासे ग्यासाकरण थेन ल्हेःचिबा जनसङ्ख्याछ्याम अस्पतालसे फिच्चा तिख्याङरि साप्तो पिन्बा नाछाल आरे।,तीव्र सहरीकरण र बढ्दो जनसङ्ख्यासँगै अस्पतालले उक्त शय्यामा सेवा दिने अवस्था छैन।,"With rapid urbanization and a growing population, the hospital is unable to provide services in those beds.",D2H,12,medium,Non-Past,Negative
D1A_S0_B3_663,ङ्हाउ ङा दिङङाच्छा इजरायलग्याम दोःसि थेसे बिघा ३० सारि मोजेला छोङनामकि सास्हिङ लाबान खाबा मुला।,विगत पाँच वर्षअघि इजरायलबाट फर्केर उनले ३० बिघा जमिनमा केराको व्यावसायिक खेती गर्दैै आएका छन्।,"Since returning from Israel five years ago, he has been commercially cultivating bananas on 30 bighas of land.",D1A,15,medium,Non-Past,Affirmative
COM_D5G_S1_S2_1041,तिगा ङाला न्हाङ्गारला रे न्होङ्बा ताजि ?,के मेरो भविष्य बर्बाद भयो?,Is my future ruined?,D5G,5,short,Past,Affirmative
COM_P2_D5G_S1_7323,२०१६ दिङरि कलेज वाङ्मा थे अखिल ङाछारि मुबा तासाइ थेङाच्छा ग्यालठिमफिरि थेदा तिलाइ ग्युइ आरेबा।,२०१६ सालमा कलेज छिर्दा उनी अखिल पाँचौँमा थिए तर त्यसअघि राजनीतिबारे उनलाई केही ज्ञान थिएन।,"When he entered college in 2016, he was in the fifth grade overall, but before that, he had no knowledge of politics.",D5G,15,medium,Past,Negative
D4S_S1_7286,सरकारसे खिम्जे ह्युल ग्यागारह्युलला छाम डुङ्बा ङाच्छा ग्यागारह्युलग्याम ग्यार्जाछा साङ्ज्यारि खाबा म्हि गम्भीर आतामा काक्ता ताबा हिन्ना।,सरकारले छिमेकी मुलुक भारतको सीमा बन्द गर्नु अघि भारतबाट सयौंको सङ्ख्यामा भित्रिएका मानिस गम्भीर नहुँदा समस्या भएको हो।,The problem arose because hundreds of people who entered from India before the government closed the border with neighboring India were not taken seriously.,D4C,18,long,Non-Past,Affirmative
D4S_S1_4741,ट्रयाक्टर दुर्घटनारि सिबा पर्साला पर्सागढी नगरपालिकारि ट्रयाक्टर दुर्घटनारि तासि गिक खेप्पाला ल्हुइ निबा मुला।,ट्रयाक्टर दुर्घटनामा मृत्युपर्साको पर्सागढी नगरपालिकामा ट्रयाक्टर दुर्घटनामा परेर एक वृद्धाको मृत्यु भएको छ।,"Death in tractor accident: An elderly woman has died in a tractor accident in Parsagadi Municipality, Parsa.",D4C,13,medium,Non-Past,Affirmative
COM_D2H_S4_2358,थेसे थेदुइरि थेसे वैद्यखानाला काठाक्पाछ्याम कर्मचारीदा मान उत्पादन आलाबारि कडा काठाङ पिन्बा मुबा।,उनले त्यसवेला उनले वैद्यखानाका निर्देशकसहित कर्मचारीलाई ‍औषधि उत्पादन नरोक्न कडा निर्देशन दिएका थिए।,"At that time, he had strictly instructed the director of the medical clinic and the staff not to stop the production of medicines.",D2H,13,medium,Past,Affirmative
COM_P2_D2H_S1_4379,याख्खार्गि डायरी सोलास्ह्युगो थेन थेरि ह्राङसे दिननाङ चाबा चाबासेला लिष्ट सोलास्ह्युगो,एउटा डायरी बनाउनुहोस् र त्यसमा आफूले दिनभरी खाएको खानेकुराको लिष्ट बनाउनुहोस्।,Keep a diary and list the foods you eat throughout the day.,D2H,11,medium,Non-Past,Affirmative
P2_D1A_S0_B1_439,खु सास्हिङरि कार्कीसे रामपुररि ज्याबा ङोसेबा स्होबा मुला।,तरकारी खेतीमा कार्कीले रामपुरमा राम्रो पहिचान बनाएकी छन्।,Karki has made a good name for herself in vegetable farming in Rampur.,D1A,8,medium,Non-Past,Affirmative
D1A_S0_B2_1579,म्हेन्दो सास्हिङग्याम तोतेबा खेबि ताबालिच्छा ल्होलो दुदुम मुबा म्हि म्हेन्दो सास्हिङव्हाना आकर्षण ताबा मुला।,फूलखेतीबाट प्रशस्त आम्दानी हुने भएपछि फरक क्षमता भएका व्यक्ति फूल खेतीप्रति आकर्षित बनेका हुन्।,People with different abilities have become attracted to floriculture as it provides a lot of income.,D1A,14,medium,Non-Past,Affirmative
P2_D1A_S0_B1_2190,बेल्बोहेन्से निमराङ नाम ताइबासे गुगि खु तेन्तो थेन स्यान्दो खु तेन्तोला दोङ खार्बान निबा मुला।,असारदेखि लगातारजसो पानी परिरहेकाले लहरे तरकारी बाली र अन्य तरकारी बालीका बोट सुक्दै गएका छन्।,"Due to continuous rain since Ashar, the plants of leafy vegetables and other vegetable crops are drying up.",D1A,15,medium,Non-Past,Affirmative
COM_P2_D2H_S2_4980,खालेप क्युइला छ्यामरि कागती थेन कारा दोङ्सि थुङ्जि बिसाम ह्राङ्ला नोइ प्रतिरोधक दुदुम ल्हाना ल्हेःबा लामुला।,मनतातोपानीको साथै कागती र मह मिसाएर पिउनुभयो भने तपाईँको रोग प्रतिरोधक क्षमता निकै बढ्ने गर्छ।,Drinking warm water mixed with lemon and honey will greatly increase your immunity.,D2H,15,medium,Non-Past,Affirmative
COM_D5G_S3_362,चु न्हिला प्रस्तुति जे ल्होलो हिन्ना।,यी दुईको प्रस्तुति मात्र फरक हो।,Only the presentation of these two is different.,D5G,6,short,Non-Past,Affirmative
P4_D1A_S1_B2_427,थेनोन प्रेरणासे दान्दे छोङनामकि स्रुगरि लाजि।,त्यसैको प्रेरणाले अहिले व्यावसायिकरूपमा गरियो।,"Inspired by that, it has now been done professionally.",D1A,5,short,Past,Affirmative
P3_D1A_S0_B2_284,गिक दोङरि गोर ३० दोःना स्याउला दाना रोबा मुला।,एउटा बोटमा ३० वटासम्म स्याउका दाना फलेका छन्।,Up to 30 apple seeds have grown on one plant.,D1A,8,medium,Non-Past,Affirmative
P2_D1A_S0_B1_1561,आधुनिक सास्हिङडिछ्याला क्योल्बासे अलैँचीरि थिग्युर लाबालिच्छा इलामला सानाम्पासे खेबि ल्हेनालाबारि वाङ्बा हिन्ना।,आधुनिक खेतीप्रणालीको प्रयोगले अलैँचीमा सुधार गरेपछि इलामका किसानले आम्दानी बढाउन थालेका हुन्।,Farmers in Ilam have started increasing their income after improving cardamom production through the use of modern farming methods.,D1A,12,medium,Non-Past,Affirmative
COM_P2_D3E_S2_1575,निसछा सेमेस्टर डोमा थेसे इन्टरसीप लातोबा ताजि।,सातौं सेमेस्टर पढ्दा उनले इन्टरसीप गर्नुपर्ने भयो।,He had to take an interception while studying in the seventh semester.,D3E,7,short,Past,Affirmative
D4S_S1_7919,बडीमालिला ज्याल्बाला लागिरि सरकारी टोलीदा सलामी अर्पण लासि बिदाई लाबा मुला।,बडीमालिको दर्शनका लागि सरकारी टोलीलाई सलामी अर्पण गरी बिदाई गरिएको छ।,The government team was sent off with a salute for visiting Badimali.,D4C,11,medium,Non-Past,Affirmative
COM_D3E_S1_S2_56,प्रयोगात्मक ग्युइसेरला च्याङ्नाकि मुला।,प्रयोगात्मक शिक्षाको कमी छ।,There is a lack of experiential learning.,D3E,4,short,Non-Past,Affirmative
COM_D3E_S5_344,कमेन्ट थेन लाइक्स नोन थान्बा मुला।,कमेन्ट र लाइक्स पनि राखिएको छ।,Comments and likes are also included.,D3E,6,short,Non-Past,Affirmative
COM_P2_D4C_S1_B2_882,थेनिकादे मौलिक गोइलोरि स्यासि देउसीभैलोरि बोकिन्बा लाबा मुला।,उनीहरू मौलिक वेशभूषामा सजिदै देउसी–भैलोमा सहभागी हुने गरेका छन्।,They dress up in traditional costumes and participate in Deusi Bhailo.,D4C,9,medium,Non-Past,Affirmative
COM_P2_D2H_S1_4752,काबाबेन्बाला यो  सिम्बा नाम्सिरि म्राङ्बा काक्ता छिम्बाला लागिरि मान नोन तोःबा बिबा आरे।,रोकथामका उपाय: चिसो मौसममा देखिने समस्या समाधानका लागि औषधि नै चाहिन्छ भन्ने छैन।,Preventive measures: Medication is not necessarily needed to solve problems that appear during cold weather.,D2H,13,medium,Non-Past,Negative
COM_P2_D2H_S1_3864,स्या पचआदिना तारन्तार क्लि ओसेम रुइबा तासाम पटक-पटक ल्हुइ जल चादोमुला,मासु नपचेर तारन्तार दिसा तथा बान्ता भए पटक-पटक जीवनजल खानुपर्छ।,"If you have persistent diarrhea and vomiting due to undigested meat, you should drink the water of life repeatedly.",D2H,10,medium,Non-Past,Affirmative
D1A_S0_B1_4483,मेन्था सास्हिङला लागिरि दान्देदोःना ८० जना सानाम्पासे टन सोम मेन्थाला सकर तासिजिन्बा थेन रेदाङ्से मेन्थाला सकर किन्बारि खाबा सानाम्पा ल्हेःसिचिबा गेदिम ग्रेन्पो बेल्वासेसे ग्रानाङ पिन्जि।,मेन्था खेतीको लागि अहिलेसम्म ८० जना किसानले तीन टन मेन्थाको सकर लगिसकेको र प्रत्येक दिन मेन्थाको सकर लिने आउने कृषक बढिरहेको कार्यालय प्रमुख बेल्वासेले जानकारी दिए।,"Office chief Belvase informed that so far, 80 farmers have harvested three tons of menthol sugar for mint cultivation, and the number of farmers coming to harvest mint sugar is increasing every day.",D1A,26,very long,Past,Affirmative
COM_D2H_S1_S2_5542,"शुक्रराज ट्रपिकल ओसेम सरुवानोइ अस्पताल टेकुला क्लिनिकल रिसर्च युनिट थुइब्लोन डा. पुन पाङ्मुला, डेङ्गुरि पेनकिलर थेन एन्टिबायोटिक मानला भूमिका आरे।","शुक्रराज ट्रपिकल तथा सरुवा रोग अस्पताल टेकुका क्लिनिकल रिसर्च युनिट संयोजक डा. पुन भन्छन्, डेङ्गुमा पेनकिलर र एन्टिबायोटिक औषधिको भूमिका छैन।","Dr. Pun, coordinator of the Clinical Research Unit at Shukraraj Tropical and Infectious Diseases Hospital, Teku, says that painkillers and antibiotics have no role in dengue.",D2H,21,very long,Non-Past,Negative
D1A_S0_B2_1679,सानामदा छोङ्नाम्पाक स्होबारि खाम्बा आरे चुस्पान नाछालरि साइ ल्हेमा सानाम्पादा प्रत्यक्ष नोत्पा ताबान ताजि।,कृषिलाई व्यवसायीक बनाउन सकिएको छैन यस्तो अवस्थामा मुल्य बढ्दा किसानलाई प्रत्यक्ष असर पर्ने नै भयो।,"In such a situation, agriculture has not been made commercial, and rising prices will directly affect farmers.",D1A,15,medium,Past,Affirmative
D1A_S0_B2_2524,नेपालरि वौद्धिक सम्पत्तिला ख्युर्छ्याथेन ब्रेल्बित ग्यालठिम नोन ५५ दिङ ङाच्छा हेन्स्हेला मुला।,नेपालमा वौद्धिक सम्पत्तिको संरक्षणसँग सम्बन्धित कानून नै ५५ वर्ष पूरानो छ।,The law related to the protection of intellectual property in Nepal is 55 years old.,D1A,11,medium,Non-Past,Affirmative
COM_P2_D3E_S2_3238,चुसे परीक्षाला जनशक्ति थेन काम्रा डिग्यान नोन सकारात्मक प्रभाव ताबा थेसे पाङ्मुला।,यसले परीक्षाको जनशक्ति र खर्च व्यवस्थापनलाई पनि सकारात्मक प्रभाव पार्ने उनी बताउँछन्।,He says this will also have a positive impact on the examination's manpower and cost management.,D3E,12,medium,Non-Past,Affirmative
D1A_S0_B2_4161,विशेष लासि अलैँचीला गानोरिन आक्रमण लामालिच्छा गिक दिङरि सखाप ताबा हिन्ना।,विशेष गरी अलैँचीको गानोमै आक्रमण गरेपछि एकै वर्षमा सखाप भएको हो।,"Especially after the attack on the cardamom plantation, it was wiped out in a single year.",D1A,11,medium,Non-Past,Affirmative
COM_D5G_S4_1668,दिव्य शक्ति याङ्बा महसुस ताचिबा मुला तिनि ङादा।,दिव्य शक्ति पाएको महसुस भइरहेको छ आज मलाई।,I feel like I have received divine power today.,D5G,8,medium,Past,Affirmative
D1A_S0_B2_1064,थेला आन्सार जुर्जुरेला ङ्यान्दि अलैँचीरि दान्ना काक्ता म्राङ्बा मुला।,उनका अनुसार जुर्जुरेका कारण अलैँचीमा बढी समस्या देखिएको छ।,"According to him, cardamom has been facing more problems due to the pest.",D1A,9,medium,Non-Past,Affirmative
P4_D1A_S1_B2_2436,"जुकेपानीरि क्युइला आडुप ताबा ङ्यान्दि सुन, ग्वा, नामनामछ्यामला तेन्तो ज्याबा आतामुला।","जुकेपानीमा पानीको अभाव भएका कारण धान, गहुँ, तोरीलगायतका बाली राम्रो हुँदैन।","Due to the lack of water in Zukepani, crops such as rice, wheat, and mustard do not grow well.",D1A,11,medium,Non-Past,Negative
COM_P2_D5G_S1_7813,रिङ्बा दुइहेन्से डुङ्बा चेमादिम ख्रेला १ गतेहेन्से नियमित स्रुगरि स्याङ्बा तासेला मुला।,लामो समयदेखि बन्द नाटकघर माघ १ गतेदेखि नियमित रूपमा सञ्चालन हुने भएको छ।,"The theater, which has been closed for a long time, is set to reopen regularly from Magh 1.",D5G,13,medium,Non-Past,Affirmative
COM_D2H_S5_2667,जोङ प्रशासन गेदिम नुवाकोटरि ज्येष्ठ ह्युलमिकादेला ल्हुइथाङ परीक्षणला लागि ल्हुइथाङ सहायता उइ सञ्चालनरि बाबा मुला,जिल्ला प्रशासन कार्यालय नुवाकोटमा ज्येष्ठ नागरिकहरूको स्वास्थ्य परीक्षणको लागि स्वास्थ्य सहायता केन्द्र सञ्चालनमा ल्याइएको छ।,"A health support center has been launched at the District Administration Office, Nuwakot, for health check-ups of senior citizens.",D2H,15,medium,Non-Past,Affirmative
COM_P2_D3E_S3_4866,टेलिकमला इन्टरनेटला खपतरि नोन ला गिकला दुइरि १५ कार्ग्या च्योच्योरि ल्हेःबा अधिकारीसे पाङ्जि।,टेलिकमको इन्टरनेटको खपतमा पनि एक महिनाको अवधिमा १५ प्रतिशत हाराहारीमा वृद्धि भएको अधिकारीले बताए।,The official said that telecom's internet consumption has also increased by around 15 percent in a month.,D3E,14,medium,Past,Affirmative
D4S_S2_5374,डुइ खिम्साव्हाना खाबारि आपिन्बारि थेनिकादेसे दिननाङ कुलो स्होसि तर्काब लाबा मुला।,पहिरो बस्तीतर्फ आउन नदिन उनीहरूले दिनभर कुलो बनाएर तर्काउने गरेका छन्।,They have been building ditches all day to prevent landslides from reaching the settlement.,D4C,11,medium,Non-Past,Affirmative
COM_P3_D3E_S3_403,तिनि बेनान सेबारि खाम्बा ताबा मुला।,आज सबै जान्न सक्ने भएका छन्।,"Today, everyone can know.",D3E,6,short,Non-Past,Affirmative
D1A_S0_B2_1097,"ङानिदा तेन्तोमेन्तो सुबा दुइ, नोइव्याध ताबा दुइ उचित परामर्श तोमुला। ","हामीलाई बालीनाली लगाउने बेला, रोगव्याध लागेका बेला उचित परामर्श चाहिन्छ।",We need proper advice when planting crops and when we are sick.,D1A,10,medium,Non-Past,Affirmative
COM_P2_D4C_S1_B1_2606,"दोङरापला अनुसन्धाता डा. दीपेन्द्र रोकायासे पाङ्जि, ग्याल्सा थेराङनोन खाबा आहिन बिबा सान हिन्ना।","इतिहासका अनुसन्धानकर्ता डा. दीपेन्द्र रोकायाले भने, राज्य त्यसै आएको होइन भन्ने सान हो।","History researcher Dr. Dipendra Rokaya said, ""It is a shame that the state did not come into being just like that.""",D4C,13,medium,Non-Past,Affirmative
D1A_S0_B2_3466,तर मोकोन सुन छोःबा लासि कोत्पारि सेमतामालिच्छा दिम ङामला बुला खलारि मोकोन सुन जोम लाजि।,तर सबै धान भेला पारेर जोख्न मन लागेपछि घर छेउको खेतको खलामा सबै धान जम्मा गरे।,"But when he decided to gather all the rice and weigh it, he gathered it all in a threshing floor in the field near his house.",D1A,16,long,Past,Affirmative
P3_D1A_S0_B2_1426,दान्दे जोङला बेनान स्याउ डिहि छार्सि तारलाम ताबा मुला।,अहिले जिल्लाका सबै स्याउ बगैँचा फुलेर सेताम्य भएका छन्।,"Now, all the apple orchards in the district have blossomed and turned white.",D1A,9,medium,Non-Past,Affirmative
COM_D4C_S1_S2_4463,"मार्फाला स्याउव्हारि, थकाली चिबाचाबा, मौलिक संस्कार, ज्योस्हेङ रिमठिम, गोन्बो थेन उःकादेसे ह्युलकोर्पादा खुइबान मुस्ताङ खाबाकादेदा कोल्नालबारि ह्रोछ्या लासिचिबान मुला।","मार्फाको स्याउबारी, थकाली रहनसहन, मौलिक संस्कार, कला संस्कृति, गुम्बा र गुफाहरूले पर्यटकलाई लोभ्याउँदै मुस्ताङ आउनेहरूलाई भुलाउन मद्दत गरिरहेका छन्।","Marfa's apple orchards, Thakali lifestyle, original customs, art and culture, monasteries, and caves are luring tourists and helping them forget about Mustang.",D4C,19,long,Non-Past,Affirmative
COM_D2H_S1_S2_4380,तासाइ तिगाइ व्यक्तिरि ङाहेन्से किन्सि ला १२ दोना नोन लक्षणकादे म्राङ्बा थेसे पाङ्जि।,तर केही व्यक्तिमा पाँचदेखि लिएर १२ महिनासम्म पनि लक्षणहरू देखिएका उनले बताए।,But he said some people have had symptoms for five to 12 months.,D2H,12,medium,Past,Affirmative
P4_D1A_S1_B2_309,जोङरि उत्पादन ताबा मार्चा भोजपुररि जेक्खेन खपत आतामुला।,जिल्लामा उत्पादन भएको खुर्सानी भोजपुरमा मात्र खपत हुँदैन।,The chillies produced in the district are not consumed only in Bhojpur.,D1A,8,medium,Non-Past,Negative
COM_D2H_S4_3253,लिच्छाला दुइ बंगलादेशसे मान उत्पादन थुमरि ङाज्याङ फड्को मार्दिजि,पछिल्लो समय बंगलादेशले औषधि उत्पादन क्षेत्रमा ठूलो फड्को मार्‍यो।,"Recently, Bangladesh has made great strides in the pharmaceutical manufacturing sector.",D2H,9,medium,Past,Affirmative
P3_D1A_S0_B1_3314,"सिंचाइ, सार थेन ब्लु दुइरि याङ्बा ङानि मिहिनेत लास्हेला मुला थेनिसे बिजि  बु ङामलान स्योङ ब्लोङ्बा मुला।","सिंचाइ, मल र बीउ समयमा पाए हामी मिहिनेत गरिहाल्छौँ, उनी भन्छन् खेत नजिकैबाट खोला बगेको छ।","""If we get irrigation, fertilizer, and seeds on time, we will work hard,"" he says, adding that a river flows near the farm.",D1A,16,long,Non-Past,Affirmative
COM_P2_D2H_S1_2458,चु चाइनिज मेडिसिनला याक्खार्गि याल्ङा हिन्ना।,यो चाइनिज मेडिसिनको एउटा हाँगा हो।,This is a branch of Chinese medicine.,D2H,6,short,Non-Past,Affirmative
COM_D4C_S1_S2_7686,ग्रेनकाप्तोनसे स्थानीयस्तररि उत्पादित स्हे ओसेम बार्बुदा बजारीकरण लाबारि ह्रोछ्या दोबा थेन चुला ह्युलकोरकि दोखाङला प्रचारप्रसाररि ङोन्कि लाभ दोबा दाछोकला गाउराइ सरोज चाम्लिङ राईसे विश्वास व्यक्त लाजि।,महोत्सवले स्थानीयस्तरमा उत्पादित वस्तु तथा सामग्रीलाई बजारीकरण गर्न सहयोग पुग्ने तथा यहाँका पर्यटकीय गन्तव्यको प्रचारप्रसारमा प्रत्यक्ष लाभ पुग्ने समितिका सचिव सरोज चाम्लिङ राईले विश्वास व्यक्त गरे।,Committee Secretary Saroj Chamling Rai expressed confidence that the festival would help market locally produced goods and materials and would directly benefit the promotion of local tourist destinations.,D4C,26,very long,Past,Affirmative
COM_P2_D5G_S2_7515,चुराङ लासि जाला दिमगे जे च्यासाइ नोन मि जाक्कि सजिलो तासेला ।,यसो छोरोको होमवर्कमात्र हेर्दे पनि त अलिकति सजिलो हुन्थ्यो।,"Even if I just looked at my son's homework, it would have been a little easier.",D5G,9,medium,Past,Affirmative
COM_P2_D3E_S2_52,आझा भर्चुअल पुस्तकालयला साप्तेन लोप्खेनजुगुदा खेनाजनक ताला।,अझ भच्र्युअल लाइब्रेरीको सुविधा विद्यार्थीहरूलाई फाइदाजनक हुन्छ।,"Moreover, the virtual library facility is beneficial for students.",D3E,7,short,Non-Past,Affirmative
D4S_S1_7396,"लिखित अनुमति किन्सि तोकतिबा दुइ थेन थुमरि नाउर, झारल, रतुवा थेन तिलिला किर्पा स्याप्मुला।","लिखित अनुमति लिएर तोकिएको समय र क्षेत्रमा नाउर, झारल, रतुवा र बँदेलको शिकार पाइन्छ।","Hunting of wild boar, wild boar, wild boar, and wild boar is permitted at designated times and areas with written permission.",D4C,14,medium,Non-Past,Affirmative
D4S_S1_6103,रानीमहल थुमरि मुबा कालीगण्डकी गन्दिरि र् याफ्टिङ चुःबाछ्यामरि ह्युलकोर्पाला आकर्षण ल्हेःबा मुला।,रानीमहल क्षेत्रस्थित कालीगण्डकी नदीमा र्‍याफ्टिङ सुरु भएसँगै पर्यटकको आकर्षण बढेको छ।,"With the start of rafting on the Kaligandaki River in the Ranimahal area, the attraction of tourists has increased.",D4C,11,medium,Non-Past,Affirmative
COM_P2_D4C_S1_B3_1328,कामरे ताबा निर्वाचनरि ७७२ मत याङ्सि शर्मा डाबा हिन्ना।,शनिबार भएको निर्वाचनमा ७७२ मत प्राप्त गरी शर्मा विजयी भएका हुन्।,Sharma won the election held on Saturday by securing 772 votes.,D4C,11,medium,Non-Past,Affirmative
COM_D4C_S1_S2_5077,ग्यागारह्युलकि रिमठिमरि परवर्तीकालरि योगी सन्यासी कहलाएका असामाजिक थेन गृहस्थ आतोबाकादेला सन्यासी जमातला अखडा तोबा परम्परा चुग्याम चुःबाला हिन्ना।,भारतीय संस्कृतिमा परवर्तीकालमा योगी सन्यासी कहलाएका असामाजिक र गृहस्थ नवनेकाहरूको सन्यासी जमातका अखडा बन्ने परम्परा यहींबाट सुरु भएको हो।,"This is where the tradition of anti-social and householder novices, later called yogi ascetics, began to form the bases of the ascetic community.",D4C,19,long,Non-Past,Affirmative
D4S_S2_6208,त्रिविला रजिष्ट्रार प्राडा केदारप्रसाद रिजालला आन्सार चुला लागिरि त्रिवि पनिकाछ्याम त्रिवि क्षेत्रीय परीक्षा नियन्त्रण गेदिमदा सक्रिय लापुङ्बा मुला।,त्रिविका रजिष्ट्रार प्राडा केदारप्रसाद रिजालका अनुसार यसका लागि त्रिवि पनिकासँगै त्रिवि क्षेत्रीय परीक्षा नियन्त्रण कार्यालयलाई सक्रिय गराइएको छ।,"According to TU Registrar Prof. Dr. Kedar Prasad Rijal, the TU Regional Examination Controller's Office has been activated for this along with the TU Panika.",D4C,18,long,Non-Past,Affirmative
COM_P3_D3E_S2_1209,कम्लहरी चिसाइ नोन लोप्डोबा ख्लाजि।,कम्लहरी बसे पनि पढाइ छुट्यो।,"Even though I stayed in Kamlahari, I missed my studies.",D3E,5,short,Past,Affirmative
COM_P2_D3E_S2_4416,युनिक्याम्पस ग्लोबलसे याम्बु उपत्यकारि सोम्छा शाखा फ्रेल्बा मुला।,युनिक्याम्पस ग्लोबलले काठमाडौँ उपत्यकामा तेस्रो शाखा विस्तार गरेको छ।,Unicampus Global has expanded its third branch to the Kathmandu Valley.,D3E,9,medium,Non-Past,Affirmative
COM_D5G_S4_2234,अनुसन्धान गेरिमला पत्रपत्र फिर्ग्याप तेःसि लिउला अपराधीदा खाम्देदोःना अपराध लामा विवेक क्योल्बारि लोप्मुला।,अनुसन्धान प्रक्रियाका पत्रपत्र बाहिर निकालेर भविष्यका अपराधीलाई सकेसम्म अपराध गर्दा विवेक प्रयोग गर्न सिकाउनेछन्।,They will pull out the papers from the investigation process and teach future criminals to use discretion when committing crimes as much as possible.,D5G,14,medium,Non-Past,Affirmative
COM_D2H_S1_S2_5141,अस्पतालला काठाक्पा दुर्गाप्रसाइँला आन्सार ला ङाहेन्सेला ३० करोड भुक्तानी काबा पाङ्जि।,अस्पतालका निर्देशक दुर्गाप्रसाईँलेअनुसार पाँच महिनादेखिको ३० करोड भुक्तानी रोकिएको बताए।,Hospital director Durga Prasai said that payments of Rs 300 million have been stopped for the past five months.,D2H,10,medium,Past,Affirmative
D4S_S3_1838,मोलामलिच्छा लुम्बिनी गुरुयोजनाफिरि ग्रानाङ लापुङ्बा गेताङ मुला।,प्रार्थनापछि लुम्बिनी गुरुयोजनाबारे जानकारी गराउने कार्यक्रम रहेको छ।,"After the prayer, there will be a program to provide information about the Lumbini Master Plan.",D4C,8,medium,Non-Past,Affirmative
COM_D2H_S1_S2_755,आइसियू थेन भेन्टिलेटररिन् थेन म्हिकादे सिबा मुला।,आईसीयू र भेन्टिलेटरमै ती मानिसहरू मरेका छन्।,Those people died in the ICU and on ventilators.,D2H,7,short,Non-Past,Affirmative
COM_D2H_S1_S2_2366,थेदा च्याङ्ना लाबारि खाम्साम झान्नाइ ८० कार्ग्या सिबा काबारि खाम्ला।,त्यसलाई कम गर्न सकिए झन्डै ८० प्रतिशत मृत्यु रोक्न सकिन्छ।,"If it can be reduced, nearly 80 percent of deaths can be prevented.",D2H,10,medium,Non-Past,Affirmative
D1A_S0_B1_2957,नेपालरि मिनी ट्रिलर थेन पावर ट्रिलरला प्रयोग ल्हानान ताबा लाबा थेसे पाङ्जि।,नेपालमा मिनी ट्रिलर र पावर ट्रिलरको प्रयोग धेरै हुने गरेको उनले बताए।,He said that mini trailers and power trailers are widely used in Nepal.,D1A,12,medium,Past,Affirmative
P2_D1A_S0_B2_1158,सास्हिङला फेल्गेबा कोरखेन जीवनशैली ख्लासि निमनोन चिबा लाबा गेरिमछ्यारिन समानान्तर स्रुगरि ङाच्छा दाङ्बा मुबा।,खेतीपातीको विकास घुमन्ते जीवनशैली छोडेर स्थायी बसोबास गर्ने प्रक्रियासँगै समानान्तर रूपमा अगाडि बढेको थियो।,The development of agriculture proceeded in parallel with the process of abandoning a nomadic lifestyle and moving to permanent settlements.,D1A,14,medium,Past,Affirmative
COM_D5G_S1_S2_2932,"लुबापेर्बा लाबारि सेबा ब्लेगुसे च्योम्बोन पुइजि, छादारि ईमान धर्म सत्ताइ म्हाजि गोबोनला।","छल छाम गर्नजान्ने अल्छिले झोला बोके,लालच मा ईमान धर्म समेत हराए नेताले।","The leader, who knew how to cheat and cheat, carried the bag, and lost even his faith and religion in greed.",D5G,12,medium,Unknown,Affirmative
COM_P2_D5G_S3_1972,ङाला निजी याङताम खालाङ निजि ?,मेरो निजी अधिकार कहाँ गयो?,Where did my private rights go?,D5G,5,short,Past,Affirmative
D1A_S0_B2_1723,छ्याइ किन्बा टाङ्गा ग्याम मेसिन स्याङ्सि   बिघा न्हि सुन थाबा मुबा।,ऋण लिएको पैसाबाटै मेसिन लगाएर दुई बिघाको धान काटेका थियौँ।,We used the borrowed money to harvest two Bighas of rice using a machine.,D1A,10,medium,Past,Affirmative
COM_P2_D5G_S2_9708,थेसे भट्टराई छारिब्योन हिन्ना तासाइ थेला ब्रितामरि अनुभवला ताउलरि खार्सि फ्युबा दर्शनला पंक्तिकादे स्याप्पारि खाम्सेला पाङ्जि।,उनले भट्टराई युवा हुन् तर उनको लेखनीमा अनुभवको ताउलोमा खारिएर उम्रिएका दर्शनका पङ्क्तिहरू भेट्न सकिने बताइन्।,"She said that Bhattarai is young, but in his writings, one can find lines of philosophy that have been refined by experience.",D5G,16,long,Past,Affirmative
COM_P2_D3E_S3_5119,ङानिदा था मुला कि खाचिबाइ नोन मूल ताम गोबाला लागिरि थे स्हेला च्याङदोःना दोबारि आखाम।,हामीलाई थाहा छ कि कुनै पनि मूल कुरा बुझ्नको लागि त्यस वस्तुको जरासम्म नपुगी हुँदैन।,"We know that to understand anything fundamentally, we must get to the root of it.",D3E,15,medium,Non-Past,Negative
COM_P2_D5G_S1_4802,बालेनसे ङ्हाच्छा पोबा योजनाकादे निश्चय नोन महानगरला लिः पोबारि योग्य म्राङ्मुला।,बालेनले अघि सारेका योजनाहरू निश्चय नै महानगरको मुहार फेर्न योग्य देखिन्छन्।,The plans put forward by Balen certainly seem capable of changing the face of the metropolis.,D5G,11,medium,Non-Past,Affirmative
D1A_S0_B1_4579,"खप्तड, सुर्मासरोबर, साइपाल ग्लिङगाङ, जेठी–बहुरानी, राक्स्या ग्लिङगाङ राङ्बासे ख्युर्बा चु जोङरि विशिष्ट रिमठिमकि ङोसेबा पिन्बा मेलाजुगु ताबा लामुला। ","खप्तड, सुर्मासरोबर, साइपाल हिमाल, जेठी–बहुुरानी, राक्स्या हिमाल आदिले घेरिएको यस जिल्लामा विशिष्ट सांस्कृतिक पहिचान दिने मेलाहरू लाग्ने गर्छन्।","Surrounded by Khaptad, Surmasarobar, Saipal Himal, Jethi-Bahurani, Raksya Himal, etc., this district hosts fairs that give it a unique cultural identity.",D1A,18,long,Non-Past,Affirmative
P2_D1A_S0_B1_1028,ग्यार्जा गिक रोपनी सारि स्ट्रबेरी सास्हिङ लाजि बिसाम ङाम ४० हेन्से ४५ म्हेन्दोदा रोजगारी पिन्बारि खाम्ला।,सय रोपनी जमिनमा स्ट्रबेरी खेती गर्‍यो भने करिब ४० देखि ४५ जनालाई रोजगारी दिन सकिन्छ।,"If strawberries are cultivated on one hundred ropanis of land, about 40 to 45 people can be employed.",D1A,15,medium,Non-Past,Affirmative
COM_D3E_S1_S2_2876,पोखराला सीएसआईटी एसोसिएसनसे पोखरा आईटी करियर २०२३ मिनला गेताङ स्याङ्बा मुला।,पोखराको सीएसआईटी एसोसिएसनले पोखरा आईटी करियर २०२३ नामक कार्यक्रमको सन्चालन गर्ने भएको छ।,The CSIT Association of Pokhara is going to conduct a program called Pokhara IT Career 2023.,D3E,13,medium,Non-Past,Affirmative
P3_D1A_S0_B2_2025,तसर्थ राङह्युलरिन खाजिबान खाजिबान छोङ्नाम लाबा हिन्ना बिसि चुरिन स्थायित्व तामुला।,तसर्थ स्वदेशमै कुनै न कुनै व्यवसाय गर्ने हो भने यहीँ स्थायित्व हुन्छ।,"Therefore, if you want to do some kind of business in your own country, this is where stability comes from.",D1A,12,medium,Non-Past,Affirmative
COM_D2H_S1_S2_4892,थेदुइरि डोल्पाला त्रिपुरासुन्दरि नगरपालिकारि तिख्याङ ङाला दानभूत अस्पताल स्होबा बिबान शिलान्यास ताजि।,त्यस बेला डोल्पाको त्रिपुरासुन्दरी नगरपालिकामा पाँच शय्याको आधाभूत अस्पताल बनाउने भन्दै शिलान्यास भयो।,"At that time, the foundation stone was laid for the construction of a five-bed basic hospital in Tripurasundari Municipality, Dolpa.",D2H,13,medium,Past,Affirmative
P3_D1A_S0_B2_2422,स्यारनाला काँकडभिट्टा तासि ग्यागारह्युल निकासी ताबा दानरि निर्यात ल्हेःबा म्राङ्बा हिन्ना।,पूर्वीनाका काँकडभिट्टा भएर भारत निकासी भएका आधारमा निर्यात बढेको देखिएको हो।,"Exports have increased due to exports to India via the eastern border crossing, Kakadbhitta.",D1A,11,medium,Non-Past,Affirmative
COM_D3E_S1_S2_5650,वडा नं ६ ला ल्होलो दिमरि दिमला श्रमिकला स्रुगरि गे लाचिबा बिजादा सरकारी ङ्यामटरि डोपिन्बा लासि लोप्खाङ भर्ना लाबा वडाचोहो सन्तोष बोहरासे ग्रानाङ पिन्जि।,वडा नं ६ का विभिन्न घरमा घरेलु श्रमिकका रूपमा काम गरिरहेका बालकलाई सरकारी बजेटमा पढाउने गरी विद्यालय भर्ना गरिएको वडाअध्यक्ष सन्तोष बोहराले जानकारी दिए।,Ward Chairman Santosh Bohara informed that children working as domestic workers in various homes in Ward No. 6 have been admitted to the school with the government budget.,D3E,24,very long,Past,Affirmative
COM_P2_D3E_S1_283,थेला नतिजा दुगुरि खासेला मुबा।,त्यसको नतिजा वैशाखमा आउने थियो।,The results were to come in Baisakh.,D3E,5,short,Past,Affirmative
COM_D5G_S3_3082,खाल्से खाइमा गोरगिक थिमुला थे थान्मुला दोःसि स्यान थिमुला होत्छेम स्यानला यारि च्यामुला।,कसले कहिले एउटा उठाउँछ त्यो राख्छ फेरी अर्काे उठाउँछ अनि अर्काेको हातमा हेर्छ।,"Who picks up one, puts it down, picks up another, and looks at the other person's hand?",D5G,13,medium,Non-Past,Affirmative
COM_P2_D2H_S1_6867,फिह्युलरि ल्हानारि पाका दिङ छोक्पारि भाइरस म्राङ्बाला ग्रेन ङ्यान्दि थे समुदायरि फेल्बसे हिन्ना।,विदेशमा धेरैमा पाका उमेर समूहमा भाइरस देखिनुको प्रमुख कारण त्यहाँ समुदायमा फैलिएकाले हो।,The main reason why the virus is being seen more in older age groups abroad is because it has spread in the community there.,D2H,13,medium,Non-Past,Affirmative
COM_D4C_S1_S2_5400,"चु ग्लाला गेदा ग्ला गिकग्याम गे लाबा वातावरण डिक्नालाबा उइ सरकारला रिमठिम, ह्युलकोर ओसेम ह्युलम्हि उड्डयन ब्लोनखाङ थेन बर्दिबास नगरपालिकातेन समन्वयला प्रयत्न लासेला ब्लोन मियाँला पाङ्बा मुला। ","यी ठाउँका कामलाई एक ठाउँबाट काम गर्ने वातावरण मिलाउन केन्द्र सरकारको संस्कृति, पर्यटन तथा नागरिक उड्डयन मन्त्रालय र बर्दिबास नगरपालिकासँग समन्वयको प्रयत्न गरिने मन्त्री मियाँको भनाइ छ।","Minister Miyan said that efforts will be made to coordinate with the central government's Ministry of Culture, Tourism and Civil Aviation and Bardibas Municipality to create an environment where these places can be worked on from one place.",D4C,27,very long,Non-Past,Affirmative
P4_D1A_S1_B1_2442,थेला आन्सार तिरेम सुबालिच्छा दिङदाङ्से ब्लु सुत्ताइ थेनोन दोङग्याम थोन्बासे ब्लु नोन ग्लुतोबा आरे।,उनका अनुसार एकपटक लगाएपछि वर्षेनी बीउसमेत त्यही बोटबाट निस्कने भएकाले बीउ पनि खरिद गर्नुपर्दैन।,"According to him, once planted, there is no need to purchase seeds, as the seeds will come out from the same plant every year.",D1A,14,medium,Non-Past,Negative
D4S_S1_1924,"ग्रेन ग्रेन सिङ, मुडा क्रोसि गोसोल स्होबा मुला।","ठूला–ठूला काठ, मुडा डढेर अङ्गार बनेका छन्।",Large pieces of wood and logs have burned to ashes.,D4C,7,short,Non-Past,Affirmative
COM_D2H_S4_1460,"ङाच्छा नाम्सारि दरला खिर, सेलरोटीराङ्बा खाद्य पदार्थ चाबा छेप मुबा।","पहिले गाउँमा दरको खिर, सेलरोटीजस्ता खाद्य पदार्थ खाने चलन थियो।","Previously, it was customary to eat foods like curd and celery roti in the village.",D2H,10,medium,Past,Affirmative
COM_P2_D5G_S2_3456,गिकसे ब्रेल स्यान्दोसे केवा किन्मुला।,एउटाले सम्बन्ध अर्कोले जीवन लान्छ।,"One brings relationships, the other brings life.",D5G,5,short,Non-Past,Affirmative
COM_D5G_S4_4001,चेमारि ग्रेनरापरि राङ्बान महाभारतला गोरगिक पात्र बर्बरिकतेन डाेङ्बा भण्डारीदा जोल्वा लाबा मुला।,नाटकमा उपन्यासमा जस्तै महाभारतका एक पात्र बर्बरिकसँग स्वर्गीय भण्डारीलाई तुलना गरिएको छ।,"In the play, as in the novel, the late Bhandari is compared to Barbarik, a character from the Mahabharata.",D5G,12,medium,Non-Past,Affirmative
COM_P2_D3E_S1_3629,सानाम ओसेम ह्रि विज्ञान विश्वविद्यालयला तोङ्जा गिक ५९ लोप्खेन दीक्षित ताबा मुला।,कृषि तथा वन विज्ञान विश्वविद्यालयका एक हजार ५९ विद्यार्थी दीक्षित भएका छन्।,One thousand 59 students have graduated from the University of Agriculture and Forestry.,D3E,12,medium,Non-Past,Affirmative
D4S_S3_6000,दुर्घटनाला ङ्यान्दि आठोङ्बा थेन घटनाला फिरि काप्पा अनुसन्धान तासिचिबा प्रहरीसे उन्पाङ्बा मुला।,दुर्घटनाको कारण नखुलेको र घटनाको बारेमा थप अनुसन्धान भइरहेको प्रहरीले जनाएको छ।,Police said the cause of the accident is unknown and further investigation into the incident is underway.,D4C,12,medium,Non-Past,Affirmative
COM_P2_D3E_S3_265,ङाच्छा- मोबाइल बैङ्किङग्याम टपअप थेन रिचार्ज जेक्खेन तामुबा।,पहिला- मोबाइल बैङ्किङमार्फत टपअप र रिचार्ज मात्रै हुन्थ्यो।,"Previously, only top-ups and recharges were possible through mobile banking.",D3E,8,medium,Past,Affirmative
D4S_S3_3063,चुला नोन एकीकृत डिछ्यारि काक्ता खाबालिच्छा दात्ते चु डिछ्या नोन स्याङ्बा नाछालरि मुला।,यसको पनि एकीकृत प्रणालीमा समस्या आएपछि अहिले यो प्रणाली पनि नचलेको अवस्थामा छन्।,This system is also currently not working due to problems with its integrated system.,D4C,13,medium,Non-Past,Affirmative
COM_D2H_S4_3082,आईसियूरि गे लाबा नर्सजुगुला साप्तो म्राङ्मा नाबा एन ताङ्बा ताबा मुला।,आईसीयूमा काम गर्ने नर्सहरूको सेवा देखेर बिरामी पनि खुशी हुने गरेका छन्।,Patients are also happy to see the services provided by the nurses working in the ICU.,D2H,12,medium,Non-Past,Affirmative
P2_D1A_S0_B1_415,चुदा कानाम स्होबारि तोबा छारिब्योन अग्रमोर्चारि मुला।,यसलाई उद्यम बनाउन चाहने युवा अग्रमोर्चामा छन्।,Young people who want to turn this into a business are at the forefront.,D1A,7,short,Non-Past,Affirmative
D4S_S1_30,सामान म्हाबारि एन खाम्ला।,सामान हराउने पनि सक्छ।,Items may also be lost.,D4C,4,short,Non-Past,Affirmative
COM_P3_D3E_S1_10229,ग्रा प्रविधि थेन कृत्रिम बौद्धिकताला थुमरि नेपालसे ल्हानान लाबारि खाम्ला।,सूचना प्रविधि र कृत्रिम बौद्धिकताको क्षेत्रमा नेपालले धेरै गर्न सक्छ।,Nepal can do a lot in the fields of information technology and artificial intelligence.,D3E,10,medium,Non-Past,Affirmative
D4S_S2_2029,थारेङ थारेङ मुबा शेर अलीला तानकादेदोःना दोबारि काङाल ताबारि तिःजि।,टाढा टाढा रहेका शेर अलीका तानहरूसम्म पुग्नै गाह्रो हुन थाल्यो।,"It became difficult to reach Sher Ali's looms, which were far away.",D4C,10,medium,Past,Affirmative
P3_D1A_S0_B3_242,लिच्छाला दुइरि आठबिसकोटरि किबीला उत्पादन ज्याबा ताबारि वाङ्मा लिच्छा आयस्रोतला गोरगिक दरिलो माध्यम दोःबा मुला।,पछिल्लो समय आठबिसकोटमा किबीको उत्पादन राम्रो हुन थालेपछि आयस्रोतको एउटा दरिलो माध्यम बनेको छ।,"Recently, kiwi production has started to improve in Aathbiskot, making it a strong source of income.",D1A,14,medium,Non-Past,Affirmative
COM_P2_D5G_S2_599,म्हुन उदि ताबा आरेबा।,साँझ अलि परेको थिएन।,It was not yet evening.,D5G,4,short,Past,Negative
COM_P2_D2H_S2_7228,थे दुइरि नेपालला गिक्छा तिङला शल्य चिकित्सक कार्डियो सर्जन दामोदर पोख्रेलसे लाबा मुबा।,त्यस समयमा नेपालको पहिलो मुटुको शल्य चिकित्सक कार्डियो सर्जन दामोदर पोख्रेलले गरेका थिए।,"At that time, Nepal's first heart surgeon was cardiologist Damodar Pokhrel.",D2H,13,medium,Past,Affirmative
COM_D5G_S3_1078,"पुष्करलासे धर्मदा पाङ्जि, स्योस्योरि ज्योन्खाउ प्रेनोन गे लागे।","पुष्करलाले धर्मलाई भने, पत्रिकामा आउनुस् सँगै काम गरौं।","Pushkarala told Dharma, ""Come to the magazine, let's work together.""",D5G,8,medium,Non-Past,Affirmative
COM_D5G_S5_2065,पलला वास्तविक फ्यानकादे चु चलचित्र च्याबारि खाराङलासि नोन हलदोःना दोबारि खाम्ला।,पलका वास्तविक फ्यानहरू यो चलचित्र हेर्न जसरी पनि हलसम्म पुग्न सक्छन्।,True fans of Pal can still make it to the theater to watch this movie.,D5G,11,medium,Non-Past,Affirmative
COM_D5G_S3_2778,"समाजरि गोरगिक म्हि अमनचैनला केवा सोमुला, स्यान थरिला यासुङ थुइबारि धौ धौ तिगादा ताजि ?","समाजमा एकथरी मानिस अमनचैनको जिन्दगी बाँच्छन्, अर्कोथरीलाई हातमुख जोड्न धौ धौ किन भयो?","Why do some people in society live peaceful lives, while others struggle to make ends meet?",D5G,13,medium,Past,Affirmative
COM_P2_D3E_S3_4617," किट क्याेल्वा ताङरि ताबारि खाम्सेला अन्यौल ब्याङ्बारि मार्गदर्शन लाबा बार्बु नोन किटरि थान्बा मुला।
",किट प्रयोगको क्रममा हुन सक्ने अन्यौल हटाउन मार्गदर्शन गर्ने सामग्री पनि किटमा राखिएको छ।,The kit also includes guidance material to eliminate any confusion that may arise during use.,D3E,14,medium,Non-Past,Affirmative
COM_P2_D2H_S1_8979,ल्हुइथाङ गेदिमसे आईपीभी खोप अभियानदा प्रभावकारी सोबा उद्देश्यसे गुल्मीला सदरमुकाम तम्घासरि जोङला सञ्चारकर्मीकादेतेन अन्तर्क्रिया लाबा मुला।,स्वास्थ्य कार्यालयले आईपीभी खोप अभियानलाई प्रभावकारी बनाउने उद्देश्यले गुल्मीको सदरमुकाम तम्घासमा जिल्लाका सञ्चारकर्मीहरूसँग अन्तरक्रिया गरेको छ।,"The Health Office has interacted with media personnel from the district in Tamghas, the district headquarters of Gulmi, with the aim of making the IPV vaccination campaign effective.",D2H,16,long,Non-Past,Affirmative
D4S_S2_5576,भूमि काक्ता आछिम्साम छ्यासेछ्या सङ्घर्षला गेताङ स्याङ्बा थेनिकादेसे पाङ्बाला मुला।,भूमि समस्या समाधान नगरिए चरणबद्ध सङ्घर्षका कार्यक्रम सञ्चालन गर्ने उनीहरूले बताएका छन्।,They have said that they will launch a phased struggle program if the land issue is not resolved.,D4C,12,medium,Non-Past,Affirmative
COM_P2_D5G_S2_2522,ङादा बीपीला ङेबा ल्हाना सेम निमुबा।,मलाई बीपीको मुस्कान बढी मन पर्थ्यो।,I liked BP's smile more.,D5G,6,short,Past,Affirmative
COM_P2_D3E_S2_4337,तासाइ नेपालरि दात्तेदोःना कादे व्यक्तिजुगु फिच्चा उपाधिग्याम विभूषित मुला बिबा प्रस्ट आँकडा आरे।,तर नेपालमा अहिलेसम्म कतिजना व्यक्तिहरू उक्त उपाधिबाट विभूषित छन् भन्ने प्रस्ट आँकडा छैन।,"However, there is no clear data on how many people in Nepal have been awarded this title.",D3E,13,medium,Non-Past,Negative
COM_D2H_S1_S2_4131,अस्पतालला मेडिकल सुपरिटेण्डेन्ट प्रा.डा.कृष्णप्रसाद पौडेलसे एनेस्थेसिया पिन्बाछ्यामरिन नाबा अचानक गम्भीर नाछालरि दोबा पाङ्जि।,अस्पतालका मेडिकल सुपरिटेण्डेन्ट प्रा.डा.कृष्णप्रसाद पौडेलले एनेस्थेसिया दिने बित्तिकै बिरामी अचानक गम्भीर अवस्थामा पुगेको बताए।,"The hospital's Medical Superintendent, Prof. Dr. Krishna Prasad Poudel, said that the patient suddenly became critical as soon as anesthesia was administered.",D2H,14,medium,Past,Affirmative
COM_D2H_S1_S2_3180,म्युगुथुङ्बा लामा तिगा तामुला बिबा नुररि चुरि ताम आलाइ।,धुम्रपान गर्दा के हुन्छ भन्ने विषयमा यहाँ कुरा नगरौँ।,Let's not talk about what happens when you smoke here.,D2H,9,medium,Non-Past,Affirmative
COM_P2_D4C_S1_B3_81,फिच्चा ग्योइलिङ नेपालला बेनानबिमा ग्रेन हिन्ना।,उक्त ताल नेपालको सबैभन्दा ठूलो हो।,This lake is the largest in Nepal.,D4C,6,short,Non-Past,Affirmative
D4S_S2_2827,याक ओसेम चौंरी छोङनाम घेदुङसे स्हेङ्बाला फिच्चा काप्तोनछेन खाबा नारेदोःना स्याङ्सेला मुला।,याक तथा चौंरी व्यवसायी सङ्घले आयोजना गरेको उक्त महोत्सव आगामी बिहीबारसम्म सञ्चालन हुनेछ।,"The festival, organized by the Yak and Goat Entrepreneurs Association, will run until next Thursday.",D4C,13,medium,Non-Past,Affirmative
COM_D5G_S5_2829,ल्हानासे नेपाली कलाकारदा नोन पिन्दोला बिबा राय थान्बालिच्छा महर्जनसे थे गे याङ्जि।,अधिकांशले नेपाली कलाकारलाई नै दिनुपर्दछ भन्ने राय राखेपछि महर्जनले उक्त काम पाए।,Maharjan got the job after most people were of the opinion that it should be given to a Nepali artist.,D5G,12,medium,Past,Affirmative
COM_D5G_S5_3104,मिःलान ङाच्छा होनसे ताइबा आम्बाला पेदे 'अन्धडला टिकुला' ह्रुप्पारि म्हेन्दोम्राङरि दोजि।,आँखै अगाडि आँधीले झारेका आँपका चिचिला 'अन्धडको टिकुला' बटुल्न फूलबारी पुगेँ।,"I went to the flower garden to collect the 'Andhada's Tikula', the mangoes that had been blown away by the storm right before my eyes.",D5G,11,medium,Past,Affirmative
COM_D2H_S1_S2_1110,नाबा ङिनोन याकारगिनोन वार्डरि भर्ना ताबा मुबा।,दुवै बिरामी एउटै वार्डमा भर्ना भएका थिए।,Both patients were admitted to the same ward.,D2H,7,short,Past,Affirmative
COM_D3E_S4_1766,फोरजी चालआतिबा सिम तासाम ङामला टेलिकम गेदिमरि निसि निःशुल्क फोरजी सिम किन्बारि खाम्सेलामुला।,फोर जी नचल्ने सिम भएमा नजिकैको टेलिकम कार्यालयमा गएर निःशुल्क फोरजी सिम लिन सकिनेछ।,"If you have a SIM that does not support 4G, you can go to the nearest telecom office and get a free 4G SIM.",D3E,14,medium,Non-Past,Affirmative
COM_D4C_S1_S2_3400,चु दिङ इन्द्रजात्थाररि ताबा गेताङरि नोन थेसेन स्याबा लोप्जि।,यो वर्ष इन्द्रजात्रामा भएको कार्यक्रममा पनि उनैले नाच सिकाए।,He also taught dance at the program held at Indra Jatra this year.,D4C,9,medium,Past,Affirmative
COM_D4C_S1_S2_2642,"सेमछुबा प्रकृतिछ्यामरि नाम्साबा परिवेश, चिबाचाबा, रैथाने चाबा थेन डोन्बोडेन संस्कारसे थेरि दोबा ह्युलकोर्पादा सजिलोन खुइमुला।","मनोरम प्रकृतिसँगै गाउँले परिवेश, रहनसहन, रैथाने खाना र आतिथ्य संस्कारले त्यहाँ पुग्ने पर्यटकलाई सजिलै लोभ्याउँछ।","Along with the picturesque nature, the rural surroundings, lifestyle, traditional food, and hospitality easily entice tourists who visit there.",D4C,15,medium,Non-Past,Affirmative
COM_D5G_S1_S2_5105,"दिङला संयुक्त जनान्दोलनला वाममोर्चारि छार्दोला सर्वाधिक भूमिका मुबा, १६ हेन्से ४० दिङला छार्दोला बोकिन्बासे नोन जनान्दोलन स्हाङ्बा ताबारि खाम्बा हिन्ना। ","सालको संयुक्त जनान्दोलनको वाममोर्चामा युवाको सर्वाधिक भूमिका थियो, १६ देखि ४० वर्षे युवाको सहभागिताले नै जनान्दोलन सफल हुन सकेको थियो।",Youth played the largest role in the Left Front of the 2016 joint people's movement. The people's movement was successful only due to the participation of youth between the ages of 16 and 40.,D5G,20,long,Past,Affirmative
COM_D5G_S1_S2_2258,चुला ज्वलन्त उदाहरण ख्लासि गोबोन बिबा शिवराम थेन थेला म्हिकातेन काफी मुला।,यस्को ज्वलन्त उदाहरण त्यागी नेता भनिने शिवराम र उनका मान्छेहरू नै काफी छन्।,"A vivid example of this is the so-called renunciative leader, Shivaram, and his men.",D5G,13,medium,Non-Past,Affirmative
D1A_S0_B1_4723,ह्रान्हाबा छोङ्नाम चुःबाछ्याम थेत्मा धान्दिबारि जेक्खे सहज ताबा आरे ङेङ्गोररि आपत तामा ह्रो लाबा नोन खाँचो आता।,बाख्रापालन व्यवसाय सुरु गरेसँगै परिवार धान्न मात्र सहज भएको छैन छरछिमेकमा आपत पर्दा सहयोग गर्न पनि खाँचो हुँदैन।,"Starting a goat farming business has not only made it easier to support the family, but it also eliminates the need to help neighbors in times of disaster.",D1A,18,long,Non-Past,Negative
D4S_S1_7531,सीमित स्रोतसाधनला दाक्पा सदुपयोगछ्याम डिग्यान लाबारि खाम्बा खण्डरि ल्हाना बजेट तोःबा आताबा प्रजिअ शाहीला पाङ्बा मुला।,सिमित स्रोतसाधनको सही सदुपयोगसँगै व्यवस्थापन गर्न सकेको खण्डमा धेरै बजेट आवश्यक नपर्ने प्रजिअ शाहीको भनाई छ।,"Pradya Shahi says that if limited resources are managed properly and efficiently, a large budget will not be required.",D4C,16,long,Non-Past,Affirmative
D4S_S2_4981,पशुपतिला शिवरात्रीला मिक्साल लाबारि अर्जेन्टिनाकि ह्युलम्हि एलेजन्द्रो स्लोबोब्यानिक्सी नोन नेपाल खाबा स्याप्चि।,पशुपतिको शिवरात्रीको अवलोकन गर्न अर्जेन्टिनी नागरिक एलेजन्द्रो स्लोबोबियानिक्सी पनि नेपाल आएको भेटियो।,Argentine citizen Alejandro Slobobiani was also found to have come to Nepal to observe the Shivaratri festival at Pashupati.,D4C,12,medium,Past,Affirmative
P2_D1A_S0_B1_1902,थे म्राङ्सि फिह्युल निसि तिलाइ छाःसि बाबारि खाम्ला कि बिबाक्यार ङाला सेम निजि।,त्यो देखेर विदेश गएर केही कमाएर ल्याउन सकिन्छ कि भन्नेतिर मेरो मन गयो।,"Seeing that, I wondered if I could go abroad and earn something to bring back home.",D1A,13,medium,Past,Affirmative
COM_D4C_S1_S2_2522,"ज्योस्हेङकृति दात्तेदोःना याङ्बा आरे तासाइ ङानि अनुसन्धान लाबान मुला, थेसे पाङ्जि।","कलाकृति अहिलेसम्म भेटिएको छैन तर हामी अनुसन्धान गरिरहेका छौँ , उनले भने।","The artwork has not been found yet, but we are still researching, he said.",D4C,12,medium,Non-Past,Affirmative
COM_P2_D5G_S1_7755,ह्याङसे पाङ्ग्यालरि ह्राङ्ला प्रतिभा हुन्बारि खाम्जि बिसाम ङिरेम च्याम्पियन तासेला मुला।,हामीले मैदानमा आफ्नो प्रतिभा प्रस्तुत गर्न सक्यौं भने दोस्रो पटक च्याम्पियन हुनेछौँ ।,"If we can showcase our talent on the field, we will become champions for the second time.",D5G,12,medium,Non-Past,Affirmative
D4S_S2_5842,यी थुमरि नाम्स्यो दिनिरे नोन विद्युत् साप्तो प्रभावित ताबा प्राधिकरणसे ग्रा तेसि ग्रानाङ पिन्बाला मुला।,यी क्षेत्रमा भोलि आइतवार पनि विद्युत् सेवा प्रभावित हुने प्राधिकरणले सूचना निकालेर जानकारी दिएको छ।,The NEA has issued a notice stating that electricity service will be affected in these areas tomorrow and Sunday as well.,D4C,15,medium,Non-Past,Affirmative
D1A_S0_B1_3151,थेसे दान्दे रेदाङ्से ४० हेन्से ६० केजीदोःना स्यामो चुङ्सिचिबा मुला।,उनँले अहिले दैनिक ४० देखि ६० केजीसम्म च्याउ बिक्री गरिरहनुभएको छ।,He is currently selling 40 to 60 kg of mushrooms daily.,D1A,11,medium,Non-Past,Affirmative
COM_P2_D4C_S1_B3_2036,"चुसे काप्पा नेपालीदा ज्योइल्हाम लाबारि खाबारि प्रोत्साहन याङ्सेला मुला थेन सामान नोन सस्तो तासेला मुला, थेसे काप्मुला।","यसले थप नेपालीलाई पदयात्रा गर्न आउन प्रोत्साहन मिल्नेछ र सामान पनि सस्तो हुनेछ, उनी थप्छन्।","This will encourage more Nepalis to come and trek and the goods will also be cheaper, he adds.",D4C,15,medium,Non-Past,Affirmative
COM_D5G_S3_3997,प्रेनोन सोबा ग्रान चासि निमादा ज्युन्हिला स्होबा पिटरसे एकाएक तिल्दा निमादा ख्लामुला ?,सँगै बाँच्ने कसम खाएर निमालाई दुई जिउकी बनाएका पिटरले एकाएक किन निमालाई छाड्छन्?,"Why does Peter suddenly leave Nima, who had promised to live together and made Nima a double?",D5G,13,medium,Non-Past,Affirmative
COM_D3E_S3_2868,त्रिविसे लोप्खेनला पायक ताबा उइग्याम परीक्षा किन्बा मोडालिटीरि परीक्षा स्याङ्बा हिन्ना।,त्रिविले विद्यार्थीको पायक पर्ने केन्द्रबाट परीक्षा लिने मोडालिटीमा परीक्षा सञ्चालन गर्ने भएको हो।,Tribhuvan University is planning to conduct the exam in a modality where the exam will be taken from a center convenient to the student.,D3E,13,medium,Non-Past,Affirmative
COM_P2_D3E_S1_6681,लोप्खाङरि मोबाइल फोन पुइबादा झान ग्रेन विकृतिला स्रुगरि चित्रण लाबारि ति:जि।,विद्यालयमा मोबाइल फोन बोक्नुलाई झन् ठूलो विकृतिका रूपमा चित्रण गर्न थालियो।,Carrying mobile phones to school began to be portrayed as an even greater aberration.,D3E,11,medium,Past,Affirmative
COM_D5G_S6_4912,थेसे चु गे खालाइसे लासिपिन्साम तासेला बिसि ङ्हाउहेन्सेन ह्राङसे सोचतिबा अन्तत आश्रमसे लाबा था याङ्सि ताङ्बा ताबा पाङ्जि।,उनले यो काम कसैले गरिदिए हुन्थ्यो भनेर विगतदेखि नै आफूले सोचेको अन्तत आश्रमले गरेको थाहा पाएर खुसी लागेको बताए।,"He said he was happy to know that the ashram had finally done what he had been thinking for a long time, that someone else would have done.",D5G,19,long,Past,Affirmative
COM_P2_D4C_S1_B2_998,तामाङ रिमठिमछाप अभिरुचि ताबाकादेला लागिरि नमोबुद्ध ज्याबा दोखाङ हिन्ना।,तामाङ संस्कृतिप्रति अभिरुचि हुनेहरूका लागि नमोबुद्ध राम्रो गन्तव्य हो।,Namobuddha is a good destination for those interested in Tamang culture.,D4C,9,medium,Non-Past,Affirmative
D1A_S0_B2_1294,पायल्सला काक्ता मुला बिसाम  थेला प्रकृति आनाम श्रेणी आन्सार क्योन्बा विधि आप्नाब लातोबा मुला।,पायल्सको समस्या छ भने चाहि त्यसको प्रकृति अर्थात श्रेणी अनुसार उपचार विधि अपनाउनु पर्छ।,"If you have a problem with piles, you should adopt a treatment method according to its nature, i.e., category.",D1A,14,medium,Non-Past,Affirmative
D1A_S0_B1_803,तिलाइ दिङ ङाच्छा थेला ३० बिगारि सास्हिङ तामुबा।,केही वर्षअघि उनको ३० बिगामा खेती हुन्थ्यो।,"A few years ago, he had 30 bighas of land for farming.",D1A,7,short,Past,Affirmative
COM_P3_D3E_S1_5294,ह्याङ्ला वैज्ञानिककादेला विश्वव्यापी ग्युइ नेटवर्करि पहुँच ल्हेःनालातोला।,हाम्रा वैज्ञानिकहरूको विश्वव्यापी ज्ञान नेटवर्कमा पहुँच बढाउनुपर्नेछ।,Our scientists' access to the global knowledge network must be increased.,D3E,7,short,Non-Past,Affirmative
COM_P2_D3E_S1_3382,याम्बु महानगरपालिकाला मेयर बालेन्द्र साहसे लोप्बोनसे लोप्खाङ डुङ्बा लासाम कारबाही लासेला चेतावनी पिन्बा मुला।,काठमाडौँ महानगरपालिकाका मेयर बालेन्द्र साहले शिक्षकले स्कुल बन्द गरे कारबाही गर्ने चेतावनी दिएका छन्।,Kathmandu Metropolitan City Mayor Balendra Sah has warned of action if teachers close schools.,D3E,14,medium,Non-Past,Affirmative
COM_P2_D2H_S3_3246,मिःख्यारख्युर छिङ्गाइ तेमेला प्लेनसे  मसाज लामा म्लाङ्गाइ घेरा च्याङ्ना ताबान निमुला।,आँखावरिपरि काँचो आलुको टुक्राले मसाज गर्दा कालो घेरा कम हुँदै जान्छ।,Massaging raw potato slices around the eyes helps reduce dark circles.,D2H,11,medium,Non-Past,Affirmative
COM_P2_D3E_S2_2075,सङ्गतला प्रभाव ल्हानान शक्तिशाली तामुला।,सङ्गतको प्रभाव ज्यादै शक्तिशाली हुन्छ।,The influence of association is very powerful.,D3E,5,short,Non-Past,Affirmative
D4S_S2_6034,दिङ दाङ्से खाबा होनसे खोर्बा नोन ब्लुम्बा स्थानीयसे पाङ्जि।,प्रत्येक वर्ष आउने बाढीले टोल नै डुबाउने स्थानीयले बताए।,Locals said that the floods that occur every year drown the entire village.,D4C,9,medium,Past,Affirmative
COM_P2_D2H_S1_4369,चुनोन ख्योल्बा बारम्बार दोहोर् याइतिजि बिसाम गोर्लाङ फिल्टर लाबा ह्याङ्ला क्युइला दुदुम गोल्छेसे च्याङ्ना तासि निला।,यही गल्ती बारम्बार दोहोर्‍यायौँ भने किड्नी फिल्टर गर्ने हाम्रो पानीको क्षमता बिस्तारै कम भएर जान्छ।,"If we repeat this mistake over and over again, our kidneys' ability to filter water will gradually decrease.",D2H,15,medium,Non-Past,Affirmative
COM_D2H_S1_S2_2062,"सोयाविन, पनिर, सिफुड, डेरी उत्पादन ह्राङ्बा चाबास्हे ल्हिन नियन्त्रण लाबारि छ्याह्रो दोःबारि खाम्ला।","सोयाविन, पनिर, सी फुड, डेरी उत्पादन जस्ता खानेकुरा तौल नियन्त्रण गर्न सहायक बन्न सक्छ।","Foods like soybeans, cheese, seafood, and dairy products can help with weight control.",D2H,14,medium,Non-Past,Affirmative
COM_P2_D5G_S2_4216,सञ्जालला चुराङ्बा गोपदा नेतृत्व लाबाकादे नाेन ह्याङसे म्राङ्सि खाबान मुला ।,सञ्जालको यस्ता भिडलाई नेतृत्व गर्नेहरू पनि हामीले देखिआएकै छौँ ।,We have also seen those who lead such crowds of networks.,D5G,9,medium,Non-Past,Affirmative
COM_P2_D4C_S1_B4_1191,खरनाला न्हाङ्गारदाङ्से दिनिरि गान्दि वा ग्योइलिङ कुनिरि पूजा लामुला।,खरनाको भोलिपल्ट दिउँसो नदी वा तलाउ किनारमा पूजा गरिन्छ।,The worship is done on the banks of a river or lake in the afternoon the day after Kharna.,D4C,9,medium,Non-Past,Affirmative
COM_P2_D2H_S2_7555,थेला तिङला बायाँ धमनीरि महत्त्वपूर्ण स्टेनोसिसु म्राङ्बा थेन थेदा च्याङ्ना लाबा तुरुन्तन् स्टेन्ट थान्बा सुत्ताइ अस्पतालसे उन्पाङ्बा मुला।,उनको मुटुको बायाँ धमनीमा महत्त्वपूर्ण स्टेनोसिसु देखिएको र त्यसलाई कम गर्न तुरुन्तै स्टेन्ट राखिएकोसमेत अस्पतालले जनाएको छ।,The hospital also reported that significant stenosis was detected in his left coronary artery and a stent was immediately placed to relieve it.,D2H,17,long,Non-Past,Affirmative
COM_P2_D3E_S3_5401,थे बिमा ङाच्छा नोन पीओएस मेसिनला मिनरि इन्क प्रिन्टर खाबा मुबा।,त्यो भन्दा पहिले पनि पीओएस मेसिनको नाममा इन्क प्रिन्टर आएको थियो।,"Even before that, an inkjet printer was introduced under the name of POS machine.",D3E,11,medium,Past,Affirmative
COM_P2_D5G_S1_8185,आमातेन चर्काचर्की ताबा गोरगिक नोन घटना लेनिनला डान्बारि आरेबा।,आमासँग चर्काचर्की भएको एउटा पनि घटना लेनिनको स्मरणमा थिएन।,Lenin did not remember a single incident of arguing with his mother.,D5G,9,medium,Past,Negative
D1A_S0_B1_3459,सानाम थुमला लागिरि सिका डि  गिक बुम न्हि बजेट खासाइनोन मंगला गाउँपालिकासे थे बजेट स्यान क्राछिकरि छुट्याइतिबा मुबा।,कृषि क्षेत्रका लागि रु एक करोड दुई लाख बजेट आएपनि मंगला गाउँपालिकाले सो बजेट अन्य शीर्षकमा छुट्याएको छ।,"Although a budget of Rs. 1 crore 2 lakh has been allocated for the agricultural sector, Mangala Rural Municipality has allocated that budget under other headings.",D1A,18,long,Non-Past,Affirmative
COM_D2H_S1_S2_204,ल्हुइथाङ्पाला ग्रोइरि जेक्खेन मान चाबा।,स्वास्थ्यकर्मीको सल्लाहमा मात्रै औषधि सेवन गर्ने।,Take medication only on the advice of a healthcare professional.,D2H,6,short,Non-Past,Affirmative
COM_D5G_S1_S2_1435,ङा पुरानोन तोसोसे गे लाबारि खाम्ला।,म पुरानै तरीकाले काम गर्न सक्छु।,I can work the same way I used to.,D5G,6,short,Non-Past,Affirmative
D4S_S3_4155,च्याङ्ना दुइरिन हेलिकप्टर स्हेङ्बालिच्छा स्थानीयकादे ह्रोला गेसे चकित ताबा मुला।,थोरै समयमै हेलिकप्टर निर्माण गरेपछि स्थानीयहरू उहाँको कामले चकित भएका छन्।,Locals are amazed by his work after building a helicopter in such a short time.,D4C,11,medium,Non-Past,Affirmative
COM_P2_D5G_S1_9838,"ङानिसे ज्योमो पाङ्बा लिच्छा सात्तान तारनोन म्राङ्सि चिबा तासाइ थेरि मि ज्योमोकादे नोन थिङाइ, पिङ्गाइ, उःर, वाला म्राङ्बारि याङ्जि।","हामीले हिमाल भनेपछि सधैँ सेतै देखिराखेको तर त्यहाँ त हिमालहरू नै निला, हरिया, पहेँला, राता देख्न पाइयो।","We always think of the mountains as white, but there we could see the mountains themselves in blue, green, yellow, and red.",D5G,17,long,Past,Affirmative
COM_D3E_S3_885,ग्युइसेरकि गुणस्तर ओत्तेन याङ्बा आता।,शैक्षिक गुणस्तर त्यत्तिकै प्राप्त हुँदैन।,Educational quality is not achieved just like that.,D3E,5,short,Non-Past,Negative
COM_P2_D4C_S1_B2_3583,नेपाल एकीकरणला चुःबा गोरखा ग्याल्खाङग्याम ताबासेलामा ह्युलकोर्पाकादे मिक्साल लाबारि खामुला।,नेपाल एकीकरणको सुरुवात गोरखा दरबारबाट भएकाले पर्यटकहरू अवलोकन गर्न आउँछन्।,Tourists come to visit the Gorkha Palace as it is the beginning of Nepal's unification.,D4C,10,medium,Non-Past,Affirmative
P2_D1A_S0_B2_1231,तोदेबा साइ आयाङ्बान ङ्यान्दि लिच्छाला दुइरि सानाम्पासे च्या फ्रेल्बारि ख्लासिजिन्बा हिन्ना।,उचित मूल्य नपाएकै कारण पछिल्लो समयमा कृषकले चिया विस्तार गर्न छाडिसकेका हुन्।,Farmers have recently stopped growing tea due to not getting a fair price.,D1A,12,medium,Non-Past,Affirmative
COM_P2_D3E_S1_2498,लोप्खेनला ब्रेस्सो ङ्यान्बा लोप्खेन गोबोनजुगु आरे।,विद्यार्थीको गुनासो सुन्ने विद्यार्थी नेताहरू छैनन्।,There are no student leaders to listen to student complaints.,D3E,6,short,Non-Past,Negative
COM_D3E_S3_2179,फिच्चा विश्वविद्यालय भक्तपुर नगरपालिकासे स्याङ्बारि विधेयकरि उन्ब्रिबा मुला।,उक्त विश्वविद्यालय भक्तपुर नगरपालिकाले सञ्चालन गर्ने विधेयकमा उल्लेख छ।,The bill states that the university will be operated by Bhaktapur Municipality.,D3E,9,medium,Non-Past,Affirmative
COM_D2H_S1_S2_1731,चुसे निमोनिया एन ङ्योइबारि खाम्ला।,यसले निमोनिया पनि निम्त्याउन सक्छ।,It can also cause pneumonia.,D2H,5,short,Non-Past,Affirmative
P3_D1A_S0_B1_3601,थेनोन नाम्साला स्थानीय इस्लाम कवाडीसे चुदिङ सास्हिङला लागिरि जेन आतान थुङ्बाला लागिरि नोन वादिरि क्युइआखाबा थाइना लाजि।,सोही गाउँका स्थानीय इस्लाम कवाडीले यस वर्ष खेतीको लागि मात्र नभएर पिउनको लागि पनि कलमा पानी नआएको सुनाए।,"Islam Kawadi, a local from the same village, said that this year, there has been no water in the well, not only for farming but also for drinking.",D1A,18,long,Past,Affirmative
COM_P2_D5G_S2_913,म्होकोन शान्त तासि चिबारि म्होइजेन लाबान  मुबा।,सबै शान्त भएर बसिदिनु अनुरोध गर्दै थिए।,Everyone was requested to remain calm.,D5G,7,short,Past,Affirmative
COM_P2_D4C_S1_B1_4496,खेःबा खिम्साकादेरि दात्ते नोन इन्द्रजात्थाररि यःसिँ क्याबा छेप मुला।,पुराना बस्तीहरूमा अहिले पनि इन्द्रजात्रामा यःसिँ ठड्याउने चलन छ।,"In old settlements, it is still customary to erect a Yasin during Indra Jatra.",D4C,9,medium,Non-Past,Affirmative
COM_P2_D2H_S1_7995,"कन्जक्टिभाइटिस, क्रोबा वाला ताबा, क्ह्रिङ्बा थेन कादेराङ नाछालरि ह्रेङ्बादुइकि काक्ता ङ्योइबारि खाम्ला।","कन्जक्टिभाइटिस, जलन–रातो हुने, चिलाउने र कतिपय अवस्थामा दीर्घकालीन समस्या निम्त्याउन सक्छ।","Conjunctivitis can cause irritation, redness, itching, and in some cases, long-term problems.",D2H,11,medium,Non-Past,Affirmative
COM_P2_D4C_S1_B4_651,चुला ल्हेछ्याला लागिरि नगरपालिका गेछ्या लाबारि सात्तान तयार मुला।,यसको प्रवर्द्धनका लागि नगरपालिका सहकार्य गर्न सदैव तयार छ।,The municipality is always ready to cooperate in its promotion.,D4C,9,medium,Non-Past,Affirmative
COM_P2_D3E_S3_5318,"न्हिछा, बसला म्रापरि थान्बा डिभाइसरि भाडा छाद न्नाङ कार्ड ट्याप लासि टाङ्गा फाबारि खाम्ला।","दोस्रो, बसको ढोकामा राखिएको डिभाइसमा भाडा दर थिचेर कार्ड ट्याप गरेर पैसा तिर्न सकिन्छ।","Second, you can pay by tapping the fare rate on the device placed at the bus door and tapping your card.",D3E,14,medium,Non-Past,Affirmative
COM_P3_D3E_S1_10067,सांसद कोइरालासे नतिजा थेन ह्रेवाखेन्बा ग्युइसेरग्यामनोन ह्युलला समृद्धिरि ह्रोछ्या दोबा उन्ब्रिजि।,सांसद कोइरालाले नतिजा र व्यवहारिक शिक्षाबाट नै मुलुकको समृद्धिमा सहयोग पुग्ने उल्लेख गरे।,MP Koirala noted that results-based and practical education will contribute to the country's prosperity.,D3E,13,medium,Past,Affirmative
COM_P2_D3E_S2_6484,छ्योइ उपलब्ध आतामा पठनपाठनरि काक्ता ताबा लोप्खाङला लोप्बोन लक्ष्मण प्रसाद उपाध्यासे पाङ्जि।,किताब उपलब्ध नहुँदा पठनपाठनमा समस्या भएको विद्यालयका शिक्षक लक्ष्मण प्रसाद उपाध्याले बताए।,School teacher Laxman Prasad Upadhyay said that there is a problem in teaching and learning due to the lack of books.,D3E,12,medium,Past,Affirmative
P3_D1A_S0_B1_2464,डडेल्धुराला अजयमेरु गाउँपालिका–१ मेलकट्टेला टीकाराम चुनारा छोङ्पा स्यामो सास्हिङ लासि चिबा मुला।,डडेल्धुराको अजयमेरु गाउँपालिका–१ मेलकट्टेका टीकाराम चुनारा व्यवसायिक च्याउखेती गरिरहेका छन्।,"Tikaram Chunara of Melkatte, Ajaymeru Rural Municipality-1, Dadeldhura, is engaged in commercial mushroom farming.",D1A,10,medium,Non-Past,Affirmative
COM_D2H_S4_910,ङाला दुदुम आन्सार खाचिबाइ नोन ब्लोनखाङ स्याङ्बारि खाम्ला।,मेरो क्षमताअनुसार कुनै पनि मन्त्रालय चलाउन सक्दछु।,I can run any ministry according to my ability.,D2H,7,short,Non-Past,Affirmative
COM_D2H_S3_1054,फिर्ग्याप ह्युलरिक्यार दालला सूप सोसि झानाब आलाना चाबा चलन मुला,विदेशतिर दालको सूप बनाएर नझानी खाने चलन छ।,"Abroad, it is customary to make lentil soup and eat it raw.",D2H,8,medium,Non-Past,Affirmative
COM_P2_D5G_S1_542,छाप च्याङबाला सुङरि वाङ्बारि दोजि।,छाप कान्छाको मुखमा लाग्न पुग्यो।,The mark reached the younger boy's mouth.,D5G,5,short,Past,Affirmative
P3_D1A_S0_B2_2855,तोःबा तालिम थेन खेन्पोला ग्रोइ किन्सि चुला सानाम्पासे अलैँचीदा थिग्युन लासि उत्पादन ङाच्छालान नाछालरि दोना लाबा बाङ तिःबा मुला।,आवश्यक तालिम र विज्ञको सल्लाह लिएर यहाँका किसानले अलैँचीलाई सुधार गरेर उत्पादन पुरानै अवस्थामा पुर्‍याउने प्रयास थालेका छन्।,"With the necessary training and expert advice, farmers here have begun efforts to improve cardamom and restore production to its former glory.",D1A,18,long,Non-Past,Affirmative
COM_D4C_S1_S2_2468,बलुन नेपाल प्रालिला चोहो विक्रम बाडेसे ग्रेनकाप्तोनला तोःबा तयारी ताचिबा ग्रानाङ पिन्जि।,बलुन नेपाल प्रालिका अध्यक्ष विक्रम बाडेले महोत्सवको आवश्यक तयारी भइरहेको जानकारी दिए।,"Bikram Bade, Chairman of Balloon Nepal Pvt. Ltd., informed that necessary preparations for the festival are underway.",D4C,12,medium,Past,Affirmative
COM_P2_D5G_S2_7409,"यद्यपि केटीसे थेला प्रस्तावदा अस्वीकार लाबा मुबा, थेसे केटीदा म्लेबारि खाम्बा आरेबा।","यद्यपि केटीले उसको प्रस्तावलाई अस्वीकार गरेकी थिई, उसले केटीलाई भुल्न सकेको थिएन।","Although the girl had rejected his proposal, he had not been able to forget her.",D5G,12,medium,Past,Negative
COM_P3_D3E_S3_3058,"पाठ्यपुस्तक, वैज्ञानिक तेःबाजुगु, एकेडेमिक प्रोजेक्टजुगु, गोष्ठीजुगु किन्बापिन्बा तासेला मुला।","पाठ्यपुस्तक, वैज्ञानिक प्रकाशनहरू, एकेडेमिक प्रोजेक्टहरू, सेमिनारहरू आदानप्रदान हुनेछन्।","Textbooks, scientific publications, academic projects, and seminars will be exchanged.",D3E,8,medium,Non-Past,Affirmative
COM_D4C_S1_S2_2630,ह्युलकोर विभागला ग्रा अधिकारी सुरेन्द्र थापाला आन्सार चु साङ्ज्या निबा दिङला जोल्वारि ल्हेःबा हिन्ना।,पर्यटन विभागका सूचना अधिकारी सुरेन्द्र थापाका अनुसार यो सङ्ख्या गत वर्षको तुलनामा बढेको हो।,"According to Surendra Thapa, Information Officer at the Department of Tourism, this number has increased compared to last year.",D4C,14,medium,Non-Past,Affirmative
P2_D1A_S0_B2_3006,उपज बजार दोनालाबारि सहज तागाइ बिसि सानाम एम्बुलेन्स बाबारि म्हाइबा थेसे पाङ्जि।,उपज बजार पुर्‍याउन सहज होस् भनेर कृषि एम्बुलेन्स ल्याउन खोजिएको उनले बताए।,He said that efforts are being made to bring in an agricultural ambulance to facilitate the transportation of produce to the market.,D1A,12,medium,Past,Affirmative
COM_P2_D4C_S1_B1_111,केकी दिमथेमेला ह्रोमिकादेतेन तीज दाङ्बारि सेम लामुला।,केकी परिवारका सदस्यहरूसँगै तीज मनाउन मन पराउँछिन्।,Keki loves to celebrate Teej with her family members.,D4C,7,short,Non-Past,Affirmative
COM_D3E_S3_514,ग्युइसेरकि सत्रदा नोन ह्रेङ्ना लातोजि।,शैक्षिकसत्रलाई नै लम्ब्याउनु परेको थियो।,The academic session itself had to be extended.,D3E,5,short,Past,Affirmative
COM_P2_D2H_S2_3673,क्योन्बा जजा उमेररि जती सजिलो तामुला उमेर वढ्दिबान् निमालिच्छा उति नोन गर्हो तामुला,उपचार सानो उमेरमा जती सजिलो हुन्छ उमेर वढ्दै गएपछी उति नै गर्हो हुन्छ।,"The easier the treatment is at a young age, the more difficult it becomes as we get older.",D2H,13,medium,Non-Past,Affirmative
COM_D3E_S3_534,दारेम लोप्बोनसे सक्रियता उन्तोजि।,अब शिक्षकले सक्रियता देखाउनुपर्‍यो।,Now the teacher had to be proactive.,D3E,4,short,Past,Affirmative
COM_D3E_S3_4230,चु ङाच्छा बोर्डसे नोन नुर न्हिदोःना नन्‌ग्रेडिङमा ताबा लोप्खेनला ग्रेडल्हे:ना परीक्षा गोने १८ थेन १९ रि तासेला उन्पाङ्बा मुबा।,यसअघि बोर्डले दुई विषयसम्म नन्‌ग्रेडिङमा परेका विद्यार्थीको ग्रेडवृद्धि परीक्षा साउन १८ र १९ मा हुने जनाएको थियो।,"Earlier, the board had announced that the grade enhancement exam for students who were non-grading in up to two subjects would be held on Shrawan 18 and 19.",D3E,17,long,Past,Affirmative
D1A_S0_B1_4592,नार्कसे कट्ठाछाप कम्पोस्ट सार ग्यार्जा न्हि किलो आनाम छाङ ७ हेन्से ८ प्रयोग लाबारि सिफारिस लाबा मुला।,नार्कले प्रतिकट्ठा कम्पोस्ट मल २ सय किलो अर्थात् ७ देखि ८ डोको प्रयोग गर्न सिफारिस गरेको छ।,"NARC recommends using 2 hundred kg of compost per bag, or 7 to 8 bags.",D1A,17,long,Non-Past,Affirmative
COM_D4C_S1_S2_1879,ज्याङगि थुम तारकेश्वररि मुबा स्हिवाधामरि न्हाङ्बा ओसेम फिबा ह्युलकोरपा ल्हेःसि निबान मुला।,उत्तरी क्षेत्र तारकेश्वरमा रहेको शान्तिधाम मा आन्तरिक तथा बाह्य पर्यटक बढ्दै गएका छन्।,"Shantidham, located in Tarakeswar, a northern region, has seen an increase in the number of domestic and foreign tourists.",D4C,13,medium,Non-Past,Affirmative
P2_D1A_S0_B1_236,पाटापला क्योल्बा ल्हेःनालासि बजारीकरण लातोःबा मुला।,बाँसको प्रयोग बढाउन बजारीकरणको आवश्यक छ।,Marketing is needed to increase the use of bamboo.,D1A,6,short,Non-Past,Affirmative
D4S_S2_872,थेला ह्रेम्बासे थेदा ख्लाबा ११ दिङ ताजि।,उनका श्रीमानले उनलाई छाडेको ११ वर्ष भयो।,It has been 11 years since her husband left her.,D4C,7,short,Past,Affirmative
COM_P2_D2H_S5_4359,सुदूरपश्चिम सरकारसे पहाडी जोङला अस्पतालग्याम भेन्टिलेटर फिर्ता ह्रिबा मुला,सुदूरपश्चिम सरकारले पहाडी जिल्लाका अस्पतालबाट भेन्टिलेटर फिर्ता मागेको छ।,The Far Western government has requested the return of ventilators from hospitals in the hilly districts.,D2H,9,medium,Non-Past,Affirmative
COM_P2_D3E_S2_748,पेशागत सङ्गठन पेशागत फेल्गेबाला खाम्बा हिन्ना।,पेशागत सङ्गठन पेशागत विकासको खम्बा हो।,Professional organizations are a pillar of professional development.,D3E,6,short,Non-Past,Affirmative
COM_D3E_S3_2505,लोप्डोबा प्रभावित ताबालिच्छा विश्वविद्यालयसे मिरे ताला ल्हागाब लाबा तिलोदा वार्तारि खाबारि दाल्ना लाबा मुला।,पढाइ प्रभावित भएपछि विश्वविद्यालयले मङ्गलबार ताला लगाउने पक्षलाई वार्तामा आउन आह्वान गरेको छ।,"After studies were affected, the university called on the parties to the lockout to come to talks on Tuesday.",D3E,13,medium,Non-Past,Affirmative
P4_D1A_S1_B1_3285,डुङ्बाडुङ्बिला ङ्यान्दि बान्डा चुङ्बारि छोङ्पोगुङ प्रतिस्पर्धा आतामा तोःतेबा साइ याङ्बारि आखाम्बा सानाम्पा गुरागाईंला पाङ्बा मुला।,बन्दाबन्दीका कारण गोलभेँडाको बिक्रीमा व्यापारीबीच प्रतिस्पर्धा नहुँदा उचित मूल्य पाउन नसकेको कृषक गुरागाईँको भनाइ छ।,"Farmer Guragain says that due to the lack of competition among traders in the sale of tomatoes due to the lockdown, they have not been able to get a fair price.",D1A,15,medium,Non-Past,Affirmative
COM_D4C_S1_S2_3543,जोङला ल्होलो ह्युलकोरकिग्ला अङ्कित लोगो फहराइतिबा दोन्ताला छ्याम कामरेहेन्से ल्हाम चुःबा लाबा गुरुङसे पाङ्जि।,जिल्लाका विभिन्न पर्यटकीयस्थल अङ्कित लोगो फहराउने उद्देश्यका साथ शनिबारदेखि यात्रा सुरु गरिएको गुरुङले बताए।,Gurung said that the journey began on Saturday with the aim of hoisting logos of various tourist attractions in the district.,D4C,14,medium,Past,Affirmative
COM_D3E_S3_4159,हिसानला चोहोसे ग्युइसेर थुमरि निजी थुमला उल्लेखनीय योगदान ताबा उन्ब्रिबा लाबान ग्याल्सासे निजी थुमदा समेट्दितोबा पाङ्स्ह्युजि।,हिसानका अध्यक्षले शिक्षा क्षेत्रमा निजी क्षेत्रको उल्लेखनीय योगदान भएको उल्लेख गर्दै राज्यले निजी क्षेत्रलाई समेट्नुपर्ने बताउनुभयो।,The HISAN chairman noted that the private sector has made significant contributions to the education sector and said that the state should involve the private sector.,D3E,16,long,Past,Affirmative
COM_D2H_S3_3895,म्हेला ग्वाइरि अमेरिकासे अनुसन्धान लासि गोर ङा गोमूत्रग्याम स्होबा मानला पेटेन्ट राइट किन्बा गोङ्युङ्नेी सोमराज पाङ्मुला।,गाईको गहुँतमा अमेरिकाले शोध अनुसन्धान गरी पाँचवटा गोमूत्रबाट बन्ने औषधीको पेटेन्ट राइट लिएको गोव्रती सोमराज बताउनुहुन्छ।,Govrati Somraj says that the US has researched and patented five medicines made from cow urine.,D2H,16,long,Non-Past,Affirmative
D4S_S2_7527,"थेराङ्बान सद्धिचरण नगरपालिकाला रुम्जाटाररि स्मार्ट सिटी स्हेङ्बा, श्रष्टापार्क स्हेङ्बाला लागिरि डीपीआर स्होसि गे चुःबाला मुला।","त्यस्तै सद्धिचरण नगरपालिकाको रुम्जाटारमा स्मार्ट सिटी निर्माण, श्रष्टापार्क निर्माणका लागि डीपीआर बनेर काम सुरु भएका छन्।","Similarly, work has begun on the construction of a smart city and a Shreshta Park in Rumjatar, Saddhicharan Municipality.",D4C,16,long,Non-Past,Affirmative
COM_D5G_S3_746,थेसेलामा गोरगिक कोठादा सघन क्योन्बा–कक्षरि ग्युर्पुङ्जि।,त्यसैले एउटा कोठालाई सघन उपचार–कक्षमा परिणत गराएँ।,So I had one room converted into an intensive care unit.,D5G,7,short,Past,Affirmative
COM_D4C_S1_S2_1031,विहार स्याङ्बारि खाबालिच्छा रेदाङ्से न्हाङ्पा ह्युलकोर्पा कोर्बारि खाबारि ति:बा हिन्ना।,विहार सञ्चालनमा आएपछि दैनिक आन्तरिक पर्यटक घुम्न आउन थालेका हुन्।,"After the monastery became operational, domestic tourists have started visiting it daily.",D4C,10,medium,Non-Past,Affirmative
D1A_S0_B1_4821,उच्च घनत्वला गाला प्रजातिला स्याउ यान्दे १० गते थेन रिङरोट जातला स्याउ यान्दे १५ गतेहेन्से थुबारि वाङ्बा माल।,उच्च घनत्वको गाला प्रजातिका स्याउ भदौ १० गते र रिङरोट जातको स्याउ भदौ १५ गतेदेखि नै टिप्न थालिएको छ।,The high-density Gala variety of apples has been harvested since Bhadra 10th and the Ringroot variety has been harvested since Bhadra 15th.,D1A,19,long,Non-Past,Affirmative
COM_D3E_S1_S2_868,थेदा १५ ग्योइला ग्युइ मुबा।,उनलाई १५ भाषाको ज्ञान थियो।,He knew 15 languages.,D3E,5,short,Past,Affirmative
COM_D5G_S5_263,ङाला आस्याङला जामेला ह्रेम्बा सिबालिच्छा याकारगिक म्रिङकोला दोःजि।,मेरो मामाकी छोरीको श्रीमान् बित्नुभएपछि एकल महिला बनिन्।,My maternal uncle's daughter became a single woman after her husband passed away.,D5G,8,medium,Non-Past,Affirmative
COM_P2_D5G_S4_4054,ह्राङ्ला तिलाइ नोन तिवार व्हाइ गिकतेन स्यान्दो आडिक्पा थेसे पाङ्मुला।,आफ्ना कुनै पनि तिहार व्हाइ एउटासँग अर्को नमिल्ने उनी बताउँछन्।,He says that none of his Tihar celebrations are the same as the other.,D5G,10,medium,Non-Past,Affirmative
COM_P2_D5G_S1_4424,"थेला स्ह्याङसे पाङ्जि, ङानि मि ताइबा काङ ख्रुबा आहिन।","उसका मावलीले भने, हामी त खस्सेको गोडो धुने होइनौं।","His maternal family said, ""We're not here to wash Khasse's foot.""",D5G,9,medium,Non-Past,Affirmative
COM_P2_D4C_S1_B2_1112,बिघा ६५ क्षेत्रफलरि फेल्बा विमानस्थल फ्रेल्बारि काप्पा सा सुत्ताइ तोःबा प्राधिकरणला पाङ्बा मुला।,६५ बिघा क्षेत्रफलमा फैलिएको विमानस्थल विस्तारमा थप जग्गा समेत आवश्यक पर्ने प्राधिकरणको भनाइ छ।,"The authority says that additional land will be required for the expansion of the airport, which is spread over an area of ​​65 Bighas.",D4C,14,medium,Non-Past,Affirmative
COM_D5G_S5_1874,मिहिनेत अलाना ग्रेन दोःबा थेन चर्चा छाबा लोभरि सोसिचिबा मुला।,मिहिनेत नगरी ठूलो बन्ने र चर्चा कमाउने लोभमा बाँचिरहेको छ।,They are living in the greed of becoming big and gaining fame without working hard.,D5G,10,medium,Non-Past,Affirmative
COM_P3_D3E_S1_12058,खतिवडा चु बिमा ङाच्छा नोन ल्हानान व्हाइकादे थेन छ्योइ सुत्ताइ ठोङ्सेङ ताबा मुला।,खतिवडा यस भन्दा अगाडि पनि थुप्रै गीतहरू र पुस्तकसमेत सार्वजनिक भएका छन्।,Khatiwada has published many songs and books before this.,D3E,12,medium,Non-Past,Affirmative
COM_P2_D2H_S2_7134,"गाउँपालिकासे कराररि अनमीछ्याम हेल्थ असिस्टेन्ट, रोजगार सहायक थेन सानाम स्नातक प्राविधिकला परीक्षा स्याङ्बा लामुबा।","गाउँपालिकाले करारमा अनमीसहित हेल्थ असिस्टेन्ट, रोजगार सहायक र कृषि स्नातक प्राविधिकको परीक्षा सञ्चालन गरेको थियो।","The rural municipality had conducted the examination for Health Assistant, Employment Assistant, and Agricultural Graduate Technician, including Unmi, under contract.",D2H,15,medium,Past,Affirmative
COM_D5G_S5_76,ङाइ नोन चाङतेन चिबारि ज्याबा म्हान्जि।,मैले पनि भाउजूुसँग बस्नु ठीक ठानें।,I also thought it would be best to stay with my sister-in-law.,D5G,6,short,Past,Affirmative
COM_P2_D5G_S2_1229,दुइला स्युगदा काठाक्बा लाजि।,समयको गतिलाई निर्देशित गरे।,Directed the pace of time.,D5G,4,short,Past,Affirmative
COM_D5G_S1_S2_2134,"ङादा चु ल्हेबाफेबासे चुत्ते अन्योलग्रस्त तानालाजि, न्हा ङा ज्यानालासि देब ङोसेला, न्हा क्यात।","मलाई यस विभेदले यति अन्योलग्रस्त तुल्याएको छ, न म राम्ररी देब्रे चिन्छु, न दाहिने।",This distinction has left me so confused that I don't really know which is left or which is right.,D5G,14,medium,Non-Past,Affirmative
P4_D1A_S1_B1_3867,थुइछापा घिमिरेला आन्सार फोस्टो थुम न्हाबारि खाम्बा जात डु थेन ब्लुम्बा न्हाबारि खाम्बा जात न्हिला सुनला फिरि ग्रानाङ लासेला मुला।,संयोजक घिमिरेका अनुसार सुक्खा क्षेत्र सहन सक्ने छ जात र डुबान सहन सक्ने दुई जातका धानको बारेमा जानकारी गराइने छ।,"According to coordinator Ghimire, information will be provided about six varieties of rice that can tolerate dry areas and two varieties that can tolerate flooding.",D1A,20,long,Non-Past,Affirmative
D1A_S0_B1_1201,तार्ङास्या ख्लामाछ्याम ङानिसे राङ्ला थालीरि स्यान परिकारजुगु काप्पारि खाम्ला।,माछामासु छाड्नसाथ हामीले आफ्नो थालीमा अरू परिकारहरू थप्न सक्छौँ।,"Once we leave the fish and meat, we can add other dishes to our plate.",D1A,9,medium,Non-Past,Affirmative
D4S_S3_6748,अभिलेख आन्सार अवैध मुसाइ नोन ठिमकि ङ्यान्दिसे अवैध बिबारि आखाम।,अभिलेख अनुसार अवैध भए पनि कानूनी कारणले अवैध भन्न सकिँदैन।,"Even if it is illegal according to records, it cannot be said to be illegal for legal reasons.",D4C,10,medium,Non-Past,Negative
COM_D3E_S5_604,दात्तेदोःना एनसेलसे जेक्खेन चु साप्तो पिन्बा लाबा मुबा।,अहिलेसम्म एनसेलले मात्रै यो सेवा दिने गरेको थियो।,"Until now, only Ncell provided this service.",D3E,8,medium,Past,Affirmative
P3_D1A_S0_B2_3102,जडीबुटी ह्रुप्पाला गे लाबारि तिःबा आचार्यसे खाबा दिङग्याम सतुवा थेन अस्वगन्धराङ्बाला जडीबुटीला सुत्ताइ नर्सरी चुःसेला पाङ्जि।,जडीबुटी सङ्कलनको काम गर्न थालेको आचार्यले आगामी वर्षबाट सतुवा र अस्वगन्धजस्ता जडीबुटीको समेत नर्सरी सुरु गर्ने बताए।,"Acharya, who has started collecting herbs, said that he will also start a nursery for herbs like satuwa and ashwagandha from next year.",D1A,17,long,Past,Affirmative
COM_P2_D2H_S3_4424,कोभिड १९ ला हकरि एन च्यालाङ्पाला ल्हुइरि कोरोना भाइरसला लोड कादे मुला ?,कोभिड १९ कै हकमा पनि सङ्क्रमितको शरीरमा कोरोना भाईरसको लोड कति छ?,"In the case of COVID-19, what is the load of coronavirus in the body of an infected person?",D2H,12,medium,Non-Past,Affirmative
D4S_S1_1430,ङ्युङ्नेपा तिनि ङ्यासेहेन्से नोन साँखुरि वास चिबारि खामुला।,वर्तालु आज बेलुकीदेखि नै साँखुमा वास बस्न आउँछन्।,Those taking fast have been coming to stay in Sankhu since this evening.,D4C,8,medium,Non-Past,Affirmative
COM_P2_D4C_S1_B3_1390,"डिहिरि ग्याम, वाङ्बाम्राप, होम थेन स्यान्दो संरचना स्हेङ्बा ताचिबा मुला।","उद्यानमा बाटो, प्रवेशद्वार, शौचालय र अन्य संरचना निर्माण भइरहेका छन्।","Paths, entrances, toilets, and other structures are being constructed in the park.",D4C,10,medium,Non-Past,Affirmative
COM_D3E_S1_S2_5564,"ह्याङ्ला ब्लोनखाङ दात्ते चुरिन दिमग्यात लासिचिबा मुला, थेसे पाङ्जि, दारेमला तिलाइ दिङन्हाङरिन ग्युइसेर थुमरि आमूल पोसेदामुला।","हाम्रो मन्त्रालय अहिले यसैमा गृहकार्य गरिरहेको छ, उनले भने, अबको केही वर्षभित्रै शिक्षा क्षेत्रमा आमूल परिवर्तन हुनेछ।","Our ministry is currently doing its homework on this, he said, adding that within the next few years, there will be radical changes in the education sector.",D3E,17,long,Non-Past,Affirmative
COM_P2_D3E_S1_4420,"प्रमाणपत्र बिबा डेङरि स्याम्सि थान्बा आहिन, बजाररि चुङ्बा हिन्ना।","प्रमाणपत्र भनेको भित्तामा सजाएर राख्न होइन, बजारमा बेच्न हो।","Certificates are not meant to be hung on a wall, but to be sold in the market.",D3E,9,medium,Non-Past,Affirmative
COM_P2_D3E_S2_954,लोप्बादा प्रविधितेन थुइबा बाङ लाबा मुला।,सिकाइलाई प्रविधिसँग जोड्ने प्रयास गरेका छौँ।,We have tried to connect learning with technology.,D3E,6,short,Non-Past,Affirmative
COM_P2_D3E_S3_5255,नेपालरि इलेक्ट्रोनिक्स ओसेम टेलिकम्युनिकेसन इन्जिनियरिङ जिन्बालिच्छा थेसे फ्रान्सग्याम ग्रा प्रविधिरि विद्यावारिधि लाजि।,नेपालमा इलेक्ट्रोनिक्स तथा टिलीकम्युनिकेसन इन्जिनीयरिङ् सकेपछि उनले फ्रान्सबाट सूचना प्रविधिमा विद्यावारिध गरे।,"After completing his degree in Electronics and Telecommunications Engineering in Nepal, he pursued a PhD in Information Technology from France.",D3E,12,medium,Past,Affirmative
COM_P2_D4C_S1_B3_3056,चुराङ लासाम तोक्तिबा साङ्ज्यारि ह्युलकोर्पा दोःनालासि स्थानीयसे आझाल्हाना न्होरकि लाभ किन्बाखाम्सेला ह्याङ्ला साम्तेन मुला।,यसो गरेमा तोकिएको सङ्ख्यामा पर्यटक पुर्‍याएर स्थानीयले अझबढी आर्थिक लाभ लिनसक्ने हाम्रो विश्वास छ।,"We believe that by doing this, locals will be able to reap greater economic benefits by attracting the desired number of tourists.",D4C,14,medium,Non-Past,Affirmative
COM_D2H_S1_S2_3567,नाका नाबा ताबा था याङ्बाइतेन ल्याब परिक्षण लामा गम्बोरो नोइ साप्पा ङोसेबा ताबा मुबा।,कुखुरा बिरामी भएको थाहा पाउने बित्तिकै ल्याब परीक्षण गर्दा गम्बोरो रोग लागेको पहिचान भएको थियो।,"As soon as the chicken was found to be sick, lab tests confirmed that it had Gumboro disease.",D2H,15,medium,Past,Affirmative
COM_P2_D5G_S2_2532,म्हुना आमासे गुङरि तिख्याङ उन्स्ह्युजि।,राति आमाले बीच खाटमा ओछ्यान देखाइदिनुभयो।,"At night, my mother showed me the bed in the middle bunk.",D5G,6,short,Past,Affirmative
D1A_S0_B2_1522,विशेषत: ख्रेला सङ्क्रान्तिरि चाबा चु कन्दमुलला चु प्रिबारि ह्रिबा ताबा लामुला।,विशेषत: माघे सङ्क्रान्तिमा खाइने यो कन्दमुलको यो चाडमा माग हुने गर्दछ।,"This tuber, which is eaten especially during Maghe Sankranti, is in high demand during this festival.",D1A,11,medium,Non-Past,Affirmative
COM_D4C_S1_S2_1326,गुङरोङकि ग्याग्यालाम थुमला ग्रेन्पो ह्युलकोरकि थुमरि होटल स्होबारि सरकारी सा लिजरि पिन्बा सरकारला योजना मुला।,मध्यपहाडी राजमार्ग क्षेत्रका प्रमुख पर्यटकीय क्षेत्रमा होटल बनाउन सरकारी जग्गा लिजमा दिने सरकारको योजना छ।,The government plans to lease government land to build hotels in major tourist areas along the Mid-Hill Highway.,D4C,15,medium,Non-Past,Affirmative
COM_D2H_S1_S2_520,ह्युलनाङ ७६ जोङरि डेङ्गी फेल्बा मुला।,देशभर ७६ जिल्लामा डेङ्गी फैलिएको छ।,Dengue has spread to 76 districts across the country.,D2H,6,short,Non-Past,Affirmative
COM_D4C_S1_S2_1918,दर चाबारि निमा दर चाबाला छ्याम स्याबागोःबा नोन लाबा ताबासेलामा देबा गोइलो दाम्बा लातोमुला।,दर खान जाँदा दर खानुका साथै नाचगान समेत गरिने भएकाले सजिलो पहिरन छनोट गर्नुपर्छ।,"When going to eat Dar, you should choose comfortable clothing as there will be dancing and singing as well as eating Dar.",D4C,14,medium,Non-Past,Affirmative
P2_D1A_S0_B1_1012,याम्बुव्हाना गोल्यान एग्रो ट्रेड प्रालिसे ३० बिघा सारि चु सास्हिङ चुःबाला हिन्ना।,काठमाडौँस्थित गोल्यान एग्रो ट्रेड प्रालिले ३० बिघा जमीनमा यो खेती सुरु गरेको हो।,Kathmandu-based Golyan Agro Trade Pvt. Ltd. has started this cultivation on 30 Bighas of land.,D1A,13,medium,Non-Past,Affirmative
COM_D2H_S3_3999,ग्यागार ह्युलला उत्तर प्रदेशरि कोरोना च्यालाङला केस ल्हाना मुबासे सोही प्रदेशनोन् थुइबा सीमा नाकाला प्रवेश बिन्दूरि च्यालबा स्याप्पा मुला,भारतको उत्तर प्रदेशमा कोरोना सङ्क्रमणको केस बढिरहेकाले सोही प्रदेशसँग जोडिएको सीमा नाकाको प्रवेश बिन्दूमा सङ्क्रमित पाइएको छ।,"As cases of corona infection are increasing in Uttar Pradesh, India, an infected person has been found at the border entry point connected to the same province.",D2H,17,long,Non-Past,Affirmative
D1A_S0_B1_633,"तासाइ, चु गेताङ ल्हाना आस्हाङ्बा गुङ गिक ताबारि दोजि।","तर, यो कार्यक्रम असाध्यै असफलमध्ये एक हुनपुग्यो।","However, this program turned out to be one of the most unsuccessful.",D1A,7,short,Past,Affirmative
D4S_S2_5709,मारतेन स्पष्ट ब्रेल आम्राङ्बालिच्छा थेदा सम्पत्ति शुद्धीकरण विभागरि बुझाइतिबा मुबा।,सुनसँग स्पष्ट सम्बन्ध नदेखिएपछि उनलाई सम्पत्ति शुद्धीकरण विभागमा बुझाइएको थियो।,He was handed over to the Money Laundering Department after no clear connection to gold was found.,D4C,10,medium,Past,Affirmative
COM_D5G_S3_2835,ङेबा-मजाक लाबान दुइसे नेटो थाबा पत्तान आतामुबा।,हाँसी–मज्जाक गर्दा गर्दै समयले नेटो काटेको पत्तै हुदैन थियो।,"While laughing and joking, I didn't realize that time had passed me by.",D5G,9,medium,Past,Affirmative
COM_D2H_S1_S2_949,थेलिच्छा खेप्पादा तिकाइ सन्चो ङ्हाम्जि।,त्यसपछि श्रीमानलाई केही सन्चो महसुस भयो।,Then the husband felt a little better.,D2H,6,short,Past,Affirmative
COM_D3E_S1_S2_5261,तिल्मा मिरेदोःना ल्हेनोर भत्ता आयाङ्साम तिनि नाबिङरे हेन्से ग्यासा क्योङ सामुदायिक लोप्खाङ डुङ्बारि अग्रिम कापाङ छ्यामनोन प्रेस विज्ञप्ती जारी लाबा मुबा।,हिजो मङ्गलबार सम्म तलब भत्ता नपाएमा आज बुधवार देखि नगरको सम्पूर्ण सामुदायिक विद्यालय बन्द गर्ने अग्रिम घोषणा संगै प्रेस विज्ञप्ती जारी गरेका थिए।,"Yesterday, a press release was issued with an advance announcement that all community schools in the city would be closed starting Wednesday if salaries and allowances were not received by Tuesday.",D3E,23,very long,Past,Affirmative
COM_P2_D2H_S3_1454,थेला लागिरि दूरी थेन मास्क नोन उपाय हिन्ना।,त्यसको लागि दूरी र मास्क नै उपाय हो।,Distance and masks are the only solution for that.,D2H,8,medium,Non-Past,Affirmative
COM_P2_D5G_S2_4903,"उदाहरणला लागिरि चितरञ्जन, माणिकलाल श्रेष्ठ थेन चु पङ्क्तिकारसे ब्रिबा आलोचना च्यास्ह्युगो।","उदाहरणको लागि चित्तरञ्जन, माणिकलाल श्रेष्ठ र यो पङ्क्तिकारले लेखेका आलोचना हेर्नुहोला।","For example, see the criticisms written by Chittaranjan, Maniklal Shrestha, and this columnist.",D5G,11,medium,Non-Past,Affirmative
COM_D2H_S1_S2_2125,वीर अस्पतालला नेतृत्व लाजिन्बाला ङाच्छाला काठाक्पाकादे वीर अस्पताल थिक्योन लाबारिन आखाम्सेला लासि नोङ्बा पाङ्मुला।,वीर अस्पतालको नेतृत्व गरिसकेका पूर्व निर्देशकहरू वीर अस्पताल सुधार गर्नै नसक्ने गरी बिग्रिएको बताउँछन्।,Former directors who have led Bir Hospital say that Bir Hospital has deteriorated beyond repair.,D2H,14,medium,Non-Past,Affirmative
COM_D2H_S1_S2_1678,लिसि सिप्मा सुङ थाङखाबारि ख्लामुला।,ल्वाङ चुस्दा मुख गनाउन छोड्छ।,Sucking on cloves stops your mouth from smelling bad.,D2H,5,short,Non-Past,Affirmative
D4S_S2_3338,बिचौलिया गेरि संलग्न मुबा बिबान प्रहरीसे एकान्तकुनारि मुबा गेदिम दोख्युरग्याम दर्जन गिक ल्हानादा चुङ्बाला मुबा।,बिचौलिया काममा संलग्न रहेको भन्दै प्रहरीले एकान्तकुनास्थित कार्यालय परिसरबाट एक दर्जनबढीलाई पक्राउ गरेको थियो।,Police had arrested more than a dozen people from the office premises in Ekantakuna for allegedly being involved in middleman work.,D4C,14,medium,Past,Affirmative
COM_P2_D3E_S2_4288,डा. कोइराला वरिष्ठ तिङनोइ खेन्छेन्पो ताबा बिसाम डा. बास्कोटा थेदुइला नेपाल मेडिकल काउन्सिलला चोहो हिन्ना।,डा. कोइराला वरिष्ठ मुटुरोग विशेषज्ञ हुन भने डा. बास्कोटा तत्कालीन नेपाल मेडिकल काउन्सिलका अध्यक्ष हुन्।,"Dr. Koirala is a senior cardiologist, while Dr. Baskota is the then chairman of the Nepal Medical Council.",D3E,15,medium,Non-Past,Affirmative
COM_D5G_S1_S2_1838,ग्यागारह्युलरि थेला ल्होला ग्ला मुला।,भारतमा उनको भिन्न स्थान छ।,He has a different place in India.,D5G,5,short,Non-Past,Affirmative
D4S_S1_6458,ङ्यान्बा म्हिदा नोन तामसेन चोत्क्याउने खुबी मुबा चु गोर न्हि ग्यु न्हाबा सानाम्पाला काक्ता बिबा ग्युदा चरनला आडुप नोन हिन्ना।,सुन्ने मान्छेलाई पनि कुरैले चोत्क्याउने खुबी भएका यी दुई भेडापालक कृषकको समस्या भनेको भेडालाई चरनको अभाव नै हो।,"The problem of these two sheep farmers, who have a knack for making even the most attentive listeners laugh, is the lack of pasture for their sheep.",D4C,18,long,Non-Past,Affirmative
COM_P2_D4C_S1_B3_1988,ह्युलकोर्पाकादेसे छ्याबा ग्योइलिङदा अनौठो तेन्सि मिक्साल लाबा थेन साहसिक ल्हाम लासि छुबारि तिःबाला मुला।,पर्यटकहरूले जमेको ताललाई अनौठो मानेर अवलोकन गर्ने र साहसिक यात्रा गरेर रमाउन थालेका छन्।,"Tourists have begun to enjoy the frozen lake, considering it unique, by observing it and going on adventurous trips.",D4C,14,medium,Non-Past,Affirmative
COM_P3_D3E_S1_2076,ङ्योइबाकादे जाक्कि काङाल खाबा मुबा।,प्रश्नहरू अलिक गाह्राे आएका थिए।,The questions were a bit difficult.,D3E,5,short,Past,Affirmative
COM_P2_D5G_S1_3249,"दोःसि स्यान्दो सरकार खाला, याङ्बा साप्तेन नोन थाला।","फेरि अर्को सरकार आउँछ, पाएको सुविधा पनि काट्छ।",Another government comes and cuts off the benefits received.,D5G,8,medium,Non-Past,Affirmative
COM_P2_D2H_S2_6402,टीकापुरला पुष्पा देवकोटासे नोन ह्राङ्ला कोलादा निम बालभिटा ख्वाचिबा पाङ्स्ह्युजि।,टीकापुरकी पुष्पा देवकोटाले पनि आफ्नो बच्चालाई नियमित बालभिटा खुवाइरहेको बताउनुभयो।,Pushpa Devkota of Tikapur also said that she is feeding her child baby formula regularly.,D2H,10,medium,Past,Affirmative
COM_P2_D2H_S3_9311,स्पतालरि नोन ह्युलनाङला नर्सदा तालिम पिन्बा केन्द्र मुबा बिबान थेसे दक्ष नर्सिङ कर्मचारीला ङ्यान्दि प्रसूतिरि काप्पा सहजता खाबा पाङ्जि।,अस्पतालमा नै देशभरका नर्सलाई तालिम दिने केन्द्र रहेको भन्दै उनले दक्ष नर्सिङ कर्मचारीका कारण प्रसूतिमा थप सहजता आएको बताए।,"Stating that the hospital has a center for training nurses from all over the country, he said that childbirth has become more comfortable due to the skilled nursing staff.",D2H,19,long,Past,Affirmative
COM_D2H_S1_S2_3123,तिलाइ म्हिला सास थाङखामुला जसला ङ्यान्दि थेनिकादेदा पेबाखाबाला पारछार खापिन्मुला।,केही मानिसको सास गनाउँछ जसका कारण उनीहरूलाई लाजमर्दो स्थिति आइलाग्छ।,"Some people have bad breath, which makes them feel embarrassed.",D2H,10,medium,Non-Past,Affirmative
D1A_S0_B3_436,पोषणला ग्रेन स्रोत तेन्बा दाल जाम्बुलिङनाङला म्हिसे सेमनिबा व्यञ्जनला स्रुगरि खपत ताबा लामुला।,पोषणको मुख्य स्रोत मानिने दाल संसारभरका मानिसको मनपर्दो व्यञ्जनका रूपमा खपत हुने गरेको छ।,"Lentils, considered a major source of nutrition, are consumed as a favorite dish by people around the world.",D1A,14,medium,Non-Past,Affirmative
P3_D1A_S0_B2_2164,सडकला क्यातयोन खानाइ मोजे सुबा मुला बिसाम खानाइ कफी सुबा मुला।,सडकको दायाँबायाँ कतै केरा रोपिएको छ भने कतै कफी रोपिएको छ।,"Bananas are planted on the right and left sides of the road, while coffee is planted in other places.",D1A,11,medium,Non-Past,Affirmative
COM_P2_D4C_S1_B1_883,वाला टीका सौभाग्याला प्रतीक हिन्ना।,रातो टीका सौभाग्यको प्रतीक हो।,The red tika is a symbol of good luck.,D4C,5,short,Non-Past,Affirmative
COM_D3E_S5_2593,इन्टरनेट साप्तो प्रदायक कम्पनीसे नेपाल सरकारदा ठालवापत् अर्ब २ डि ४२ टाङ्गा भुक्तानी लाबारि लेङ्बा मुला।,इन्टरनेट सेवा प्रदायक कम्पनीले नेपाल सरकारलाई करवापत् २ अर्ब ४२ करोड रूपैयाँ बुझाउन बाँकी छ।,The internet service provider company has yet to pay Rs 2 arba 42 crore in taxes to the Government of Nepal.,D3E,15,medium,Non-Past,Affirmative
D4S_S3_5133,नुवाकोटला ककनीरि मेरि वाङ्सि म्रिङ सिबा मुला बिसाम ह्रेम्बा गम्भीर घाइते ताबा मुला।,नुवाकोटको ककनीमा आगलागीमा परेर श्रीमतीको मृत्यु भएको छ भने श्रीमान गम्भीर घाइते भएका छन्।,"A wife has died and her husband has been seriously injured in a fire in Kakani, Nuwakot.",D4C,14,medium,Non-Past,Affirmative
COM_P2_D3E_S1_3745,मालिका माविरि दरबन्दी ओसेम निजी स्रोत लासि झान्नाइ ६२ म्हे लोप्बोन ओसेम कर्मचारी मुला।,मालिका माविमा दरबन्दी तथा निजी स्रोत गरेर झन्डै ६२ जना शिक्षक तथा कर्मचारी छन्।,Malika Secondary School has approximately 62 teachers and staff through both permanent and private sources.,D3E,14,medium,Non-Past,Affirmative
COM_P2_D4C_S1_B2_1567,सिलवालला पाङ्बारि तिनिनाम्स्यो च्याङ्ना ह्युलकोर्पा मुसाइ नोन चिमाइ कर्मचारी होटलरि तासेला लामुला।,सिलवालको भनाइमा आजभोलि थोरै पर्यटक भए पनि मजदुर कर्मचारी होटलमा रहने गर्दछन्।,"According to Silwal, even though there are few tourists these days, workers and employees stay in hotels.",D4C,12,medium,Non-Past,Affirmative
COM_D3E_S5_2573,ग्यागारह्युलला ग्योइकाइ एजेन्सी द बुक ब्रेकरसे नोन चुङाच्छा अनलाइनग्याम नोन लिट्रेचर फेस्टिभल लाबा मुबा।,भारतको साहित्यिक एजेन्सी द बुक ब्रेकरले पनि यसअघि अनलाइनमार्फत नै लिट्रेचर फेस्टिभल गरेको थियो।,India's literary agency The Book Breaker had also previously held an online literature festival.,D3E,14,medium,Past,Affirmative
COM_D2H_S1_S2_803,जत्तुगुला नोइप्रतिरोधक दुदुमरि काक्ता खासेला ताबारि खाम्ला।,बच्चाको रोगप्रतिरोधक क्षमतामा समस्या आउने हुन सक्छ।,There may be problems with the child's immune system.,D2H,7,short,Non-Past,Affirmative
COM_P2_D2H_S3_4417,आयुर्वेदिक गुणसे प्लिङ्बा टुङ्रासे एन प्रदूषणला नोत्पाग्याम ल्हुइदा जोगाबलामुला।,आयुर्वेदिक गुणले भरपूर अदुवाले पनि प्रदूषणको असरबाट शरीरलाई जोगाउँछ।,"Ginger, rich in Ayurvedic properties, also protects the body from the effects of pollution.",D2H,9,medium,Non-Past,Affirmative
P3_D1A_S0_B2_3565,खोप आयातला लागिरि सेमचेन साप्तो विभागरि आवेदन याङ्मा छ्याम  होजान दुइरि पैठारीला लागिरि अनुमति पिन्बा  गेरिमदा सुचारू लाबा मुला।,खोप आयातका लागि पशु सेवा विभागमा आवेदन प्राप्त हुनासाथ तत्काल पैठारीका लागि अनुमति दिने प्रक्रियालाई सुचारू गराइएको छ।,The process of granting permission for importation has been initiated immediately upon receipt of an application for vaccine import at the Department of Animal Services.,D1A,18,long,Non-Past,Affirmative
D1A_S0_B3_945,मिलनला दान्दे ह्राङ्ला थेन भाडारि किन्बा लासि ३२ रोपनी सारि च्या सास्हिङ तामुला बिसाम च्या प्रशोधन लाबा उद्योग नोन मुला।,मिलनको अहिले आफ्नो र भाडामा लिएको गरी ३२ रोपनी जग्गामा चिया खेती हुन्छ भने चिया प्रशोधन गर्ने उद्योग पनि छ।,"Milan currently cultivates tea on 32 ropanis of land, both its own and rented, and also has a tea processing industry.",D1A,20,long,Non-Past,Affirmative
P2_D1A_S0_B2_4131,"सानाम, ह्रिजन्य जडीबुटी थेन उद्यमशीलताला फेल्गेबा थेन बजारीकरणला लागिरि निजी थेन स्थानीय सरकारगुङ छ्यागे तोःबा मुला।","कृषि, बनजन्य जडीबुटी र उद्यमशीलताको विकास र बजारीकरणका लागि निजी र स्थानीय सरकारबीच सहकार्य आवश्यक छ।","Collaboration between the private sector and local governments is necessary for the development and marketing of agriculture, forest herbs, and entrepreneurship.",D1A,16,long,Non-Past,Affirmative
COM_P2_D3E_S1_4541,बिजाबुमोदा माया लाबा तोसो गिकला कोल्मे धर्म हिन्ना थेन बिजाबुमोसे माया याङ्बा बिजायाङ्ताम हिन्ना।,बालबालिकालाई माया गर्नु एक किसिमको मानवीय धर्म हो र बालबालिकाले माया पाउनु बालअधिकार हो।,"Loving children is a kind of human religion, and it is a child's right for children to be loved.",D3E,14,medium,Non-Past,Affirmative
D4S_S1_5897,"ग्यागारसा, साप्रा थेन पहलमानीला ब्रेल छिन थेन स्या राङ्बान मुला।","मधेस, माटो र पहलमानीको सम्बन्ध नङ र मासुजस्तै छ।","The relationship between Madhesh, soil, and wrestling is like nails and flesh.",D4C,9,medium,Non-Past,Affirmative
COM_D3E_S5_3571,चुला काइ लिच्छा थेःबारि खाम्बा आरेबा थेन दोःसि उत्पादन लाबारि खाम्बा आरेबा।,यसको ध्वनि पछाडि सुन्न सकिने थिएन र पुन: उत्पादन गर्न सकिने थिएन।,Its sound was not audible and could not be reproduced.,D3E,12,medium,Past,Negative
P2_D1A_S0_B1_4353,क्योङ स्रुगरि गबारो नियन्त्रण आताना नोन बजारला लागिरि खान्दामान ह्राङ्ला लागिरि निआतोःबा ताबालिच्छा न सानाम्पा झान काप्तोनपा ताबा मुला।,पूर्णरूपमा गबारो नियन्त्रण नभए पनि बजारका लागि कतै धाउनै नपर्ने भएपछि कृषक झन् उत्साहित बनेका छन्।,"Although the drought is not completely under control, farmers are more excited as they no longer have to travel to the market.",D1A,16,long,Non-Past,Affirmative
COM_P2_D2H_S2_7659,चिकित्सकीय विवरण पेस्क्रिप्सनरि पूरा आतामा नाबाला क्योन्बा ओसेम थेला ताङरि ताबा खराबी पहिचानरि सुत्ताइ काक्ता पर्दिबा पाङ्जिमुला,चिकित्सकीय विवरण पेस्क्रिप्सनमा पूरा नहुँदा बिरामीको उपचार तथा त्यसका क्रममा भएका खराबी पहिचानमा समेत समस्या परेको बताइन्छ।,It is said that the lack of complete medical details in the prescription has caused problems in the treatment of the patient and the identification of errors that occurred during the treatment.,D2H,17,long,Non-Past,Affirmative
COM_P2_D5G_S1_565,गोर्कि मोबाइल चलाबलाबारि तिःजि।,एउटा मोबाइल चलाउन थाल्यो।,A mobile phone started working.,D5G,4,short,Past,Affirmative
COM_P2_D3E_S3_1168,म्हुना लोप्खाङला काक्ता नोन ल्हानान मुला।,रात्रि विद्यालयका समस्या पनि प्रशस्तै छन्।,There are also many problems with night schools.,D3E,6,short,Non-Past,Affirmative
COM_P2_D2H_S3_4594,चर्पीरि जेक्खे क्लि-च्याम लाबा लाइ थेन कोलाला क्लिदा नोन चर्पीरि नोन विसर्जन लालास्ह्युगो,चर्पीमा मात्र दिसापिसाब गर्ने गरौँ र बच्चाको दिसालाई पनि चर्पीमा नै विसर्जन गर्नुहोस्।,Only defecate in the toilet and dispose of your baby's feces in the toilet.,D2H,13,medium,Non-Past,Affirmative
D4S_S2_407,"कोरोवा दुइनाङ बोकिन्बाकादेसे झाँकी, भजन, कीर्तन नोन लामुला।","परिक्रमा अवधिभर सहभागीहरूले झाँकी, भजन, कीर्तन पनि गर्छन्।","Throughout the circumambulation, participants also perform tableaus, hymns, and hymns-songs.",D4C,8,medium,Non-Past,Affirmative
COM_D2H_S1_S2_870,माइग्रेनला क्योन्बारि बाबारि ल्हानान महत्वपूर्ण तेन्मुला।,माइग्रेनको उपचारमा पुदिना निकै महत्वपूर्ण मानिन्छ।,Mint is considered very important in the treatment of migraines.,D2H,6,short,Non-Past,Affirmative
COM_D2H_S3_115,थेला प्लेटलेटला साङ्ज्या जेक्खे च्याङ्ना मुबा।,उसको प्लेटलेटको सङ्ख्या मात्रै कम थियो।,His platelet count was just low.,D2H,6,short,Past,Affirmative
D4S_S3_2363,थापादा कैद भुक्तानीला लागिरि जोङ कारागार रूपन्देहीरि पुइबा केसीसे पाङ्जि।,थापालाई कैद भुक्तानका लागि जिल्ला कारागार रूपन्देहीमा पठाइएको केसीले बताए।,KC said that Thapa has been sent to Rupandehi District Jail to serve his sentence.,D4C,10,medium,Past,Affirmative
COM_D4C_S1_S2_46,ह्युलकोरसे समाज बेनान थुमदा प्रभावित लाला।,पर्यटनले समाज सबै क्षेत्रलाई प्रभावित पार्छ।,Tourism affects all sectors of society.,D4C,6,short,Non-Past,Affirmative
P4_D1A_S1_B2_2810,तिरेम सुबालिच्छा ज्याबा च्याबासोबा तासाम चुग्याम दिङ ङाहेन्से ङिसदोःना उत्पादन किन्बारि खाम्ला।,एकपटक लगाएपछि राम्रो रेखदेख भएमा यसबाट पाँच वर्षदेखि सात वर्षसम्म उत्पादन लिन सकिन्छ।,"Once planted, if well cared for, it can produce for five to seven years.",D1A,13,medium,Non-Past,Affirmative
COM_D3E_S3_1829,ङ्हाउला दिङरि ग्युइसेरकि सत्र जिन्बारिन छ्याइबा दुइरि लोप्खेनसे छ्योइ याङ्बा नाछाल मुबा।,विगत वर्षमा शैक्षिक सत्र सकिनै लागेका बेला विद्यार्थीले पुस्तक पाउने अवस्था थियो।,"Last year, students were able to receive books as the academic session was coming to an end.",D3E,12,medium,Past,Affirmative
P4_D1A_S1_B2_196,ओर्से सार नोन सस्तो तामुला।,उता मल पनि सस्तो हुन्छ।,Fertilizer is also cheaper there.,D1A,5,short,Non-Past,Affirmative
COM_P2_D5G_S1_8078,फोनला काइसे ह्रेच्छाक सतर्क ताबा सर्प दोःसि ह्राङ्ला गुफा म्हाइबारिन तल्लीन ताबारि तिःजि।,फोनको आवाजले एकछिन सतर्क भएको सर्प फेरि आफ्नो गुफा खोज्नमा नै तल्लीन हुन थाल्यो।,"The snake, momentarily alerted by the sound of the phone, began to focus on finding its cave again.",D5G,14,medium,Past,Affirmative
COM_D3E_S3_1961,नेपाली लोप्खेनछ्यामरि बाङ्गालिङह्युलरि खेडोब लाचिबा माल्दिभसला याक्खार्गि छात्रासुत्ताइ काँकडभिट्टा नाका तासि नेपाल खाबा हिन्ना।,नेपाली विद्यार्थीसँगै बङ्गलादेशमा अध्ययनरत माल्दिभ्सकी एक छात्रासमेत काँकडभिट्टा नाका भएर नेपाल आएकी हुन्।,"Along with the Nepali student, a Maldivian student studying in Bangladesh also came to Nepal through the Kakadbhitta border crossing.",D3E,13,medium,Non-Past,Affirmative
COM_P2_D3E_S2_3680,फिच्चा सहमतिदा तोड्तिबान प्राध्यापक ओसेम लोप्खेनजुगु बिदा चिबा दुइरि सम्बन्धनला आप्ता लाबा हिन्ना।,उक्त सहमतिलाई तोड्दै प्राध्यापक तथा विद्यार्थीहरू बिदा बसेको समयमा सम्बन्धनको निर्णय गरिएको हो।,"The decision to join the association was made while the professors and students were on vacation, breaking that agreement.",D3E,13,medium,Non-Past,Affirmative
COM_D5G_S5_753,गिक्छा चेमा नोन दर्शकसे ल्हानान सेमनिजि।,पहिलो नाटकनै दर्शकले निकै रुचाए।,The audience really liked the first play.,D5G,5,short,Past,Affirmative
D4S_S3_3221,"थेनिकादेला चिबा, चाबा, ल्हुइथाङ क्योन्बा राङ्बा क्योङला डिछ्या लाजि।"," उनीहरूको बस्न, खान, स्वास्थ्य उपचार आदि सबैको व्यवस्था गर्यौँ।","We made arrangements for their accommodation, food, health care, etc.",D4C,9,medium,Past,Affirmative
COM_P2_D3E_S2_131,तासाइ थेनिकादे आखादेदोःना थानथान कोटरि खाल्से लोप्डोपिन्से ?,तर उनीहरू नआउँदासम्म रिक्त कोटामा कसले पढाउने?,But who will teach in the vacant quota until they arrive?,D3E,7,short,Non-Past,Affirmative
D1A_S0_B2_4550,तेन्तो ख्युर्छ्या अधिकृत चौधरीसे सुन ब्लुला दुइरि सानाम्पा ठगब ताबारि आपिन्ना थेन म्लाङबजारी काबारि अनुगमन लाबा पाङ्जि।,बाली संरक्षण अधिकृत चौधरीले धान बीउको समयमा किसान ठगिन नदिन र कालोबजारी रोक्न अनुगमन गरिएको बताए।,Crop Protection Officer Chaudhary said that monitoring is being carried out to prevent farmers from being cheated and to prevent black marketing during the rice sowing season.,D1A,16,long,Past,Affirmative
D4S_S2_4916,"म्हेनिङला ब्रेछा रे तिनि महाकाली, महालक्ष्मी थेन महासरस्वतीला विशेष पूजाअर्चना लामुला।","बडादसैँको आठौं दिन आज महाकाली, महालक्ष्मी र महासरस्वतीको विशेष पूजाराधना गरिन्छ।","Today, the eighth day of Bada Dashain, special worship of Mahakali, Mahalaxmi, and Mahasaraswati is performed.",D4C,11,medium,Non-Past,Affirmative
COM_D4C_S1_S2_3858,"ल्हानाराङ जब ल्हाना छाप्पारि सुनला ब्लु थान्बारि क्युइ आता, तब नाम ताइना लाबारि थेनकादे छाता कुःसि खिम्जे नाम्सा नाम्सा व्हाइ गोःबान खु ह्रिबारि ब्रामुला।","प्रायः जब प्रचण्ड गर्मीमा धानको बीउ राख्न पानी हुँदैन, तब पानी पार्न उनीहरू छाता ओढेर छिमेकी गाउँ गाउँ गीत गाउँदै तरकारी माग्न हिंड्छन्।","Often, when there is no water to plant rice seeds in the scorching heat, they go to neighboring villages, singing songs, and begging for vegetables under umbrellas.",D4C,23,very long,Non-Past,Affirmative
D4S_S2_1200,कोल्मे चुङ्बापिन्बारि संलग्न युट्युबर चुङ्बा मुला।,मानव बेचबिखनमा संलग्न युट्युबर पक्राउ परेका छन्।,A YouTuber involved in human trafficking has been arrested.,D4C,7,short,Non-Past,Affirmative
COM_P2_D4C_S1_B2_183,कम्पनी दाम्बाला लागिरि ह्योग्याम आप्नाइतिबा बिबान संसदीय दाछोक छार गेरिमला तिलोरि मुला।,कम्पनी छनोटका लागि चोरबाटो अपनाएको भन्दै संसदीय समिति नयाँ प्रक्रियाको पक्षमा छ।,"The parliamentary committee is in favor of a new process, saying that a loophole has been adopted for company selection.",D4C,12,medium,Non-Past,Affirmative
P3_D1A_S0_B2_1251,ग्यागारसा मधेशरि गाइबा जातला नामनाम तेन्तोरि नाम्च्यु बुलुङला प्रकोपसे ल्हानान क्षति ताना लाबा याङ्बा मुला।,तराई मधेशमा ढिलो जातको तोरी बालीमा लाही किराको प्रकोपले निकै धेरै क्षति पुर्याएको पाइएको छ।,It has been found that the late variety mustard crop in the Terai Madhesh has been severely damaged by the Lahi pest.,D1A,15,medium,Non-Past,Affirmative
COM_D3E_S1_S2_6067,विधेयक संसदरि पेश लाबा ङ्हाच्छा ग्युइसेर ब्लोनखाङसे स्होबा अनौपचारिक तथ्याङ्क आन्सार ग्युइसेरला संवैधानिक ग्यारेन्टीदा गेान्वयन लाबारि दाते फेबा रकमरि दिङ गिरि अठार अर्ब रूपैयाँ काप्तोला।,विधेयक संसद्मा पेश गर्नुअघि शिक्षा मन्त्रालयले तयार पारेको अनौपचारिक तथ्याङ्क अनुसार शिक्षाको संवैधानिक ग्यारेन्टीलाई कार्यान्वयन गर्न हाल छुट्टयाइएको रकममा एक वर्षमा अठार अर्ब रूपैयाँ थप्नुपर्छ।,"According to unofficial data prepared by the Ministry of Education before the bill was presented to Parliament, an additional eighteen arba rupees per year must be added to the currently allocated amount to implement the constitutional guarantee of education.",D3E,25,very long,Non-Past,Affirmative
COM_D4C_S1_S2_6324,हलिउड ओसेम बलिउड छ्यामला स्यानह्युल्साङ चलचित्र निर्मातादा नेपालरि चलचित्र छायाङ्कनला लागिरि आकर्षित लासि चलचित्र ह्युलकोर ल्हेछ्या लासेला उन्पाङ्बा मुला।,हलिउड तथा बलिउड लगायतका अन्तर्राष्ट्रिय चलचित्र निर्मातालाई नेपालमा चलचित्र छायाङ्कनका लागि आकर्षित गरी चलचित्र पर्यटन प्रवर्द्धन गरिने जनाइएको छ।,It is stated that film tourism will be promoted by attracting international film producers including Hollywood and Bollywood to shoot films in Nepal.,D4C,19,long,Non-Past,Affirmative
COM_D3E_S1_S2_3399,त्रिभुवन विश्वविद्यालयसे तिरेरिन आउदिन ल्हाना भौतिक बोकिन्बारि लोप्खेनजुगुदा दीक्षित लाबा जाम्बुलिङ कीर्तिमान स्होबा मुला ।,त्रिभुवन विश्वविद्यालयले एकै दिन सर्वाधिक भौतिक उपस्थितिमा विद्यार्थीहरूलाई दीक्षित गरेको विश्व कीर्तिमान बनाएको छ।,Tribhuvan University has set a world record for graduating students with the largest number of physical attendance in a single day.,D3E,14,medium,Non-Past,Affirmative
COM_D3E_S1_S2_1847,फाउन्डेसनले चु दिङ छात्रवृत्ति गेताङला लागि सिका बुम २० टाङ्गा फेबा मुला।,फाउन्डेसनले यस वर्ष छात्रवृत्ति कार्यक्रमका लागि २० लाख रूपैयाँ रकम छुट्टाएको छ।,The foundation has allocated Rs. 20 lakh for the scholarship program this year.,D3E,12,medium,Non-Past,Affirmative
COM_P2_D4C_S1_B4_587,तिकाइ स्थानीय सरकारसे गान्दि  थेन जलाशयरि मोटरग्याम स्याङ्सि ह्युलकोर गतिविधि ल्हेःबाला मुला।,केही स्थानीय सरकारले नदी र जलाशयमा मोटरबोट चलाएर पर्यटन गतिविधि बढाएका छन्।,Some local governments have increased tourism activities by operating motorboats on rivers and reservoirs.,D4C,12,medium,Non-Past,Affirmative
D4S_S3_5742,ज्योमोगाङकि जोङ दोलखाला साइलुङरि ग्लिङ ताइबालिच्छा चुला सानाम्पा ताङ्बा मुला।,हिमाली जिल्ला दोलखाको शैलुङमा हिउँ परेपछि यहाँका किसान खुशी भएका छन्।,"Farmers in Shailung, a village in the mountainous district of Dolakha, are happy after snowfall.",D4C,11,medium,Non-Past,Affirmative
COM_P3_D3E_S1_15395,सिटिभिटी गोरगिक स्वायत्त निकाय हिन्ना।,सिटिइभिटी एक स्वायत्त निकाय हो।,CTEVT is an autonomous body.,D3E,5,short,Non-Past,Affirmative
P3_D1A_S0_B2_2690,ज्याबा सुन रोबा बुरि धमाधम सुन्तला सास्हिङ पोबा सुमा ल्हानासे सास्हिङयोग्य सा थुम्ना लासि दोङ फ्युना लाबा बिबा लामा मुला।,राम्रो धान फल्ने खेतमा धमाधम सुन्तला खेती विरुवा लगाउँदा धेरैले खेतीयोग्य जमिन मासेर रूख उमारेको भन्ने गरेका थिए।,"When orange plantations were being planted in fields that used to produce good rice, many people said that the trees were growing instead of the cultivated land.",D1A,18,long,Past,Affirmative
D1A_S0_B2_3698,खनाल बिसाम सानाम्पाजुगुला उत्पादन ग्लुबा बिसि सरकारसे पक्का लासिपिन्मालिच्छा हतार लासि चुङ्बारि आताबा पाङ्बा लाजि।,खनाल भने किसानहरूको उत्पादन किन्छौँ भनेर सरकारले पक्का गरिदिएपछि हतार गरेर बिक्री गर्न नहुने तर्क गर्छन्।,"Khanal argues that once the government has confirmed that it will buy farmers' produce, there should be no rush to sell it.",D1A,16,long,Non-Past,Affirmative
COM_D5G_S7_3538,लिच्छारि माग्डादा तिल्दा ह्राङ्ला आपाथोरि चुदे ल्हानान नाइबा मुला ?,आखिर माग्डालाई किन आफ्ना बुवाप्रति यति धेरै घृणा छ?,Why does Magda have so much hatred for her father?,D5G,9,medium,Non-Past,Affirmative
COM_D2H_S1_S2_5944,सामाजिक फेल्गेबा ब्लोनखाङला आन्सार कोरोनाह्याम ङाच्छा जुम्ला थेन सुर्खेतबिमा कर्णालीला स्यान्दो जोङरि आईसियू थेन भेन्टिलेटर साप्तो आरेबा।,सामाजिक विकास मन्त्रालयका अनुसार कोरोना महामारीअघि जुम्ला र सुर्खेतबाहेक कर्णालीका अन्य जिल्लामा आईसीयू र भेन्टिलेटर सेवा थिएन।,"According to the Ministry of Social Development, before the COVID-19 pandemic, there were no ICU and ventilator services in any other district of Karnali except Jumla and Surkhet.",D2H,17,long,Past,Negative
D4S_S1_3206,लाछा ब्रे तोङ्जा तलब पिन्बा लासि ब्रे म्हेन्दो हेरालु थान्बाला मुबा।,मासिक आठ हजार तलब दिने गरी आठ जना हेरालु राखेका थियौँ।,"We hired eight guards, each paying a monthly salary of eight thousand.",D4C,11,medium,Past,Affirmative
D4S_S3_1703,चुराङ्बान मोडलला छोङनाम आझा चम्काइतिबा सम्भावना नोन मुला।,यस्तै मोडेलको व्यवसाय अझ चम्किने सम्भावना पनि छ।,There is also a possibility that this model of business will become even more successful.,D4C,8,medium,Non-Past,Affirmative
D1A_S0_B1_1820,जुट सास्हिङ थेन नीलसास्हिङदा प्रोत्साहन लाबा लासि बजेट बादोबा थेला ह्रिबा मुला।,जुट खेती र नीलखेतीलाई प्रोत्साहन गर्ने गरि बजेट ल्याउनु पर्ने उनको माग छ।,He demands that a budget be brought to encourage jute farming and indigo farming.,D1A,13,medium,Non-Past,Affirmative
COM_D2H_S1_S2_1927,डान्बा शक्ति गेल्बा तासाम चु चाबा लामा थेह्राङ्बा काक्ताग्याम मुक्त ताबारि खाम्ला।,स्मरणशक्ति कमजोर भएमा यसको सेवन गर्दा त्यस्तो समस्याबाट मुक्त हुन सकिन्छ।,"If you have poor memory, consuming it can help you get rid of that problem.",D2H,11,medium,Non-Past,Affirmative
COM_P2_D5G_S3_1344,म्हिला लागिरि व्हाइला दाम्बा ल्हाना ताजि।,मानिसका लागि गीतको च्वाइस धेरै भयो।,People have a lot of song choices.,D5G,6,short,Past,Affirmative
COM_P2_D5G_S4_1010,"ताम्सोर  जिन्जि, थेसे पाङ्बा मुला।","समाचार सकियो, उनले भनेका छन्।","The news is over, he said.",D5G,5,short,Non-Past,Affirmative
COM_D3E_S1_S2_5379,खाइमागि नेपालरि लोप्बोनजुगुसे ह्राङ्ला पाठ्यक्रमदा ल्हाना तेन्मा रिसर्चरि ह्रोलाबारि म्हाइसाइ नोन क्यो स्ह्रुगरि पोप्बारि आखाम्बा ह्राङ म्राङ्ला ।,जबकि नेपालमा शिक्षककहरूले आफ्नो पाठ्यक्रमलाई बढी मान्यता दिँदा रिसर्चमा सहयोग गर्न खोजे पनि पूर्ण रूपमा संलग्न हुन नसकेको जस्तो देखिन्छ।,"While teachers in Nepal have tried to contribute to research as their curriculum has been given greater recognition, it seems that they have not been able to fully engage.",D3E,20,long,Non-Past,Affirmative
COM_D5G_S4_4280,"तिल्दाबिसाम जब खालाइ बाथरुमला क्योल्बारि निमुला, तब थेनिकादे देन्बान ओस्कारतेन सिसाला ङाच्छा ह्राङ्ला दुइ थाबारि खाम्ला।","किनकी जब कोही बाथरुमको प्रयोग गर्न जान्छन्, तब उनीहरू वास्तवमा ओस्कारसँग सिसाको अगाडि आफ्नो समय बिताउन सक्छन्।","Because when someone goes to use the bathroom, they can actually spend their time in front of the mirror with Oscar.",D5G,17,long,Non-Past,Affirmative
D4S_S1_1940,चुफिरि विभाग वा ब्लोनखाङसे आप्ता लातोला।,यसबारे विभाग वा मन्त्रालयले निर्णय गर्नुपर्छ।,The department or ministry should decide on this.,D4C,6,short,Non-Past,Affirmative
COM_D3E_S3_3205,एसईई उत्तीर्ण लाबा जा च्याङ्बा नेपाली सेनारि गेलासिचिबा मुला।,एसईई उत्तीर्ण गरेको कान्छो छोरा नेपाली सेनामा कार्यरत छन्।,"The youngest son, who passed SEE, is serving in the Nepali Army.",D3E,9,medium,Non-Past,Affirmative
D1A_S0_B1_357,नहर ङामरिक्यारला सानाम्पादा बिसाम तिलाइ ह्युम्बुल ताला।,नहर आसपासका किसानलाई भने केही राहत मिल्छ।,Farmers around the canal will get some relief.,D1A,7,short,Non-Past,Affirmative
P3_D1A_S0_B2_2188,नाम ताइमा तेलहन थेन दलहन तेन्तोरि नोत्पा ताबा स्थानीय सानाम्पा भिखारी यादवसे पाङ्जि।,पानी परेमा तेलहन र दलहन बालीमा असर पुग्ने स्थानीय किसान भिखारी यादवले बताए।,"Local farmer Bhikhari Yadav said that if it rains, it will affect the oilseed and pulse crops.",D1A,13,medium,Past,Affirmative
COM_D2H_S4_726,कोरोनाला ङ्यान्दि सरकारसे ङिरेम लकडाउन लाजिन्जि।,कोरोनाको कारण सरकारले दुई चोटि लकडाउन गरिसक्यो।,The government has already imposed lockdowns twice due to Corona.,D2H,7,short,Past,Affirmative
COM_P2_D3E_S2_3516,गण्डकी विश्वविद्यालयसे प्रदेशला ग्रेनब्लोनदा तिनि दिङकि प्रतिवेदन पेस लाबा मुला।,गण्डकी विश्वविद्यालयले प्रदेशका मुख्यमन्त्रीलाई आज वार्षिक प्रतिवेदन पेस गरेको छ।,Gandaki University has submitted its annual report to the Chief Minister of the province today.,D3E,10,medium,Non-Past,Affirmative
COM_D2H_S3_3264,"या काङ झमझम ताबा, लुले ताबा, ल्हिन फाप्सि गेल्बा ताबा ताबारि खाम्ला।","हातखुट्टा झमझमाउने, लुलो हुने, वजन घटेर कम जोरी हुने हुन सक्छ।","There may be tingling in the hands and feet, numbness, weight loss, and decreased energy.",D2H,11,medium,Non-Past,Affirmative
COM_D3E_S1_S2_6072,यान्दे १२ गते ङ्यासे विश्वविद्यालयला कञ्चनजङ्गा तागाइटेलरि कान चामा याङ्जा ताबा बिबान सगरमाथा तागाइटेलरि मुबागुङ पाङ्बापाङ्बा ताजि।,भदौ १२ गते साँझ विश्वविद्यालयको कञ्चनजङ्गा होस्टेलमा खाना खाँदा हल्ला भएको भन्दै सगरमाथा होस्टेलमा रहेकाबीच भनाभन भयो।,"On the evening of Bhadra 12, an argument broke out among those staying at the Sagarmatha Hostel over a noise while eating at the university's Kanchenjunga Hostel.",D3E,17,long,Past,Affirmative
COM_D5G_S1_S2_4318,पल्टनरि भर्ती ताबारि गाइबासे ह्रोकादे भर्तीन आताना याइजिम।,पल्टनमा भर्ती हुन ढिला भएकाले साथीहरू भर्ती नै नभई फर्किएका रहेछन्।,"Because they were late in joining the regiment, their friends returned without being recruited.",D5G,11,medium,Non-Past,Affirmative
COM_D3E_S5_4209,थेला आन्सार धादिङरि सिलान्यास जेक्खेन लासाइनोन सिन्धुली थेन धनकुटाग्याम बिसाम फाइबर थान्बारि नोन चुःबा तिनिहेन्सेन लाबा हिन्ना।,उनका अनुसार धादिङमा सिलान्यास मात्रै गरिएपनि सिन्धुली र धनकुटाबाट भने फाईबर विछ्याउन नै सुरु आजैदेखि गरिएको हो।,"According to him, although only the foundation stone has been laid in Dhading, the laying of fiber from Sindhuli and Dhankuta has begun from today.",D3E,17,long,Non-Past,Affirmative
COM_P2_D4C_S1_B1_3655,चुदा स्हिवा लाबारि शिव गोसाईंकुण्ड दोबा थेन ह्राङ्ला यारि मुबा त्रिशूल गाङरि गोब्दा थोन्बा क्युइसे सिल्सि स्हिवा ताजि।,यसलाई शान्त पार्न शिव गोसाईंकुण्ड पुगे र आफ्नो हातमा रहेको त्रिशूल पहाडमा गोब्दा निस्किएको जलले नुहाई शान्त भए।,"To appease it, Shiva reached Gosainkunda and bathed in the water that came out of the trident in his hand on the mountain.",D4C,18,long,Past,Affirmative
COM_P2_D2H_S2_3428,"अत्यधिक छावा खाबारिे, दार्बा, याकाङ स्वाबा राङ्बा लक्षण म्राङ्बालिच्छा निजदा दिनिरे अस्पताल भर्ना लाबा मुबा।","अत्यधिक ज्वरो आउने, काँप्ने, हातखुट्टा दुख्नेजस्ता लक्षण देखिएपछि निजलाई आइतबार अस्पताल भर्ना गरिएको थियो।","He was admitted to the hospital on Sunday after experiencing symptoms such as high fever, chills, and pain in his arms and legs.",D2H,14,medium,Past,Affirmative
COM_P2_D2H_S1_6463,थानथान फोरि रोरो चामा ल्हुइला एन्जाइमसे रोला पोषक तत्त्व सजिलोन नाल्मुला।,खाली पेटमा फलफूल खाँदा शरीरका एन्जाइमले फलका पोषक तत्त्व सजिलै पचाउँछन्।,"When you eat fruit on an empty stomach, the body's enzymes easily digest the fruit's nutrients.",D2H,11,medium,Non-Past,Affirmative
COM_P2_D2H_S1_9113,विशेष लासि चिनीनोइ ताबा व्यक्तिरि जीवाणु ओसेम फङ्सला च्यालाङ तिगाइ ल्हाना म्राङ्बा ताबासे तिगाइ आशाङ्का लाबा ताबारि खाम्ला।,विशेष गरी चिनीरोग भएका व्यक्तिमा जीवाणु तथा फङ्सको सङ्क्रमण केही बढी देखिने भएकाले केही आशङ्का गरिएको हुन सक्छ।,"Some suspicion may have been raised, especially since bacterial and fungal infections are more common in people with diabetes.",D2H,18,long,Non-Past,Affirmative
COM_P2_D2H_S2_7658,उपल्लो डोल्पारि सिम्बा नाम्सिरि ल्हुइथाङ घेदुङ दोना नाबा किन्बारि आखाम्मा स्थानिय आम्चीग्याम क्योन्बा गे लाबा सर्वसाधारणसे पाङ्जिबा मुला।,उपल्लो डोल्पामा चिसो मौसयमा स्वास्थ्य संस्था सम्म बिरामी लिन नसक्दा स्थानीय आम्चीद्वारा उपचार कार्य गरिरहेका सर्वसाधारणले बताएका छन्।,"In Upper Dolpa, residents have said that since health facilities are unable to receive patients during the cold season, local doctors are providing treatment.",D2H,18,long,Non-Past,Affirmative
COM_P2_D3E_S1_658,चुराङलासि थे आधुनिक धूलोटौला मिन बलौटो ताजि।,यसरी त्यो आधुनिक धूलोटौको नाम बलौटो रह्यो।,"Thus, the modern name of the dusty town remained Balauto.",D3E,7,short,Past,Affirmative
D4S_S2_3456,स्हेङ्बाला लापरवाहीसे बुइपा-ओखलढुङ्गा खागारि पोल क्याबा १५ दिङदोःना तार थुइबा आरेबा।,आयोजनाको लापरवाहीले बुइपा–ओखलढुङ्गा खण्डमा पोल गाडिएको १५ वर्षसम्म तार टाँगिएको थिएन।,"Due to the negligence of the project, the Buipa-Okhaldhunga section was not wired for 15 years after the poles were buried.",D4C,11,medium,Past,Negative
D4S_S1_1590,दुर्गम ग्लालादा सरकारसे चासो आपिन्बा अभिभावककादेसे पाङ्बा मुला।,दुर्गम ठाउँकालाई सरकारले चासो नदिएको अभिभावकहरूले बताएका छन्।,Parents have said that the government has not shown interest in those in remote areas.,D4C,8,medium,Non-Past,Affirmative
D1A_S0_B1_704,थे दानरि बजेटछ्याम विनियोजन लाबा भुसालसे पाङ्जि।,सोही आधारमा बजेटसमेत विनियोजन गरिएको भुसालले बताए।,Bhusal said that the budget has also been allocated on the same basis.,D1A,7,short,Past,Affirmative
COM_P3_D3E_S1_11263,थे जामे सक्षम तासाम केवा सहज ताबासे ग्युइसेररि बाङ पिन्बारि तोःबा ताबा पाङ्मुला।,उनी छोरी सक्षम भए पो जीवन सहज हुने भएकाले शिक्षामा जोड दिनु आवश्यक भएको बताछिन्।,She says that it is necessary to emphasize education because life will be easier if her daughter is capable.,D3E,15,medium,Non-Past,Affirmative
COM_P2_D2H_S2_7508,चुङाच्छा कोला थेन आमाला ईको कार्डियोग्राफी साप्तो किन्बाला लागिरि निजी अस्पताल महँगो टाङ्गा फासि लातोबा बाध्यता मुबा।,यसअघि बच्चा र आमाको ईको कार्डियोग्राफी सेवा लिनका लागि निजी अस्पताल महँगो पैसा तिरेर गर्नुपर्ने बाध्यता थियो।,"Previously, mothers and babies had to pay a high price to get echocardiography services at private hospitals.",D2H,17,long,Past,Affirmative
COM_D3E_S3_727,अविभावकसे बुमछा काम्रा लासि जाजामेदा खेडोबला लागि फिह्युल डोलोप्पिन्मुला।,अविभावकले लाखौँ खर्चेर छोराछोरीलाई अध्ययनका लागि विदेश पढाउँछन्।,Parents spend lakhs of rupees sending their children abroad for studies.,D3E,8,medium,Non-Past,Affirmative
COM_P2_D5G_S2_1302,"खेप्पादुइ वाङ्जि, दारेम जाजामेला पालो बिसि आरामसे चिम्ला ।","बुढेसकाल लाग्यो, अब छोराछोरीको पालो भनेर आरामले थन्किछन्।","They are getting old and are resting comfortably, thinking that now it is their children's turn.",D5G,8,medium,Non-Past,Affirmative
D1A_S0_B2_514,गोठाला जुगुसे च्यादजुगुरि ङामरि क्यार गोठे स्हेङ्बा मुला।,गोठालाहरूले पाटाहरूको छेउछाउतिर गोठ बनाएका छन्।,The shepherds have built their pens near the walls.,D1A,6,short,Non-Past,Affirmative
COM_D3E_S4_5406,सरकारी निकायसे ह्युल्बातेन संवाद लाबारि थेन ह्राङ्ला ग्रा ठोङसेङ लाबारि थेराङ्बा खाता ठोङ्बारि प्रोत्साहित लाबा हिन्ना।,सरकारी निकायले जनतासँग संवाद गर्न र आफ्ना सूचना सार्वजनिक गर्न त्यस्तो खाता खोल्न प्रोत्साहित गरेको हो।,Government agencies are encouraged to open such accounts to communicate with the public and make their information public.,D3E,16,long,Non-Past,Affirmative
COM_P2_D3E_S1_6331,विश्वविद्यालयरि दिङछाहेन्सेला काक्ता काप्पान मुबा पाङ्बान उपकुलपति बरालसे थे काक्ता ताङसे स्रुगरि छिम्बा तासेला पाङ्जि।,विश्वविद्यालयमा वर्षौँदेखिका समस्या थुप्रिएर रहेको बताउँदै उपकुलपति बरालले ती समस्या क्रमिक रूपमा समाधान हुने बताए।,"Stating that the university has been facing problems for years, Vice-Chancellor Baral said that these problems will be resolved gradually.",D3E,15,medium,Past,Affirmative
D1A_S0_B2_807,"राइवोप्लाविन, नियासिन, फोलेट, पयान्टोथेनिक एसिड, म्याग्नेसियम थेन पोटासियम एन चु रोरि याङ्मुला।","राइवोप्लाविन, नियासिन, फोलेट, पयान्टोथेनिक एसिड, म्याग्नेसियम र पोटासियम पनि यो फलमा पाइन्छ।","Riboflavin, niacin, folate, pantothenic acid, magnesium, and potassium are also found in this fruit.",D1A,12,medium,Non-Past,Affirmative
COM_P2_D3E_S2_2821,महानगरसे तेःबा पाठ्यक्रमला दानरि डा ८ दोःना नेपाल ग्योइ खेडोब तासेला थेला पाङ्बा मुला।,महानगरले प्रकाशन गरेको पाठ्यक्रमका आधारमा कक्षा ८ सम्म नेपाल भाषा पढाई हुने उनको भनाइ छ।,He said that Nepali language will be taught up to grade 8 based on the curriculum published by the metropolis.,D3E,15,medium,Non-Past,Affirmative
COM_P2_D2H_S1_1190,खाम्देदोना चाबासे दाइमा सुरक्षाला लागि एप्रोन प्रयोग लादोमुला,सकेसम्म खाना पकाउँदा सुरक्षाका लागि एप्रोन प्रयोग गर्नुपर्छ।,"Whenever possible, you should use an apron for safety when cooking.",D2H,8,medium,Non-Past,Affirmative
COM_P2_D5G_S1_7375,थेसे केवादा अनुभूत लाबा ल्हानान तोसोगुङरि गाेरगिक सिर्जनाला थुम मुबा पाङ्जि।,उनले जीवनलाई अनुभूत गर्ने अनेकौँ तरिकामध्ये एउटा सिर्जनाको क्षेत्र रहेको बताए।,He said that one of the many ways to experience life is through the field of creativity.,D5G,11,medium,Past,Affirmative
COM_D5G_S1_S2_3481,नेपाली ह्युल्बाला फेल्गेबा प्रक्रियातेन रिमठिमकि दोङराप गोबारि म्हाइबाला निम्ति चु छ्योइ उपयोगी मुला।,नेपाली समाजको विकास प्रक्रियासँगै सांस्कृतिक इतिहास बुझ्न चाहनेका निम्ति यो पुस्तक उपयोगी छ।,This book is useful for those who want to understand the cultural history along with the development process of Nepali society.,D5G,13,medium,Non-Past,Affirmative
COM_P2_D3E_S2_4351,आयोगसे किन्बा एकिकृत परीक्षा पास लाबादा गिक्छा प्राथमिकतारि पिनमुला।,आयोगले लिएको एकिकृत परीक्षा पास गर्नेलाई पहिलो प्राथमिकता दिइन्छ।,First priority is given to those who pass the unified examination conducted by the commission.,D3E,9,medium,Non-Past,Affirmative
COM_D3E_S3_1933,"फिच्चा गेताङरि लोप्बोनकादेदा विपाश्ना ज्योःरि तालिम, मेडिटेसनहेन्से किन्सि व्हाइ व्हाइरिमदोःना लापुङ्सेला पाङ्जि।","उक्त कार्यक्रममा शिक्षकहरूलाई विपाश्ना शैलीमा तालिम, मेडिटेसनदेखि लिइएर गीत सङ्गीतसम्मको गराइने बताए।","The program will provide teachers with training in the Vipassana style, ranging from meditation to singing and music.",D3E,12,medium,Past,Affirmative
COM_D5G_S1_S2_5149,"ह्राङला स्वभाव थेन रुचि पहिल्याब लाबा ङा १० हेन्छे ५ ङ्यामादोःनाला जागिररि कोल्बारि आखाम्बा निश्चिन्त मुबा, थेसे पाङ्जि, थेसेलामा ह्राङला सेम जीवन्त स्होसि थान्बा स्टार्ट अप म्हाइबान मुबा।","आफ्नो स्वभाव र रुचि पहिल्याएका म १० देखि ५ बजेसम्मको जागिरमा भुल्न नसक्नेमा निश्चिन्त थिएँ, उनी भन्छन्, त्यसैले आफ्नो रुचि जीवन्त बनाइराख्ने स्टार्ट अप खोज्दै थिएँ।","""Having discovered my nature and interests, I was certain I wouldn't be able to get by in a 10-to-5 job,"" he says, ""so I was looking for a start-up that would keep my interests alive.""",D5G,26,very long,Past,Affirmative
COM_P2_D2H_S1_9165,कञ्चनपुरला बेनान्बिमा ङाज्याङ भीमदत्त नगरपालिकारि जिमुवा ल्हुइथाङ चौकी थेन वसन्तपुर ग्यासाी ल्हुइथाङ उइरि जेक्खेन् ओटिसी सेवा सञ्चालनरि मुला,कञ्चनपुरको सबैभन्दा ठूलो भीमदत्त नगरपालिकामा जिमुवा स्वास्थ्य चौकी र वसन्तपुर सहरी स्वास्थ्य केन्द्रमा मात्रै ओटिसी सेवा सञ्चालनमा छ।,"In Bhimdutta Municipality, the largest municipality in Kanchanpur, only Jimuwa Health Post and Basantapur Urban Health Center are operating OTC services.",D2H,18,long,Non-Past,Affirmative
COM_D4C_S1_S2_4785,छोङनाम्पाकादेसे कोरोना च्यालाङसे थला ताबा ह्युलकोर छोङनामदा सहज स्होबारि योना खोप बाबारि नेपाल सरकारदा आग्रह लाबा मुला।,व्यवसायीहरूले कोरोना सङ्क्रमणले थला परेको पर्यटन व्यवसायलाई सहज बनाउन छिटो खोप ल्याउन नेपाल सरकारले आग्रह गरेको छ।,"The Nepalese government has urged businesspeople to quickly introduce vaccines to facilitate the tourism industry, which has been hit hard by the coronavirus pandemic.",D4C,17,long,Non-Past,Affirmative
P2_D1A_S0_B1_291,खाम्दे दोःना यान्त्रीकरणरि महानगर तिःबा मुला।,सकेसम्म यान्त्रीकरणमा महानगर लागेको छ।,The metropolis is committed to mechanization as much as possible.,D1A,5,short,Non-Past,Affirmative
COM_P3_D3E_S3_3752,चुसे परम्परागत ग्युइसेरकि शिक्षण विधिदा प्रतिस्थापन लाबा उन्पाङ्जि।,यसले परम्परागत शैक्षिक शिक्षण विधिलाई प्रतिस्थापन गर्ने जनाए।,This will replace the traditional academic teaching method.,D3E,8,medium,Past,Affirmative
COM_P2_D5G_S2_3176,खालाइ गिक चटक्क ख्लाबा आरे।,कुनै एक चटक्क छोडेको छैन।,Not a single one has been left untouched.,D5G,5,short,Non-Past,Negative
COM_D3E_S5_2559,मङ्गल ग्रहरि केवाला सम्भावना म्हाइबाला लागिरि सन् १९७० लिच्छा चु गिक्छा अन्वेषण हिन्ना।,मङ्गल ग्रहणमा जीवनको सम्भावनाको खोजीका लागि सन् १९७० पछिको यो पहिलो अन्भेषण हो।,This is the first exploration since 1970 to search for the possibility of life on Mars.,D3E,13,medium,Non-Past,Affirmative
COM_D2H_S1_S2_6402,रेदाङ्से ग्यार्जा १५ साङ्ज्यारि पे परिक्षण लाबान खाबा केन्द्रिय प्रयोगशालासे पे आरेबा ङ्यान्दि निसरे गिकहेन्से ६ हेन्से ग्यार्जा ८ ला साङ्ज्यारि जेक्खेन पे परिक्षण लाचिबा मुला।,दैनिक १५ सय सङ्ख्यामा नमूना परीक्षण गर्दै आएको केन्द्रीय प्रयोगशालाले नमूना नभएका कारण एक हप्तादेखि ६ देखि ८ सयको सङ्ख्यामा मात्रै नमूना परीक्षण गरिरहेको छ।,"The central laboratory, which used to test around 1,500 samples daily, has been testing only 600 to 800 samples per day for the past week due to the lack of samples.",D2H,25,very long,Non-Past,Affirmative
COM_D2H_S4_3970,नाम ताइबाछ्याम क्युइ छ्याबा थेन छ्याबा क्युइरि पाङ्दिला लार्भा ल्हेःबा तिःबालिच्छा च्यालाङ रेदाङ्से ल्हेःबान मुला।,पानी परेसँगै पानी जम्ने र जमेको पानीमा लामखुट्टेका लार्भा बढ्न थालेपछि सङ्क्रमण दैनिक बढ्दो छ।,The number of infections is increasing daily as water freezes and mosquito larvae begin to grow in the frozen water.,D2H,15,medium,Non-Past,Affirmative
COM_D2H_S1_S2_1937,"ब्योनदुइरि डोबा, जागिर, करियर ओसेम ब्रेल्साङला ङ्यान्दि डिप्रेसन ताबारि खाम्मुला।","युवावस्थामा पढाइ, जागिर, करियर तथा विवाहका कारण डिप्रेसन हुनसक्छ।","Depression can occur during youth due to studies, jobs, careers, and marriage.",D2H,9,medium,Non-Past,Affirmative
COM_P2_D4C_S1_B4_821,ग्यान्छा ख्याप्पा प्रतिस्पर्धासे तीज भड्किलो दोःबान निबा मुला।,गरगहना लगाउने प्रतिस्पर्धाले तीज भड्किलो बन्दै गएको छ।,Teej is becoming more and more exciting with the competition to wear jewelry.,D4C,8,medium,Non-Past,Affirmative
COM_P2_D4C_S1_B1_1070,थेरि लुल्हाला थान मुबा पाङ्मुला।,त्यहाँ नागदेवताको थान रहेको बताइन्छ।,It is said that there is a place for the serpent god there.,D4C,5,short,Non-Past,Affirmative
COM_P2_D3E_S1_5945,थेसेलामा थेसे ग्यागारह्युलग्याम याक्खार्गि आलोङ्बा नारायण झा मिनला लोप्बोन बास्ह्युजि थेन ङादा लोप्डोबारि लाइतिस्ह्युजि।,त्यसैले उहाँले भारतबाट एकजना निर्भय नारायण झा नाम गरेका शिक्षक ल्याउनुभयो र मलाई पढाउन लगाउनुभयो।,So he brought a teacher named Nirbhaya Narayan Jha from India and had me teach.,D3E,15,medium,Past,Affirmative
COM_P2_D5G_S1_8609,ह्रेक्छाक विश्राम किन्बा ब्युङ्बासे दोःसि ह्राङ्ला रूप हुन्बारि तिःजि।,एकछिन विश्राम लिएको खोकीले फेरि आफ्नो रूप देखाउन थाल्यो।,"The cough, which had taken a short break, began to show itself again.",D5G,9,medium,Past,Affirmative
COM_D4C_S1_S2_1106,युरोपरि छ्याम कोरोनाला च्यालाङ ल्हेसि निबालिच्छा नेपालरि मुबा ह्युलकोर्पा जे खाबा छोङनाम्पाकादे पाङ्मुला।,युरोपमा समेत कोरोनाको सङ्क्रमण बढ्दै गएपछि नेपालमा रहेका पर्यटक मात्रै आएको व्यवसायीहरू बताउँछन्।,"Businessmen say that as the coronavirus infection continues to increase in Europe, only tourists from Nepal have come to visit.",D4C,13,medium,Non-Past,Affirmative
COM_D3E_S3_3412,कलेजसे दिङ दाङ्से ४३२ म्हे इन्जिनियर उत्पादन लाचिबा नगरपालिकासे उन्पाङ्बा मुला।,कलेजले हरेक वर्ष ४३२ जना इन्जिनीयर उत्पादन गरिरहेको नगरपालिकाले जनाएको छ।,The municipality has stated that the college is producing 432 engineers every year.,D3E,11,medium,Non-Past,Affirmative
D4S_S2_473,सुङरे ङ्यासेहेन्से ग्लिङ ताइबारि चुःबा हिन्ना।,शुक्रबार साझदेखि हिउँ पर्न सुरु भएको हो।,It started snowing on Friday evening.,D4C,7,short,Non-Past,Affirmative
D4S_S1_5691,थेदा बारा जोङ अदालतसे अनुसन्धानला लागिरि १० रे हिरासतरि थान्बा अनुमति पिन्बा मुला।,उनलाई बारा जिल्ला अदालतले अनुसन्धानका लागि १० दिन हिरासतमा राख्ने अनुमति दिएको छ।,The Bara District Court has granted him permission to be detained for 10 days for investigation.,D4C,13,medium,Non-Past,Affirmative
P2_D1A_S0_B1_4096,तोःबा ग्योइ स्हेङ्बा लाबारि खाम्साम चु थुमला सानामछ्याम स्यान्दो छोङमिनरि ग्रेन टेवा दोबा थेला विश्वास मुला।,उपयोगी पोखरी निर्माण गर्न सके यस क्षेत्रको कृषिसँगै अन्य यवसायमा ठूलो टेवा पुग्ने उनको विश्वास छ।,"He believes that if a useful pond can be built, it will greatly help agriculture and other businesses in the area.",D1A,16,long,Non-Past,Affirmative
COM_D3E_S3_2365,तिदाबिसाम थे घेन्दुन आज्याबा मुला बिसाम थेदा थिग्युनला लागि महत्त्वपूर्ण भूमिका लोप्खेनला तामुला।,किनभने त्यो संस्था नराम्रो छ भने त्यसलाई सुधारको लागि महत्त्वपूर्ण भूमिका विद्यार्थीको हुन्छ।,"Because if that institution is bad, students have an important role to play in improving it.",D3E,13,medium,Non-Past,Affirmative
COM_P2_D3E_S1_6637,असह्य स्रुगरि छेप्पा ताबालिच्छा महोत्तरीला पालिका न्हिसे सामुदायिक लोप्खाङरि छेप्पा बिदा पिन्बा मुला।,असह्य रूपमा गर्मी भएपछि महोत्तरीका दुई पालिकाले सामुदायिक विद्यालयमा गर्मी बिदा दिएका छन्।,Two municipalities in Mahottari have announced summer vacations for community schools due to the unbearably hot weather.,D3E,13,medium,Non-Past,Affirmative
D4S_S2_1777,ह्याङ्ला विश्वशान्तिला ह्रेङ्बा अनुभव थेन दोङरापकि उपस्थिति मुला।,हाम्रो विश्वशान्तिमा लामो अनुभव र ऐतिहासिक उपस्थिति छ।,We have a long experience and historical presence in world peace.,D4C,8,medium,Non-Past,Affirmative
P3_D1A_S0_B2_2199,टमाटर च्याङ्नारि १५ टाङ्गा केजीछापहेन्से दान्ना राङ्बा ग्यार्जा गिक से २० टाङ्गा केजीछापदोःना चुङ्बा मुला।,टमाटर न्यूनतम १५ रूपैयाँ प्रतिकेजीदेखि अधिकतम १ सय २० रूपैयाँ प्रतिकेजीसम्म बेचेको छु।,I have sold tomatoes for a minimum of Rs. 15 per kg to a maximum of Rs. 1 hundred 20 per kg.,D1A,13,medium,Non-Past,Affirmative
COM_D3E_S3_1732,न्यु समिट कलेज थेन युनिभर्सल कलेज नोन लोप्खेनसे तिल्दा बोमोसे ?,न्यु समिट कलेज र युनिभर्सल कलेज नै विद्यार्थीले किन राेज्ने?,Why should students choose New Summit College and Universal College?,D3E,10,medium,Non-Past,Affirmative
COM_D2H_S1_S2_1039,राङ् कारा कतिको सोलमुला ?,तपाई मह कतिको खानुहुन्छ?,How much honey do you eat?,D2H,4,short,Non-Past,Affirmative
COM_P2_D2H_S1_3568,लाइनु न्हाबा २–३ रेदोःना कादेह्राङ्बा आमारि ङ्हेला प्रवाह ज्याबा आताबा काक्ता तामुला।,सन्तान जन्मिएको २–३ दिनसम्म कतिपय आमामा दूधको प्रवाह राम्रो नहुने समस्या हुन्छ।,Some mothers experience poor milk flow for 2-3 days after giving birth.,D2H,12,medium,Non-Past,Affirmative
P2_D1A_S0_B2_1649,पर्वतरि ङाम तोङ्जा कुः हेक्टर क्षेत्रफल सा सुनसास्हिङला लागिरि योग्य मुला।,पर्वतमा करीब नौ हजार हेक्टर क्षेत्रफल जग्गा धानखेतीका लागि योग्य छ।,Approximately nine thousand hectares of land in the mountains are suitable for rice cultivation.,D1A,11,medium,Non-Past,Affirmative
COM_D4C_S1_S2_824,थेरि तलेजु परिसरला धर्मकि गतिविधिरि ग्लेसे कोलाला ल्हिन च्योच्योला म्हारम्ह्इ थेन म्हुइ क्योइचिबा म्राङ्मुला।,त्यसमा तलेजु परिसरको धार्मिक गतिविधिमा राजाले छोराको तौल बराबरको गरगहना र चाँदी तौलिरहेको देखिन्छ।,"In it, the king is seen weighing jewelry and silver equivalent to the weight of his son during a religious activity in the Taleju complex.",D4C,14,medium,Non-Past,Affirmative
P4_D1A_S1_B1_744,बुलुङसे खुरि एन नोत्पा दोनालाबा मुला।,किराले तरकारीमा पनि असर पुर्‍ याएको छ।,Insects have also affected vegetables.,D1A,7,short,Non-Past,Affirmative
COM_P2_D5G_S2_3947,चुराङ्बा तामसे दिमथेमेदा नोत्पा लाला बिसि यान्पा ग्युङदा ह्याङसे जथाभावी ब्रिबारि आपिन्बारि मोइजेन लाचिबा मुला।,यस्तो कुराले फेमिलीलाई असर गर्छ भनेर सञ्चारमाध्यमलाई हामीले जथाभावी नलेखिदिन आग्रह गरिरहेका छौँ ।,We are urging the media not to write carelessly about how such things affect families.,D5G,13,medium,Non-Past,Affirmative
COM_D3E_S1_S2_2468,लोप्डा म्राङ्बा साङ्ज्या बिमा परीक्षा पिन्बा दुइरि लोप्खेनला साङ्ज्या उल्लेखनीय स्ह्रुगरि ल्हाना तामुबा ।,कक्षामा देखिने सङ्ख्याभन्दा परीक्षा दिने बेलामा विद्यार्थीको सङ्ख्या उल्लेखनीय रूपमा बढी हुन्थ्यो।,The number of students taking the exam was significantly higher than the number seen in the classroom.,D3E,12,medium,Past,Affirmative
COM_P2_D3E_S2_3032,अस्ट्रेलियाग्याम खाबा लोप्खेनसे नेपालरि क्राइम थुमला फ्राक पाटो च्यासेला मुला।,अस्ट्रेलियाबाट आएका विद्यार्थीले नेपालमा क्राइम क्षेत्रको फरक पाटो नियाल्नेछन्।,Students from Australia will observe a different side of the crime scene in Nepal.,D3E,9,medium,Non-Past,Affirmative
COM_P2_D5G_S2_1083,"मोकोनसे मोलाम पिन्बान मुला, पिन्बान ताला।","सबैले आशिर्वाद दिएकै छन्, दिएकै हुन्छन्।","Everyone has given blessings, and will continue to give them.",D5G,6,short,Non-Past,Affirmative
D1A_S0_B1_853,चु म्राङ्मा खाल्लाका सेम प्रफुल्ल आतासाइला ताला।,यो देख्दा कसको पो मन प्रफुल्ल हुँदैन होला।,Who wouldn't be happy to see this?,D1A,8,medium,Non-Past,Affirmative
COM_D3E_S1_S2_2031,निजी लोप्खाङला लोप्बोनला ल्हेनोरभत्ता सामुदायिक लोप्खाङला लोप्बोन च्योच्यो तातोला।,निजी विद्यालयका शिक्षकको तलबभत्ता सामुदायिक विद्यालयका शिक्षक सरह हुनुपर्छ।,Private school teachers should be paid the same as public school teachers.,D3E,9,medium,Non-Past,Affirmative
COM_D3E_S5_5091,ग्रेन ताम मि भारी छुट थेन सस्तोरि सामान याङ्ला बिबा ह्रेपेन लासि क्यान इन्फोटेक दोबा मिक्सालक्हिकादे नोन निराश नोन ताजि।,मुख्य कुरा त भारी छुट र सस्तोमा सामान पाइन्छ भन्ने अपेक्षा गरेर क्यान इन्फोटेक पुग्ने अवलोकनकर्ताहरू पनि निराश नै भए।,The main thing is that even those who came to Can Infotech expecting to find huge discounts and cheap products were disappointed.,D3E,20,long,Past,Affirmative
P2_D1A_S0_B1_1079,थेसे लाबा खेडोब थुमरि ङाम ९ कार्ग्या दिमथेमेसे जेक्खे सकारात्मक पोबा याङ्बा मुला।,उनले गरेको अध्ययन क्षेत्रमा लगभग ९ प्रतिशत घरपरिवारले मात्र सकारात्मक परिवर्तन पाएका छन्।,Only about 9 percent of households in his study area have experienced positive changes.,D1A,13,medium,Non-Past,Affirmative
COM_D3E_S1_S2_400,चुरि ल्हाना लोप्खाङकादे मुला।,यहाँ धेरै विद्यालयहरू छन्।,There are many schools here.,D3E,4,short,Non-Past,Affirmative
COM_P2_D2H_S2_6666,च्यालबा ताबामध्ये खोप आरोप्पादा ल्हाना गार्हो सोबारि खाम्सेला दात्तेदोनाला खेडोपसे ओन्बा मुला,सङ्क्रमित भएकामध्ये खोप नलगाएकालाई धेरै गार्हो बनाउन सक्ने अहिलेसम्मको अध्ययनले देखाएको छ।,"Studies to date have shown that among those infected, those who are not vaccinated may be more severely affected.",D2H,12,medium,Non-Past,Affirmative
COM_D2H_S1_S2_1330,चु ङाच्छा बुम गिक तोङ्जा ८८ डोज खाबा मुबा।,यसअघि एक लाख ८८ हजार डोज आएको थियो।,"Previously, 1 lakhs 88 thousand doses had arrived.",D2H,8,medium,Past,Affirmative
COM_D3E_S1_S2_1711,तादा सोमलान सरकारसे लोप्खाङ ग्युइसेरि गे लाचिबा मुला तासाइ समन्वय आरे ।,तीन तहकै सरकारले विद्यालय शिक्षामा काम गरिरहेका छन् तर समन्वय छैन।,"All three levels of government are working on school education, but there is no coordination.",D3E,11,medium,Non-Past,Negative
COM_P2_D4C_S1_B3_1738,स्थानीय लुङछ्युतेन अनुकूल ताबान आराम किन्बान ल्हाम लामा लेक ताबा काक्ताग्याम क्योप्पारि खाम्ला।,स्थानीय हावापानीसँग अनुकूलन हुँदै विश्राम लिँदै यात्रा गर्दा लेक लाग्ने समस्याबाट बच्न सकिन्छ।,You can avoid the problem of dizziness while traveling by acclimating to the local climate and taking breaks.,D4C,13,medium,Non-Past,Affirmative
COM_D5G_S3_2866,कोठारि चिबासेनोन ह्राङदा दिमबेटीसे ज्याबा ह्रेवा लासिपिन्साम तासेला बिबा म्हान्मुला।,कोठामा बस्‍नेले पनि आफूलाई घरबेटीले राम्रो व्यवहार गरिदिए हुन्थ्यो भन्‍ने सोच्छ।,Even the roommate wishes the housekeeper had treated him better.,D5G,11,medium,Non-Past,Affirmative
COM_D3E_S5_3666,दिम वा गेदिमरि मुबा सीसीटीभीसे नोन व्यक्ति ङोसेबारि आखाम्मा हैरान मुस्ह्युला ?,घर वा कार्यालयमा भएको सीसीटीभीले पनि व्यक्ति पहिचान गर्न नसक्दा हैरान हुनुहुन्छ?,Are you frustrated that even the CCTV in your home or office cannot identify a person?,D3E,12,medium,Non-Past,Affirmative
P3_D1A_S0_B1_2909,लोपोन्मुख जाति राउटे समुदायला पुर्ख्यौली नाम सिङला ताङतुङ स्हेङ्बा छ्याम सानाम नामरि थुइबारि तिःबा मुला।,लोपोन्मुख जाति राउटे समुदाय पुर्ख्यौली पेसा काठका भाँडाकुँडा निर्माणसँगै कृषि पेसामा जोडिन थालेको छ।,The endangered Raute community has begun to integrate agriculture into its ancestral profession of making wooden utensils.,D1A,14,medium,Non-Past,Affirmative
COM_P2_D5G_S2_3859,फिर्ग्याप कोर्बारि थोन्मा चा डोखेनदा नोन छ्यामछ्याम कोर्बा खुबी ब्रिखेनरि भरपुर चिम।,बाहिर घुम्न निस्कँदाचाहिँ पाठकलाई पनि सँगसँगै घुमाउने खुबी लेखकमा भरपुर रहेछ।,"When going out for a walk, the author is very good at taking the reader along.",D5G,11,medium,Non-Past,Affirmative
COM_P2_D2H_S1_7390,थेगुङ मोकोनबिमा खतरनाक भाइरससे दिङ दाङ्से जाम्बुलिङनाङ छ्योआछ्यो डि गिकसे डे म्हिला ल्हुइ किन्मुला।,तीमध्ये सबभन्दा खतरनाक भाइरसले हरेक वर्ष संसारभरि लगभग डेढ करोड मानिसको ज्यान लिन्छन्।,The most dangerous of these viruses kills about one and a half crore people worldwide every year.,D2H,13,medium,Non-Past,Affirmative
P3_D1A_S0_B2_148,सानाम्पादा ग्याल्सासे क्षतिपूर्ति पिन्तोबा मुला।,किसानलाई राज्यले क्षतिपूर्ति दिनुपर्छ।,The state should compensate the farmers.,D1A,4,short,Non-Past,Affirmative
COM_D5G_S1_S2_87,थे झान प्रिय म्हान्छिचिमुबा।,ऊ झन् प्रिय लागिरहेकी छे।,She is looking even more adorable.,D5G,5,short,Non-Past,Affirmative
COM_P2_D2H_S2_3031,"ह्राङ नाल्बा ब्रेल्बि काक्ता, स्हुखाबा थेन ल्हिबापनग्याम सोबारि खाम्स्ह्युला।","तपाईँ पाचन सम्बन्धी समस्या, सुस्ती र भारीपनबाट सताउन सक्नुहुन्छ।","You may suffer from digestive problems, lethargy, and heaviness.",D2H,9,medium,Non-Past,Affirmative
COM_P2_D2H_S2_5099,डाइटरि क्योल्बा स्हेकादेसे म्हिला नोइ प्रतिरोधी दुदुमदा ल्हेःना लामुला।,डाइटमा प्रयोग गर्ने चीजहरूले मानिसको रोग प्रतिरोधी क्षमतालाई बृद्धि गर्छ।,Foods used in the diet increase a person's immunity.,D2H,10,medium,Non-Past,Affirmative
D1A_S0_B2_1541,थेला उद्योगरि स्हेङ्बा स्हे इलामरि जेन आतान जोङ फिर्ग्याप नोन चुङ्मुला।,उनको उद्योगमा बनेका वस्तु इलाममा मात्र नभई जिल्ला बाहिर पनि बिक्छ।,The products made in his industry are sold not only in Ilam but also outside the district.,D1A,11,medium,Non-Past,Affirmative
COM_D5G_S4_1498,फिल्म यान्पाङ ब्लोनखाङन्हाङ्तु निसि चिबा मुला।,फिल्म सञ्चार मन्त्रालयअन्तर्गत गएर बसेको छ।,The film has been placed under the Ministry of Communications.,D5G,6,short,Non-Past,Affirmative
COM_D2H_S1_S2_141,छ्यामरि चु अल्जाइमरला ङ्यान्दि एन दोबारि खाम्ला।,साथमा यो अल्जाइमरको कारण पनि बन्न सक्छ।,It can also cause of Alzheimer.,D2H,7,short,Non-Past,Affirmative
P3_D1A_S0_B2_361,म्हेन्दोला फोले नासगिकलान आर्कषक तामुला।,फूलका थुङ्गा एकैनासका आर्कषक हुन्छन्।,The flower stalks are equally attractive.,D1A,5,short,Non-Past,Affirmative
COM_P2_D5G_S2_2972,"छाया मि भाग्यमानी ताजि, ग्रेन ताजि।","नाति तँ भाग्यमानी भए, ठूलो भए।","Grandson, if you are lucky, wish, you grow up.",D5G,6,short,Past,Affirmative
COM_P2_D5G_S2_2193,निर्विवाद ताबारि आखाम्नि बरु तिलाइ आरेबा।,निर्विवाद हुन सकेनौ बरु केही थिएन।,"We couldn't be certain, but there was nothing.",D5G,6,short,Past,Negative
COM_D2H_S4_1929,"तोःबाबिमा ल्हाना म्हेर्बा, दिनिरिन म्हेर्बा राङ्बा गे एन लाबारि आतामुला।","आवश्यकताभन्दा धेरै निदाउने, दिउँसै सुत्नेलगायत काम पनि गर्नुहुँदैन।","You should also avoid sleeping more than necessary, napping during the day, and other activities.",D2H,8,medium,Non-Past,Negative
D4S_S3_5665,मिरे ङ्यासे प्रहरीसे धरानरि गोली रोप्सि गाडी न्हि स्हिमो नियन्त्रणरि किन्बा मुला।,मङ्गलबार राति प्रहरीले धरानमा गोली हानेर दुई गाडी गाँजा नियन्त्रणमा लिएको छ।,"On Tuesday night, police opened fire in Dharan and seized two vehicles carrying marijuana.",D4C,12,medium,Non-Past,Affirmative
COM_D2H_S3_3255,मान डिछ्या विभागसे बिसाम बजाररि थे किट चुङ्बानिबा ताबा ताम्सोर आयाङ्बा पाङ्बा मुला।,औषधी व्यवस्था विभागले भने बजारमा सो किट बिक्रीवितरण भएको खबर नपाएको बताएको छ।,"The Department of Medicines Management, however, has said that it has not received any reports of the kit being sold or distributed in the market.",D2H,13,medium,Non-Past,Affirmative
COM_P2_D5G_S2_101,आडुप बिमा दिमरि स्यान तिलाइ आरे।,अभाव बाहेक घरमा अरू केही छैन।,There is nothing else in the house except for lack.,D5G,6,short,Non-Past,Negative
COM_P2_D2H_S2_6819,आईसियू कक्षग्याम दिनिरे दिनि ३ ङ्यामा ङामरि मेङ चुःबा अस्पतालसे उन्पाङ्बा मुला,आईसीयू कक्षबाट आइतबार दिउँसो ३ बजेतिर आगलागी सुरु भएको अस्पतालले जनाएको छ।,The hospital said the fire started in the ICU room around 3 pm on Sunday.,D2H,12,medium,Non-Past,Affirmative
COM_D3E_S4_3863,वर्डक्याम्प याम्बु २०२३ ग्युइसेरकि सत्रजुगुला फिरि जेक्खे आताना गेताङसे समुदाय थेन ह्रोछयाला भावनादा ल्हेःछ्या पिन्सेला मुला।,वर्डक्याम्प काठमाडौँ २०२३ शैक्षिक सत्रहरूको बारेमा मात्र नभई कार्यक्रमले समुदाय र सहयोगको भावनालाई बढावा दिनेछ।,"WordCamp Kathmandu 2023 is not just about academic sessions, the event will foster a sense of community and collaboration.",D3E,15,medium,Non-Past,Affirmative
COM_P2_D2H_S2_7749,कागती थेन सुन्तला राङ्बा अम्लीय रोरो  सोझोन चामा बिसाम क्युङ्बा ल्हाना तासि काक्ता ङ्योइबारि खाम्ला।,कागती र सुन्तलाजस्ता अम्लीय फल सीधै सेवन गर्दा भने अमिलो धेरै भएर समस्या निम्तिन सक्छ।,Consuming acidic fruits like lemons and oranges directly can cause problems due to the high acidity.,D2H,15,medium,Non-Past,Affirmative
COM_D3E_S3_1798,खासलासि खाजा ताबा बिजाबुमोकादेदा खाराङलासि लोप्डोबा बिबा फिरि चु तालिम उइक्यु मुबा।,खासगरी अपांगता भएका वालवालिकाहरूलाई कसरी पढाउने भन्ने बारेमा यो तालिम केन्द्रित थियो।,This training focused specifically on how to teach children with disabilities.,D3E,12,medium,Past,Affirmative
COM_P2_D5G_S2_7547,दात्ते चाम क्रेबारि काङाल ताबा ह्राङ्बा डान्सि ह्राङनोन फिस्स ङेजि।,अहिले भर्‍याङ चढ्न गाह्रो भएजस्तो सम्झेर आफैँ फिस्स हाँस्यो।,"He laughed to himself, thinking how difficult it must be to climb the ladder now.",D5G,9,medium,Past,Affirmative
D4S_S3_5559,थेरि बैंकिङ डिछ्यासे व्यक्तिला खातारि टाङ्गा तासाम स्वीकार लाबा थेन आतासाम आलाबा तामुला।,त्यसमा बैंकिङ प्रणालीले व्यक्तिको खातामा रकम भए स्वीकार गर्ने र नभए नगर्ने हुन्छ।,The banking system will accept the money if the person has it in their account and not if they don't.,D4C,13,medium,Non-Past,Affirmative
COM_D5G_S3_5082,थेलिच्छा नेपाल राष्ट्रिय जनमुक्ति पार्टीला संस्थापक ह्रोम्हि तासि ग्यालठिमरि संलग्न मुबा थे खाचिबाइ लाभला पद बिसाम किन्बा आरेबा।,त्यसपछि नेपाल राष्ट्रिय जनमुक्ति पार्टीका संस्थापक सदस्य रहेर राजनीतिमा संलग्न रहेका उनी कुनै लाभको पद भने लिएका थिएनन्।,"After that, he was involved in politics as a founding member of the Nepal Rastriya Janmukti Party, but he did not hold any position of profit.",D5G,18,long,Past,Negative
D1A_S0_B1_1890,अलैँची दाना चुङ्सि ङाच्छाला दिङरि सिका बुम ङा ल्हाना छाबा थेसे ग्रानाङ पिन्जि।,अलैँची दाना बेचेर अघिल्लो वर्ष रु पाँच लाख बढी कमाएको उनले जानकारी दिए।,He informed that he earned more than Rs. 5 lakh last year by selling cardamom seeds.,D1A,13,medium,Past,Affirmative
COM_D5G_S6_440,थेसे चुम्मा चपक्कै व्हाइग्याम अवार्ड डाबा हिन्ना।,उनले चुम्मा चपक्कै गीतबाट अवार्ड जितेकी हुन्।,She won the award for the song Chumma Chappakkai.,D5G,7,short,Non-Past,Affirmative
COM_P2_D5G_S2_4867,मुचुल्का नोन आदुइना प्रहरीसे छेन्दे थिःजि थेन भ्यानरि युसि बोर्सि निजि।,मुचुल्का नै नउठाई पुलिसले लास उठायो र भ्यानमा हालेर लिएर गयो।,"Without even taking the document, the police picked up the body, put it in a van, and took it away.",D5G,11,medium,Past,Affirmative
COM_P2_D5G_S1_3994,चुल्होचौको म्राबा अभिप्रायसे थे प्रवासीकादेला व्हाइथोरि चोम्बा व्हाइला हालत तिका ताला ?,चुल्होचौको बाल्ने अभिप्रायले ती प्रवासीहरूको गीतमाथि सृजना गरिएका गीतको हालत के होला?,What will happen to the songs created based on the songs of those migrants with the intention of lighting the fire?,D5G,12,medium,Non-Past,Affirmative
COM_D3E_S1_S2_5403,चुरि स्यान नुरला खेडोब आरेना डिग्यानरि जेन ध्यान उइक्यु ताबासे चु नुर खेडोबला लागि उपयुक्त दोखाङ ताबारि खाम्मुला।,यहाँ अन्य विषयको अध्ययन नभई व्यवस्थापनमा मात्रै ध्यान केन्द्रित हुने भएकाले यो विषय अध्ययनका लागि उपयुक्त गन्तव्य बन्नसक्छ।,"This subject can be a suitable destination for study as the focus here is solely on management, rather than studying other subjects.",D3E,18,long,Non-Past,Affirmative
COM_D3E_S1_S2_2137,थे उइसे लोप्खाङ ग्युइसेर ओसेम अनौपचारिक ग्युइसेरला सङ्घीयस्तरला गेताङला कार्यान्वयन लाबा लामुला।,सो केनद्रले विद्यालय शिक्षा तथा अनौपचारिक शिक्षाका सङ्घीयस्तरका कार्यक्रमको कार्यान्वयन गर्ने गर्छ।,The center implements federal-level programs in school education and non-formal education.,D3E,12,medium,Non-Past,Affirmative
COM_P2_D3E_S1_6035,अनलाइन फाराम २४ नोन घन्टा उपलब्ध ताबा डिछ्या लाबाला जोशीसे पाङ्जि।,अनलाईन फाराम २४ सैं घण्टा उपलब्ध हुने व्यवस्था गरिएको जोशीले बताए।,Joshi said that arrangements have been made to make the online form available 24 hours a day.,D3E,11,medium,Past,Affirmative
COM_P2_D4C_S1_B3_1292,फिच्चा रापरि लावण्य ह्युल थेन ग्ले नवराजला उन्ब्रिबा मुला।,उक्त कथामा लावण्य देश र राजा नवराजको उल्लेख छ।,The story mentions the beautiful country and King Navaraj.,D4C,9,medium,Non-Past,Affirmative
COM_P2_D5G_S2_4382,घाइते ओसेम अङ्गभङ्ग ताबाकादेला जटिल रेचर्यासे म्होकोनला गोम खिचब लाबान तातोला।,घाइते तथा अङ्गभङ्ग हुनेहरूको जटिल दिनचर्याले सबैको ध्यान खिचेकै हुनुपर्छ।,The complex daily lives of the injured and disabled must have caught everyone's attention.,D5G,10,medium,Non-Past,Affirmative
D1A_S0_B1_1469,बेने वाङ्मा हेन्से बिसाम सानाम्पासे केजीछाप ल्हाना राङ्बा सिका १५ दोःना जे याङ्बा लामुला।,फागुन लागेदेखि भने किसानले प्रतिकेजी अधिकतम रु १५ सम्ममात्र पाउने गर्दछन्।,"Since the beginning of Falgun, farmers have only received a maximum of Rs. 15 per kilogram.",D1A,11,medium,Non-Past,Affirmative
COM_D3E_S1_S2_5605,"अदालतसे काठुइग्याम अन्तिम आदेशला टुङ्गो आतादेदोःना लोपखाङ ग्युइसेरला राष्ट्रिय पाठ्यक्रम प्रारूप, २०७६ कार्यान्वयन आलाना यथास्थितिरि थान्गो बिबा मुला। ","अदालतले छलफलबाट अन्तिम आदेशको टुङ्गो नलागेसम्म विद्यालय शिक्षाको राष्ट्रिय पाठ्यक्रम प्रारूप, २०७६ कार्यान्वयन नगरी यथास्थितिमा राख्न भनिएको छ।","The court has been asked to maintain the status quo without implementing the National Curriculum Framework for School Education, 2076, until a final order is finalized through deliberations.",D3E,18,long,Non-Past,Affirmative
COM_P2_D4C_S1_B1_3631,छामनाका ताबान ग्यागारह्युल निबा ह्युलकोर्पाला लागिरि ग्यागारह्युल सरकारसे छामनाका ठोङ्बा आलामा ह्युलकोर्पा निबा ताङ काबा मुला।,सीमानाका हुँदै भारत जाने पर्यटकका लागि भारत सरकारले सीमानाका खुला नगर्दा पर्यटक जाने क्रम रोकिएको छ।,Tourist arrivals have been halted as the Indian government has not opened the border for tourists traveling to India via the border.,D4C,16,long,Non-Past,Affirmative
COM_D5G_S1_S2_3227,ल्होलो लैङ्गिक ङोसेबा ताबालान ङ्यान्दि लोप्खाङग्याम थोन्तोबा स्हु मुला।,फरक लैङ्गिक पहिचान भएकै कारण स्कुलबाट निस्किनुपरेको पीडा छ।,There is pain in having to leave school because of a different gender identity.,D5G,9,medium,Non-Past,Affirmative
D4S_S2_1779,दान्दे क्योङ पालिका दुङालरि मुला।,अहिले पूरै पालिका शोकमा छ।,The entire municipality is now in mourning.,D4C,5,short,Non-Past,Affirmative
COM_D2H_S3_2534,गाउँपालिकाला ल्हुइथाङ शाखाग्याम मान खाबारि ख्लाबासे मानला आडुप ताबा ल्हुइथाङचौकीला ग्रेन्पो कमल बमसे ग्रानाङ पिन्जि।,गाउँपालिकाको स्वास्थ्य शाखाबाट औषधि आउन छाडेकाले औषधिको अभाव भएको स्वास्थ्यचौकीका प्रमुख कमल बमले जानकारी दिए।,"Kamal Bam, head of the health post, informed that there is a shortage of medicines as the medicines have stopped coming from the rural municipality's health branch.",D2H,15,medium,Past,Affirmative
P2_D1A_S0_B2_914,सरकारी तथ्याङ्कसे नोन उस्युप उत्पादन थुम फाप्पान निबा उन्बा मुबा।,सरकारी तथ्याङ्कले पनि उखु उत्पादन क्षेत्र घट्दै गएको देखाउँछ।,Government data also shows that the sugarcane production area is decreasing.,D1A,9,medium,Non-Past,Affirmative
COM_P2_D4C_S1_B3_2287,तिल्मा छठ दाङ्बा बार्बु बेनान स्थानीय उत्पादनग्यामन छ्योतेबा तामुबा।,हिजो छठ मनाउने सामग्री सबै स्थानीय उत्पादनबाटै पर्याप्त हुन्थ्यो।,"Yesterday, all the ingredients for celebrating Chhath were locally produced.",D4C,9,medium,Past,Affirmative
COM_P2_D3E_S1_2581,"ह्याङ्ला ङ्योलोक जारी ताला, तासाइ एसइई परीक्षा बिथोल आहिन, एसइई परीक्षा निर्वाधस्रुगरि स्याङ्बा ताला।","हाम्रो आन्दोलन जारी रहन्छ,तर एसइई परीक्षा बिथोल्दैनौँ,एसइई परीक्षा निर्वाधरूपमा सञ्चालन हुन्छ।","Our movement will continue, but we will not disrupt the SEE exam, the SEE exam will be conducted without any hindrance.",D3E,11,medium,Non-Past,Affirmative
COM_D2H_S3_4811,भेरी अस्पतालला ङाच्छालामेसु डा. श्यामसुन्दर यादवला आन्सार २०६४ दिङरिन भेरी अस्पतालदा शिक्षण अस्पताल स्होबारि बजेटला जोहो नोन ताजिन्बा मुबा।,भेरी अस्पतालका पूर्वमेसु डा. श्यामसुन्दर यादवका अनुसार २०६४ सालमै भेरी अस्पताललाई शिक्षण अस्पताल बनाउन बजेटको जोहो पनि भइसकेको थियो।,"According to Dr. Shyamsundar Yadav, former head of Bheri Hospital, budget allocations had already been made to make Bheri Hospital a teaching hospital in 2064 BS.",D2H,19,long,Past,Affirmative
D4S_S2_5067,गान्दिफिला झोलुङ्गे चाम टाङ्मा ङानिला दिमथेमेला गास नोन ब्याङ्जि।,नदीमाथिको झोलुङ्गे पुल चुँडिँदा हाम्रो परिवारको गास नै खोसियो।,"When the suspension bridge over the river collapsed, our family was devastated.",D4C,9,medium,Past,Affirmative
COM_P2_D5G_S1_4959,थे खेडोबग्याम यौनला थुमरि छार छार ताम था ताला।,ती अध्ययनबाट यौनका बारेमा नयाँ नयाँ कुरा पत्ता लाग्छ।,These studies reveal new things about sex.,D5G,9,medium,Non-Past,Affirmative
COM_P2_D3E_S2_4260,"चुसे नेपालला ग्युइसेरकि डिछ्याथोरि जेक्खे आहिन, ग्याल्सा स्याङ्पाजुगु थोरि नोन गम्भीर ङ्योइबा रेन्बा मुला।","यसले नेपालको शैक्षिक प्रणालीमाथि मात्र होइन, राज्य सञ्चालकहरू माथिसमेत गम्भीर प्रश्न उठेको छ।","This has raised serious questions not only about Nepal's educational system, but also about state administrators.",D3E,13,medium,Non-Past,Affirmative
COM_D3E_S3_4626,दक्ष जनशक्ति उत्पादन लासि ह्युल फेल्गेबारि ह्रोछ्या लातोबा बेनानबिमा खेःबा थेन थेबा त्रिभुवन विश्वविद्यालय लिच्छाला दुइ ताल्चाकात्पाला चपेटारि ताबा मुला।,दक्ष जनशक्ति उत्पादन गरी देश विकासमा सहयोग पुर्‍याउनुपर्ने सबैभन्दा पुरानो र जेठो त्रिभुवन विश्वविद्यालय पछिल्लो समय तालाबन्दीको चपेटामा परेको छ।,"Tribhuvan University, the oldest and most senior university in Nepal, which is supposed to contribute to the development of the country by producing skilled manpower, has recently been under lockdown.",D3E,20,long,Non-Past,Affirmative
COM_D5G_S3_1326,चाबाथुङ्बा थेन कोर्बाब्राबारि ख्याल लातोला।,खानपिन र हिँडडुलमा ख्याल राख्नुपर्छ।,"You should be careful about eating, drinking and walking.",D5G,5,short,Non-Past,Affirmative
COM_D3E_S3_146,नेपाल थेन फिह्युलरि फ्राकफ्राक तादारि खेडोब लाजि।,नेपाल र विदेशमा फरकफरक तहमा अध्ययन गरेँ।,I studied at different levels in Nepal and abroad.,D3E,7,short,Past,Affirmative
COM_P2_D3E_S1_176,दिङ ब्रे ताबालिच्छा थेदा दिमरि बासि लोप्डोबापिन्बारि तिःबा हिन्ना।,आठ वर्षको भएपछि उनलाई घरमा ल्याएर पढाउन थालिएको हो।,"When he was eight years old, he was brought home and started to be educated.",D3E,9,medium,Non-Past,Affirmative
COM_P2_D5G_S1_5593,"ह्राङ्ला लिः, ज्योबा, परिधान ओसेम संवादला ग्युङसे मुतेबान म्हिदा आकर्षित लामुला।","आफ्नो रूप, शृंगार, परिधान तथा संवादका माध्यमले आममान्छेलाई आकर्षित गर्छन्।","They attract the public through their appearance, makeup, clothing, and communication.",D5G,10,medium,Non-Past,Affirmative
COM_P2_D5G_S1_1986,बेनान ठीकठाक नोन मुबा।,सबथोक ठीकठाक नै त थियो।,Everything was fine.,D5G,5,short,Past,Affirmative
COM_D5G_S3_199,"तासाइ, गोरे कुडिटिबा मुबा।","तर, गोरे मौन थियो।","But, Gore man was silent.",D5G,4,short,Past,Affirmative
P2_D1A_S0_B1_3066,फिह्युलग्याम आयात ताबा न्हेजन्य स्हेला ठेङ्गान ठाल च्याङ्ना मुला।,विदेशबाट आयात हुने दूग्धजन्य वस्तुको भन्सार महसुल कम छ।,Customs duties on dairy products imported from abroad are low.,D1A,9,medium,Non-Past,Affirmative
COM_P2_D3E_S2_53,दान्दे मोकोन नुररि ज्याबा मुला।,अहिले सबै विषयमा राम्रै छ।,Everything is fine now.,D3E,5,short,Non-Past,Affirmative
COM_P2_D5G_S2_163,थेसे गोर्गिक ताम दोहोर्‍याब लासिचिबा ताला।,उसले एउटै कुरा दोहोर्‍याइरहेको हुन्छ।,He is repeating the same thing.,D5G,5,short,Non-Past,Affirmative
COM_P2_D2H_S3_3614,डेकेयर फर्मेसीग्याम विपन्न ग्याम थेन नगदरि मान ग्लुबारि खाम्सेला मुला।,डेकेयर फर्मेसीबाट विपन्नमार्फत् र नगदमा औषधि खरिद गर्न सकिने छ।,Medicines can be purchased from the Daycare Pharmacy through donations and in cash.,D2H,10,medium,Non-Past,Affirmative
D4S_S2_3012,रेङाच्छा याम्बु खाबा खेप्पा जोङ दोःबा ताङरि दुर्घटनारि ताबा गाउँपालिका चोहो पुनीराम घर्तीसे पाङ्जि।,दिनअघि काठमाडौँ आएकी बुढा जिल्ला फर्कने क्रममा दुर्घटनामा परेको गाउँपालिका अध्यक्ष पुनीराम घर्तीले बताए।,Village council chair Puniram Gharti said that the accident occurred while returning to Budha district after coming to Kathmandu the day before.,D4C,14,medium,Past,Affirmative
COM_P2_D4C_S1_B4_463,शुक्लाफाँटा ह्युल्साङ निकुञ्जरि च्यानला आङ्सि ह्रुप्पा गे चुःबाला मुला।,शुक्लाफाँटा राष्ट्रिय निकुञ्जमा बाघका तस्वीर सङ्कलन कार्य सुरु भएको छ।,The work of collecting pictures of tigers has begun in Shuklaphanta National Park.,D4C,10,medium,Non-Past,Affirmative
P3_D5G_S2_B1_1299,ङादा याक्कारगि थुङ्बारि सेम तामुला।,मलाई एक्लै पिउन मन पर्छ।,I like to drink alone.,D5G,5,short,Non-Past,Affirmative
COM_P2_D5G_S2_7048,"चुरि गे जिन्सि रघुवीर नगर निदोमुला, ङाइ सुङ ठोङ्बालिच्छा थेला लिःमकिन्बारि  ताजि।","यहाँ काम सकेर रघुवीर नगर जानु छ, मैले मुख खोलेपछि उनको अनुहार मलिन भयो।","After finishing work here, he is going to Raghubir Nagar. When I opened my mouth, his face turned pale.",D5G,14,medium,Past,Affirmative
COM_D3E_S5_5301,स्यान्दोव्हाना बिसाम ग्रोकदा स्यान च्याटबटबिमा चर्चित स्होबारि मस्कसे चुदा रोचक थेन आप्रतिबन्धित टुलला स्रुगरि फेल्गेबा लाबा म्हान्मुला।,अर्काथरी भने ग्रोकलाई अन्य च्याटबटभन्दा चर्चित बनाउन मस्कले यसलाई रोचक र अप्रतिबन्धित टुलका रूपमा विकास गरेको ठान्छन्।,Others believe that Musk developed Grok as an interesting and unrestricted tool to make it more popular than other chatbots.,D3E,17,long,Non-Past,Affirmative
COM_D3E_S3_1960,तिलाइनोन लेनरि ग्युइसेरला व्यापार लासि निजी थुमदा मुनाफा छाबारि पिन्बा आताबा थेला पाङ्बा मुबा।,कुनैपनि बहानामा शिक्षाको व्यापार गरी निजी क्षेत्रलाई मुनाफा कमाउन दिन नहुने उनको भनाइ थियो।,He said that the private sector should not be allowed to profit by commercializing education under any pretext.,D3E,14,medium,Past,Affirmative
COM_D3E_S1_S2_2082,नेपालला नाम्सा लुङरि ग्युइसेरला फेल्गेबाला लागि ल्होलो गेताङजुगु संचालन तासिकेन खाबा मुला ।,नेपालको ग्रामीण भेगमा शिक्षाको विकासका लागि विभिन्न कार्यक्रमहरू सञ्चालन हुँदै आएका छन्।,Various programs have been implemented for the development of education in rural areas of Nepal.,D3E,12,medium,Non-Past,Affirmative
COM_D2H_S1_S2_1120,यो दुइरि कोलाला फेल्गेबा ताचिबा तामुला।,यो समयमा बच्चाको विकास भइरहेको हुन्छ।,The baby is developing during this time.,D2H,6,short,Non-Past,Affirmative
COM_D2H_S3_3577,प्रत्यारोपणपश्चात् हाल चु आपा जामे उइरि नोन हाल थप ल्हुइथाङ लाभ लाबा मुला।,प्रत्यारोपणपश्चात् हाल यी बाबुछोरी केन्द्रमा नै हाल थप स्वास्थ्य लाभ गरिरहेका छन्।,"After the transplant, this father and daughter are currently recovering at the center.",D2H,12,medium,Non-Past,Affirmative
D1A_S0_B3_584,सानामयोग्य सा च्याङ्ना ताबा बिबा सानामजन्य स्हेला उत्पादन च्याङ्ना ताबान निबा हिन्ना।,कृषियोग्य जमिन घट्नु भनेको कृषिजन्य वस्तुको उत्पादन घट्दै जानु हो।,Declining arable land means declining agricultural production.,D1A,10,medium,Non-Past,Affirmative
COM_P2_D5G_S1_1726,गिर्जा दिमकादेरि मोलाम चलब तासिन चिबा मुबा।,गिर्जाघरहरूमा प्रार्थना चलिरहेकै थियो।,Prayers were still going on in the churches.,D5G,4,short,Past,Affirmative
P3_D1A_S0_B3_769,थेजुगुसे छोङनामकि खु सास्हिङ चुःबाला निस दिङ ताजि।,उनीहरूले व्यावसायिक तरकारी खेती सुरु गरेको सात वर्ष भयो।,It has been seven years since they started commercial vegetable farming.,D1A,9,medium,Past,Affirmative
D1A_S0_B1_3078,तेन्तोरि तिरि बुलुङग्याम सोनालाबारि सानाम्पा दान्दे राङनोन वाङ्बा मुला।,बालीमा सलह किराबाट जोगाउन कृषक अहिले आफैँ लागिपरेका छन्।,Farmers are now working on their own to protect their crops from locusts.,D1A,9,medium,Non-Past,Affirmative
COM_D3E_S4_4399,चुराङलासि तिछ्यामरिन म्हिला स्रुग पोबारि खाम्बा ताबासे नोन लिच्छाला दुइ छारिब्योनकादेरि स्न्यापच्याटला मोह ल्हेःबान निबा याङ्मुला।,यसरी एकैछिनमा मान्छेको स्वरूप परिवर्तन गराउन सक्ने हुनाले नै पछिल्लो समय युवाहरूमा स्न्यापच्याटको मोह बढ्दै गएको पाइन्छ।,Snapchat has been gaining popularity among young people recently because it can instantly change a person's appearance.,D3E,17,long,Non-Past,Affirmative
COM_D2H_S4_1849,ल्हाना चाजा गर्भवती म्रिङकोलासे दान्ना चाजा थान्बा चाबास्हे चाबारि उपयुक्त आतामुला।,धेरै नुन गर्भवती महिलाले धेरै नुन राखेको खानेकुरा खानु उपयुक्त हुँदैन।,It is not advisable for pregnant women to eat foods that contain a lot of salt.,D2H,11,medium,Non-Past,Negative
D1A_S0_B1_4818,"चुःमा केन्द्रसे ह्याङदा ल्होलो नाम लोप्चि, दान्दे ह्याङ नोन नर्सरीग्याम पोवा उत्पादन लासि चुङ्बान मुला। ","सुरुमा केन्द्रले हामीलाई विभिन्न सीप सिकायो, अहिले हामी आफैँले नर्सरीबाट विरुवा उत्पादन गरेर बिक्री गरिरहेका छौँ।","Initially, the center taught us various skills, now we are producing and selling plants ourselves from the nursery.",D1A,16,long,Non-Past,Affirmative
P3_D1A_S0_B1_414,थेनिदुगुला देखासिकी लासि नाम्साला ल्हानासे खु सुबा मुला।,उनीहरूको देखासिकी गरेर गाउँका धेरैले तरकारी लगाएका छन्।,Many villagers have followed their example and planted vegetables.,D1A,8,medium,Non-Past,Affirmative
COM_P2_D3E_S2_2691,तोङ्जा न्हि बिमा च्याङ्ना लोप्खेन मुबा कलेजसे दारेम युग सुहाइतिबा उच्च ग्युइसेर पिन्बारि असम्भव मुला।,दुई हजारभन्दा कम विद्यार्थी भएका क्याम्पसले अब युग सुहाउँदो उच्च शिक्षा प्रदान गर्न असम्भव छ।,It is now impossible for a campus with fewer than two thousand students to provide modern higher education.,D3E,15,medium,Non-Past,Affirmative
P3_D1A_S0_B1_1756,बागलुङरि ल्हाना उत्पादन ताबा ब्रुला स्रुगरि मुबा साङातेन्तोला लिच्छाला दुइ ल्हेछ्यालिच्छा महत्व ल्हेःबान निबा मुला।,बागलुङमा धेरै उत्पादन हुने अन्नको रूपमा रहेको कोदोबालीको पछिल्लो समय प्रवद्र्धनपछि महत्व बढ्दै गएको छ।,"Millet-crop, a widely grown grain in Baglung, has been gaining importance following its recent promotion.",D1A,15,medium,Non-Past,Affirmative
COM_P2_D2H_S1_5666,तिङ क्रोबा ओसेम क्युङ्बा गाउ खामाहेन्से अल्सरला काक्ता ङ्योइबारि खाम्ला।,छाती पोल्ने तथा अमिलो डकार आएर अल्सरको समस्या निम्तिन सक्छ।,Heartburn and sour belching can lead to ulcer problems.,D2H,10,medium,Non-Past,Affirmative
COM_D5G_S1_S2_3168,क्योङह्रावारि चिबाला लागिरि लाबा चु म्होइजेनकादेसे म्हिदा लोङ्चुर स्होबा मुला।,सुरक्षित बस्नका लागि गरिएका यी आग्रहहरूले मानिसलाई डरपोक बनाएका छन्।,These pleas to stay safe have made people fearful.,D5G,10,medium,Non-Past,Affirmative
COM_P2_D4C_S1_B3_1326,"फागु, होली, होरी जे बिसाइ नोन चु छोनकादेला उल्लासमय प्रिबा हिन्ना।","फागु, होली, होरी जे भने पनि यो रङ्गहरूको उल्लासमय पर्व हो।","Whether it's Fagu, Holi, or Hori, it's a joyful festival of colors.",D4C,11,medium,Non-Past,Affirmative
COM_P2_D2H_S1_3624,कैलालीला बुम गिक तोङ्जा ५५ ग्यार्जा ५ से १० म्हेसे क्योङ दाप रोप्पा मुला।,कैलालीका एक लाख ५५ हजार ५१० ले जनाले पूर्ण खोप लगाएका छन्।,One lakh and 55 thousand 510 people in Kailali have been fully vaccinated.,D2H,12,medium,Non-Past,Affirmative
COM_P2_D2H_S3_2387,नाम्सादिमबिमा महानगरकादेरि ब्लड प्रेसरला नोइकादे ल्हाना मुला।,गाउँघर भन्दा महानगरहरूमा ब्लड प्रेशरका रोगीहरू बढी छन्।,There are more blood pressure patients in metropolitan areas than in rural areas.,D2H,8,medium,Non-Past,Affirmative
COM_D5G_S5_777,चु राप ङाग्याम्से नोन पाङ्तोला बिसि काठाङ लाजि।,यो कथा ममार्फत नै भन्नुपर्छ भनेर निर्देशन गरे।,He instructed that this story should be told through me.,D5G,8,medium,Past,Affirmative
D4S_S2_6361,नेपाल टेलिकमला डडेल्धुराग्याम बझाङ थुइबा फाइबर लाइनन्हाङरि खोड्पेहेन्से चैनपुरगुङला फाइबर श्रीभावररि ब्रेक तामा साप्तो आङ्शिक स्रुगरि प्रभावित ताबा हिन्ना।,नेपाल टेलिकमको डडेल्धुराबाट बझाङ जोडिएको फाइबर लाइनअन्तर्गत खोड्पेदेखि चैनपुरबीचको फाइबर श्रीभावरमा ब्रेक हुँदा सेवा आङ्शिक रूपमा प्रभावित भएको हो।,"The service was partially affected when the fiber between Khodpe and Chainpur, under Nepal Telecom's fiber line connecting Dadeldhura to Bajhang, broke at Shribhavar.",D4C,19,long,Non-Past,Affirmative
COM_P2_D5G_S1_8261,छोङखाङ फिर्ग्यापला खुला ग्लारि राप्सि थे ग्रेनग्रेन काइसे क्रिङ्बारि तिःजि।,पसलबाहिरको खुला ठाउँमा उभिएर ऊ ठुलो ठुलो स्वरले चिच्याउन थाल्यो।,"Standing in the open space outside the shop, he began to shout loudly.",D5G,10,medium,Past,Affirmative
COM_D5G_S3_775,विचार आलादे चुराङ्बान पाङ्बरि आखाम्बामुबा।,विचार नगरी यसै भन्न सकिन्नथ्यो।,It was impossible to say this without thinking.,D5G,5,short,Past,Negative
COM_D2H_S1_S2_1749,गाजर चामा ल्हुइला मेटाबोलिज्मरि सुधार खाला।,गाजर खाँदा शरीरको मेटाबोलिज्ममा सुधार आउँछ।,Eating carrots improves the body's metabolism.,D2H,6,short,Non-Past,Affirmative
COM_P2_D2H_S2_5550,सिम्बा थेन चाबाथुङ्बा आडिक्मा कोल्ड डायरियाला काक्ता ताबारि खाम्ला।,चिसो र खानपान नमिल्दा कोल्ड डायरियाको समस्या भएको हुन सक्छ।,Cold diarrhea may be caused by a combination of cold weather and diet.,D2H,10,medium,Non-Past,Affirmative
COM_D5G_S5_1645,चेमारि नोन पेम्बासे आत्महत्या लाबा दृश्य हुबहु उतारब लाबा मुबा।,नाटकमा पनि पेम्बाले आत्महत्या गरेको दृश्य हुबहु उतारेका थिए।,The scene where Pemba committed suicide was reproduced exactly in the play.,D5G,9,medium,Past,Affirmative
COM_D4C_S1_S2_2948,फ्रान्सग्याम खाबा ह्युलकोर्पा गिकसे ऐनापहरा ल्हानान आकर्षक स्होबा पाङ्जि।,फ्रान्सबाट आएकी एक पर्यटकले ऐनापहरा निकै आकर्षक बनेको बताए।,A tourist from France said that the mirror wall was very attractive.,D4C,9,medium,Past,Affirmative
D4S_S1_34,आपाआमाला ब्रेलफेबालिच्छा ल्हानान काक्ताकादे भोगाब लातोबा पाङ्जि।,बुवाआमाको सम्बन्ध–विच्छेदपछि धेरै समस्याहरू भोग्नुपरेको बताइन्।,She said that she faced many problems after her parents divorced.,D4C,6,short,Past,Affirmative
COM_D2H_S3_434,कडा तरिकासे ब्रस लामा गेल्बा ताबारि निमुला,कडा तरिकाले ब्रस गर्दा ताँत कमजोर हुन जान्छ।,Brushing too hard weakens the bristles.,D2H,8,medium,Non-Past,Affirmative
COM_P2_D2H_S3_3574,नारे ७ दिङला बिजादा कोरोना भाइरास पुष्टि ताबा मुला।,बिहिवार ७ वर्षीय बालकलाई कोरोना भाईरस पुष्टि भएको छ।,A 7-year-old boy was confirmed to have coronavirus on Thursday.,D2H,9,medium,Non-Past,Affirmative
COM_D2H_S1_S2_2323,"दात्तेदोःना पाङ्दि, नाफ्राङ राङ्बाग्याम कोरोना भाइरस कोःबा म्राङ्बा आरे।","अहिलेसम्म लामखुट्टे, झिँगा आदिबाट कोरोना भाइरस सरेको देखिएको छैन।","So far, the coronavirus has not been seen to be transmitted by mosquitoes, flies, etc.",D2H,9,medium,Non-Past,Negative
D4S_S1_1734,सरस्वतीला प्रतीक तेन्बा चुनिजुगुरि पूजा लाबा लामुला।,सरस्वतीकाे प्रतीक ठानिने यिनीहरूमा पूजा गर्ने गरिन्छ।,They are considered symbols of Saraswati and are worshipped.,D4C,7,short,Non-Past,Affirmative
D1A_S0_B2_3644,ग्याल्साग्याम सानामरि निबा जेःफिरि ङानि दोःसि मूल्याङ्कन लाबान मुला।,राज्यबाट कृषिमा जाने अनुदानबारे हामी पुनःमूल्याङ्कन गर्दैछौँ।,We are reevaluating state subsidies to agriculture.,D1A,7,short,Non-Past,Affirmative
P4_D1A_S1_B1_1196,बु डेङाजुगु ग्वसे प्लिङ्बा तामुबा।,खेत गराहरू गहुँमय हुन्थे।,The fields were full of wheat.,D1A,4,short,Past,Affirmative
COM_D5G_S3_974,ङा चा खाइमा खाइमा आजीव म्हाङ म्राङ्मुला।,म चाहिँ कहिलेकाहीँ अजीव सपना देख्छु।,I sometimes have vivid dreams.,D5G,6,short,Non-Past,Affirmative
D1A_S0_B1_4600,ह्युलनाङला ग्यार्जा ७ से ५३ स्थानीय तादागुङ ग्यार्जा १ से ३३ पालिकारि रैथाने तेन्तो ल्हेछ्या ओसेम ख्युर्छ्या गेताङ स्याङ्बा लाबाला तेन्तो फेल्गेबा ओसेम जैविक विविधता ख्युर्छ्या केन्द्रसे उन्पाङ्बा मुला।,मुलुकभरका ७ सय ५३ स्थानीय तहमध्ये १ सय ३३ पालिकामा रैथाने बाली प्रवर्द्धन तथा संरक्षण कार्यक्रम सञ्चालन गरिएको बाली विकास तथा जैविक विविधता संरक्षण केन्द्रले जनाएको छ।,The Center for Crop Development and Biodiversity Conservation has stated that indigenous crop promotion and conservation programs have been implemented in 133 municipalities out of 753 local levels across the country.,D1A,27,very long,Non-Past,Affirmative
COM_D5G_S5_1914,निर्वाचनदा दूषित लाबा प्रचारला लोङ्बा आयोगदा मुला।,निर्वाचनलाई दूषित पार्ने प्रचारको डर आयोगलाई छ।,The commission fears propaganda that could taint the election.,D5G,7,short,Non-Past,Affirmative
COM_D5G_S3_825,तासाइ याम्बु पुइबा सोचरि थेला आपा आरेबा।,तर काठमाडौँ पठाउने सोचमा उनका पिताजी थिएनन्।,But his father was not thinking of sending him to Kathmandu.,D5G,7,short,Past,Negative
COM_D2H_S1_S2_1479,ह्याङसे ब्रेल्साङ लाबा वा ब्रेल्साङ आलाबा बिसि ङ्योइबा ताम आतामुला।,हामीले विवाहित वा अविवाहित भनेर सोध्ने कुरा हुँदैन।,We don't ask whether you are married or single.,D2H,8,medium,Non-Past,Negative
D1A_S0_B3_2089,छोक्पा गठन ताबा चुःबाला दिङरि किलो ब्लि लाङाइला ब्लु थेन ६५ किलो ४० रेला लाबुला ब्लु उत्पादन ताबा सानाम्पा भुसालसे ग्रानाङ पिन्जि।,समूह गठन भएको सुरुको वर्ष चार किलो काँक्राको बिउ र ६५ किलो ४० दिने मूलाको बीउ उत्पादन भएको कृषक भुसालले जानकारी दिए।,"Farmer Bhusal informed that in the first year after the group was formed, four kilograms of cucumber seeds and 65 kilograms of 40-day radish seeds were produced.",D1A,22,very long,Past,Affirmative
COM_P2_D2H_S1_6100,थेसे च्यालाङ्पा रेमकोलालाला सम्पर्करि मुबाकादेला कन्ट्याक्ट ट्रेसिङ ताचिबा एन ग्रानाङ पिन्जि।,उनले सङ्क्रमित पुरुषको सम्पर्कमा रहेकाहरूको कन्ट्याक्ट ट्रेसिङ भइरहेको पनि जानकारी दिइन्।,She also informed that contact tracing is underway for those who have been in contact with the infected man.,D2H,11,medium,Past,Affirmative
D4S_S3_4287,थेनोन च्यालाङ्पा दम्पतीगुङरि ह्रेम्बाला क्योन्बालान ताङरि सुङरे डोङ्बा मुला।,उनै सङ्क्रमित दम्पतीमध्ये श्रीमानको उपचारकै क्रममा शुक्रबार निधन भएको छ।,The husband of the infected couple died on Friday while undergoing treatment.,D4C,10,medium,Non-Past,Affirmative
COM_D4C_S1_S2_6919,"ल्हामला म्हेन्दो ११ ला छोक्पासे चुला स्थानीयता, भौगोलिक नाछाल, प्रकृति थेन पर्यावरणङ्यान्से ल्हाना ताम मनबहादुर ज्योज्योसे ङानिदा गाइड लास्युजि।","यात्राका ११ जनाको समूहले यहाँको स्थानीयता, भौगोलिक अवस्था, प्रकृति र पर्यावरणदेखि धेरै कुरा मनबहादुर दाइले हामीलाई गाइड गर्नुभयो।","Man Bahadur Dai, a group of 11 people on the trip, guided us through many things, from the locality, geographical conditions, nature, and environment.",D4C,18,long,Past,Affirmative
COM_D4C_S1_S2_1139,लिच्छाला दुइ फिह्युलरि नोन विचित्र उःला प्रचारप्रसार ताबा तिःबालिच्छा स्यानह्युल्बा ह्युलकोर्पा सुत्ताइ खाबारि तिःबा मुला।,पछिल्लो समय विदेशमा पनि विचित्र गुफाको प्रचारप्रसार हुन थालेपछि विदेशी पर्यटकसमेत आउन थालेका छन्।,"Recently, as the strange cave has been promoted abroad, foreign tourists have also started coming.",D4C,14,medium,Non-Past,Affirmative
COM_D5G_S3_3550,नेपाल प्रज्ञा प्रतिष्ठानला उपकुलपति जगमान गुरुङसे आम्बर प्रतिष्ठानरि बेन्बा दाबी लाजि।,नेपाल प्रज्ञा प्रतिष्ठानका उपकुलपति जगमान गुरुङले अम्बर प्रतिष्ठानमा अल्झिएको दाबी गरे।,"Jagman Gurung, Vice Chancellor of Nepal Academy, claimed that Amber was involved in the institution.",D5G,11,medium,Past,Affirmative
COM_P2_D3E_S1_3314,"चु ङाच्छा जोङरि ग्युइसेर एकाइ दोःसिनस्हेङ्बा लाबा, लोप्बोनजुगुदा थेनोन मातहत थान्बा मुबा।","यसअघि जिल्लामा शिक्षा एकाइ पुनःस्थापना गर्नु, शिक्षकहरूलाई सोही मातहत राखिएको थियो।","Previously, the education unit in the district was reestablished and teachers were placed under it.",D3E,11,medium,Past,Affirmative
P3_D1A_S0_B2_2927,च्याङ्ना लगानी थने मिहिनेत नोन च्याङ्ना ताबासे स्यान्दो सास्हिङ बिमा सुपारी सास्हिङ लाबारि सजिलो ताबा थेला अनुभव मुला।,कम लगानी र मिहिनेत पनि थोरै लाग्ने भएकाले अन्य खेती भन्दा सुपारी खेती गर्न सजिलो हुने उनको अनुभव छ।,He has experience that betel nut cultivation is easier than other crops because it requires less investment and effort.,D1A,19,long,Non-Past,Affirmative
P3_D1A_S0_B1_240,थेदा कागतीसे चुदेनदुइ ज्याबा प्रतिफल पिन्बारि तिःबा मुला।,उनलाई कागतीले यतिबेला राम्रो प्रतिफल दिन थालेको छ।,The lemon is starting to yield good results for him now.,D1A,8,medium,Non-Past,Affirmative
D4S_S1_4701,थेराङ्बा ल्हाना विराटनगरबासी भुस्याहा नाकिला लोङ्बासे दिमग्याम फिर्ग्याप आथोन्मुला।,उनीजस्ता धेरै विराटनगरवासी भुस्याहा कुकुरको डरले घरदेखि बाहिर निस्कदैनन्।,Many Biratnagar residents like him do not leave their homes for fear of stray dogs.,D4C,9,medium,Non-Past,Negative
COM_D5G_S4_4059,फिच्चा चाल्तिबा ङ्योलोकरि अरब मुलला ह्युलम्हिदा दमन लाबा मुबा।,उक्त चलेको आन्दोलनमा अरब मुलका नागरिकलाई दमन गरिएको थियो।,Citizens of Arab origin were oppressed during the ongoing movement.,D5G,9,medium,Past,Affirmative
COM_P2_D5G_S1_1570,"थे जाजानहेन्से सहनशील, मेहनती थेन बुद्धिमानी मुला।","उनी सानैदेखि सहनशील, मेहनती र बुद्धिमानी छिन्।","She has been tolerant, hardworking, and intelligent since childhood.",D5G,7,short,Non-Past,Affirmative
COM_D2H_S1_S2_2771,डेङ्गुला च्यालाङ जति फेल्बान निजि ओत्तेन काङाल तामुला।,"डेङ्गुको सङ्क्रमण जति फैलिँदै गयो, त्यति नै कठिन हुन्छ।","The more the dengue infection spreads, the more difficult it becomes.",D2H,9,medium,Non-Past,Affirmative
COM_D5G_S1_S2_224,स्युमि ल्हानाराङ कुटिसि चिसि पिन्मुबा।,सासू प्रायः मौन बसिदिन्थिन्।,The mother-in-law was mostly silent.,D5G,4,short,Non-Past,Affirmative
COM_D5G_S1_S2_3415,क्योन्बा ताङरि स्याप्पा स्योकादेग्याम ल्हुइथाङ डिछ्यारि मुबा खोट उन्बाला मुला।,उपचारका क्रममा भेटिएका पात्रहरूबाट स्वास्थ्य प्रणालीमा रहेको खोट औँल्याइएको छ।,The flaws in the health system have been pointed out through the characters found during treatment.,D5G,10,medium,Non-Past,Affirmative
COM_D2H_S1_S2_4476,ह्युल्साङ स्तररि नोन क्रोबाला क्योन्बादा निःशुल्क लाबारि पैरवी लाबाला।,राष्ट्रिय स्तरमा नै जलनको उपचारलाई निःशुल्क गर्न पैरवी गरेको।,Advocating for free treatment of burns at the national level.,D2H,9,medium,Past,Affirmative
COM_P2_D5G_S2_5618,चुराङलासि पाङ्मा वा ब्रिमा ङामरि चिबा व्यक्ति वा डोखेनसे ल्हानान तोसोला छार ग्रा याङ्चिबा तामुला ।,यसरी बोल्दा वा लेख्दा छेऊमा बसेको व्यक्ति वा पाठकले धेरैखालको नयाँ सूचना पाइरहेको हुन्छ।,"When speaking or writing in this way, the person sitting next to you or the reader is receiving a lot of new information.",D5G,14,medium,Non-Past,Affirmative
COM_P2_D4C_S1_B2_4022,ह्युलकोर फेल्गेबाला लागिरि खेडोब थेन अनुसन्धान तातोला।,पर्यटन विकासका लागि अध्ययन र अनुसन्धान हुनुपर्छ।,Studies and research are necessary for tourism development.,D4C,7,short,Non-Past,Affirmative
COM_P2_D3E_S2_5128,सूर्यविनायक ५ सृजननगररि मुबा पाथीभरा एकेडेमी आवासीय लोप्खाङरि अभिभावक दिङ्साङ ओसेम दीक्षान्त काप्तोन थुम्बा मुला।,सूर्यविनायक ५ सृजनानगरस्थित पाथीभरा एकेडेमी आवासीय विद्यालयमा अभिभावक दिवस एवं दिक्षान्त समारोह सम्पन्न भएको छ।,"The Parents' Day and Convocation ceremony has been completed at Pathibhara Academy Residential School in Suryabinayak 5, Srijananagar.",D3E,15,medium,Non-Past,Affirmative
COM_D5G_S5_1340,चु ङाला गिक्छा काठाङ हिन्ना।,यो मेरो पहिलो निर्देशन हो।,This is my first instructable.,D5G,5,short,Non-Past,Affirmative
COM_P3_D3E_S2_11695,खाराङ्बा ग्लारि लोप्डोचिबा मुला ?,कस्तो ठाउँमा पढिरहेका छन्?,Where are you studying?,D3E,4,short,Non-Past,Affirmative
P3_D5G_S2_B1_908,दिनिरि गे लासि म्हुना डोमुला।,दिउँसो काम गरेर राती पढ्छु।,I work during the day and study at night.,D5G,5,short,Non-Past,Affirmative
COM_P3_D3E_S1_1119,कादे क्योङ आङ्ज्याला परीक्षा किन्बाहेन्से पास नम्बर कादे थान्बादोःना विश्वविद्यालयलान गेकारीसे आप्ता लाबान खाबा मुला।,कति पूर्णाङ्कको परीक्षा लिनेदेखि पास नम्बर कति राख्नेसम्म विश्वविद्यालयकै कार्यकारीले निर्णय गर्दै आएका छन्।,"The university's executives have been making decisions, from how many full-score exams to take to what pass number to keep.",D3E,14,medium,Non-Past,Affirmative
COM_P3_D3E_S1_11793,कैलालीला जानकी थेन जोशीपुर गाउँपालिकाला लोप्खाङ बिसाम स्ह्योःरि स्याङ्बारि मुला।,कैलालीको जानकी र जोशीपुर गाउँपालिकाका विद्यालय भने बिहान सञ्चालनमा छन्।,Schools in Janaki and Joshipur rural municipalities of Kailali are operating in the morning.,D3E,10,medium,Non-Past,Affirmative
COM_D2H_S3_1001,गिकनोन पोजिसनरि ङानि बोन गोल्छेसे डिजेनेरेसन ताला।,एउटै पोजिसनमा हामी बोन बिस्तारै डिजेनेरेसन हुन्छ।,"When we stay in the same position, our bones slowly degenerate.",D2H,7,short,Non-Past,Affirmative
D4S_S1_93,स्थानीयला आन्सार निबाम्हुना भालुसे केन्जोमतेन्तोरि क्षति दोःनालाबा मुबा।,स्थानीयका अनुसार गएराति भालुले मकैबालीमा क्षति पुर्‍याएको थियो।,"According to locals, bears damaged corn crops last night.",D4C,8,medium,Past,Affirmative
P4_D1A_S1_B1_2490,"सम्भव ताबादोःना गोरगिक दिमथेमेदा गोरगिक खसी, बोके ओसेम च्याङ्ग्रा चुङ्बा लाबा थेला पाङ्बा मुला।","सम्भव भएसम्म एक परिवारलाई एक खसी, बोका तथा च्याङ्ग्रा बिक्री गरिने उनको भनाइ छ।","He says that, if possible, one goat, one sheep, and one lamb will be sold to each family.",D1A,14,medium,Non-Past,Affirmative
COM_D3E_S1_S2_5179,लिच्छाला दुइ लोप्खाङ तादारि नोन सीटीईभीटीला ह्राङ्बा प्राविधिक नुर खेडोब ताबारि चुमाहेन्से ङि निकाय गुङरि शीतयुद्ध चलप ताचिबा मुला ।,पछिल्लो समय विद्यालय तहमा पनि सीटीईभीटीको जस्तो प्राविधिक विषय अध्यापन हुन थालेपछि दुई निकायबीच शीतयुद्ध चलिरहेको छ।,"Recently, a cold war has been going on between the two bodies after technical subjects like CTEVT started being taught at the school level.",D3E,17,long,Non-Past,Affirmative
COM_D3E_S4_3589,स्थायी दरबन्दीरि योग्य लोप्बोन आरेमा डोबाला गुणस्तररि बिबा राङ्बा थिग्युन बाबारि आखाम्बा लोप्खाङसे उन्पाङ्बा मुला।,स्थायी दरबन्दीमा योग्य शिक्षक नहुँदा पढाइको गुणस्तरमा भनेजस्तो सुधार ल्याउन नसकिएको विद्यालयले जनाएको छ।,The school has stated that the quality of education has not improved as promised due to the lack of qualified teachers in permanent positions.,D3E,14,medium,Non-Past,Affirmative
COM_P2_D2H_S2_1449,अस्पतालसे ङाला याहिक लापुङ्जि पाङ्स्ह्युजि।,अस्पतालले मेरो हस्ताक्षर गरायो भन्नुभयो।,The hospital said it had my signature.,D2H,5,short,Past,Affirmative
COM_D3E_S1_S2_2714,प्रतिवेदनसे प्राविधिक ग्युइसेरला फेल्गेबा थेन फ्रेल्बा प्रभावकारी स्होबारि काइब्लोनला चोहोदानरि सङ्घीयजोम्ना चितोबा सुझाव पिन्बा मुला।,प्रतिवेदनले प्राविधिक शिक्षाको विकास र विस्तार प्रभावकारी बनाउन प्रधानमन्त्रीको अध्यक्षतामा सङ्घीयसभा रहनुपर्ने सुझाव दिएको छ।,The report has suggested that a Federal Assembly should be chaired by the Prime Minister to make the development and expansion of technical education effective.,D3E,15,medium,Non-Past,Affirmative
COM_D3E_S1_S2_4187,ग्युइसेर थुमरि दाते १० कार्ग्या लगानी मुबा थेन चुदा ल्हेना लातोबा थेसे पाङ्जि।,शिक्षा क्षेत्रमा अहिले १० प्रतिशत लगानी रहेको र यसलाई बढाउनुपर्ने उनले बताइन्।,She said that there is currently 10 percent investment in the education sector and this should be increased.,D3E,12,medium,Past,Affirmative
COM_P2_D5G_S2_110,तासाइ नोन व्यक्त लाबा बाङ लाबान मुला।,तर पनि व्यक्त गर्ने प्रयास गर्दै छु।,But I'm still trying to express it.,D5G,7,short,Non-Past,Affirmative
COM_D2H_S1_S2_6127,खोपला आडुपरि १२ हेन्से १७ दिङ दिङछोक्पाला बिजाबिमोदा रोप्पारि चुःबा फाइजरला खोप अभियान नेपालरि काबा मुला।,सिरिन्जको अभावमा १२ देखि १७ वर्ष उमेर समूहका बालबालिकालाई लगाउन सुरु गरिएको फाइजरको खोप अभियान नेपालमा स्थगित भएको छ।,"Pfizer's vaccination campaign, which was launched to administer the vaccine to children aged 12 to 17, has been suspended in Nepal due to a shortage of syringes.",D2H,19,long,Non-Past,Affirmative
COM_P2_D2H_S1_9262,ब्लोनखाङला प्रवक्ता डा. कृष्णप्रसाद पौडेलसे च्यालाङला पहिलो लहर जिन्बारि वाङ्मा नोन बिजाबिमोरि थेराङ्बा च्यालाङ म्राङबा चुःबा पुष्टि लाबा।,मन्त्रालयका प्रवक्ता डा. कृष्णप्रसाद पौडेलले सङ्क्रमणको पहिलो लहर सकिने लाग्दा नै बालबालिकामा त्यस्तो सङ्क्रमण देखिन थालेको पुष्टि गरे।,Ministry spokesperson Dr. Krishna Prasad Poudel confirmed that such infections began to appear in children just as the first wave of infections was ending.,D2H,18,long,Past,Affirmative
COM_P2_D3E_S3_4871,थेबाहेक फिच्चा एप्ससे तोङ्जा ४ डलर पुरस्कार याङ्बा मुबा।,त्यसबापत उक्त एप्सले ४ हजार डलर पुरस्कार पाएको थियो।,"For that, the app received a $4 thousand prize.",D3E,9,medium,Past,Affirmative
COM_P2_D2H_S2_5953,एमआरआई परीक्षणग्याम देब्रे काङला शल्यक्रिया लादोबा म्राङ्बा लिच्छा पौडेल क्योन्बाला लागि चितवनग्याम नर्भिकरि खाबा मुबा।,एमआरआई परीक्षणबाट देब्रे घुँडाको शल्यक्रिया गर्नुपर्ने देखिएपछि पौडेल उपचारका लागि चितवनबाट नर्भिकमा आएकी थिइन्।,Poudel came to Norvic from Chitwan for treatment after an MRI scan showed that she needed surgery on her left knee.,D2H,14,medium,Past,Affirmative
COM_P2_D3E_S3_2317,आधिकारिक ग्रा ह्युल्साङ रेदाङ्से ओसेम कम्पनीला वेबसाइटरि जेक्खे तेःसेला नेपाल टेलिकमसे पाङ्बा मुला।,आधिकारीक सूचना राष्ट्रिय दैनिक तथा कम्पनीको वेबसाइटमा मात्र प्रकाशित हुने नेपाल टेलिकमले बताएको छ।,Nepal Telecom has stated that official notices will be published only in national newspapers and on the company's website.,D3E,14,medium,Non-Past,Affirmative
COM_P2_D2H_S1_4550,मानला गुणस्हेकादे थेन चुनौतीछ्यामला नुरला नोन स्थलगत खेडोब लासेला थेला पाङ्बा मुला।,औषधिको गुणस्समस्या र चुनौतीलगायत विषयको पनि स्थलगत अध्ययन गरिने उनको भनाइ छ।,He said that on-site studies will also be conducted on issues such as the quality of medicines and challenges.,D2H,12,medium,Non-Past,Affirmative
COM_P3_D3E_S1_11608,ङादा गोरगिक क्वान थेन गोरगिक चप्पल क्वान्सि ल्हानान छ्योइ डोबारि ल्हानान आनन्द तामुला।,मलाई एकसरो लुगा र एकजोर चप्पल लगाएर धेरै पुस्तक पढ्नमा निकै आनन्द लाग्छ।,I really enjoy reading a lot of books while wearing the same clothes and one pair of slippers.,D3E,13,medium,Non-Past,Affirmative
COM_P2_D2H_S1_9153,ग्यागार ह्युलला अहमदाबादरि मुबा उक्त अस्पतालसे चुला ल्होलो अस्पतालतेन सहकार्य लाबा थेन सेवा सुरु लाबारि लाग्दिबा ग्रानाङ पिन्बा मुला,भारतको अहमदाबादमा रहेको उक्त अस्पतालले यहाँका विभिन्न अस्पतालसँग सहकार्य गरेर सेवा सुरु गर्न लागेको जानकारी दिएको छ।,"The hospital, located in Ahmedabad, India, has announced that it will start services in collaboration with various hospitals here.",D2H,17,long,Non-Past,Affirmative
COM_P2_D2H_S5_1375,मिःरि योःनायोःना स्हेर आखाबा तातोला।,आखाँमा तीव्र प्रकाश नआउने हुनुपर्छ।,There should be no bright light in the eyes.,D2H,5,short,Non-Past,Affirmative
COM_P2_D3E_S3_4550,बुल्गेरियाला सानाम्पासे ल्हानाबिमा ल्हाना दही चाबा लाबासे थेनिकादेला दिङ नोन ल्हाना ताबा एलीसे निष्कर्ष तेःजि।,बुल्गेरियाका किसानले अत्यधिक धेरै दही खाने गरेकाले उनीहरूको उमेर पनि बढी भएको एलीले निष्कर्ष निकाले।,Eli concluded that Bulgarian farmers lived longer because they ate a lot of yogurt.,D3E,15,medium,Past,Affirmative
D4S_S3_1737,चिति ग्योइकाइ समाजला ङाच्छाला चोहो रुद्रनिधि तिवारीसे पाङ्जि।,चिति साहित्य समाजका निवर्तमान अध्यक्ष रुद्रनिधि तिवारीले बताए।,"Rudranidhi Tiwari, outgoing president of Chiti Literary Society, said.",D4C,8,medium,Past,Affirmative
COM_P2_D5G_S1_2579,थेसे दिननाङ चङ्गा फ्याङ्ना लाबारि म्याङ्मुबा।,उसले दिनभरि चङ्गा उडाउन पाइरह्यो।,He was able to fly the kite all day long.,D5G,5,short,Past,Affirmative
D1A_S0_B2_810,गेदिमला तेन्तो फेल्गेबा अधिकृत माधव पौडेलला आन्सार चु विसं २०७२ रि ताङकृत जात हिन्ना।,कार्यालयका बाली विकास अधिकृत माधव पौडेलका अनुसार यो विसं २०७२ मा सूचीकृत जात हो।,"According to Madhav Poudel, Crop Development Officer of the office, this is a listed variety in 2072 BS.",D1A,14,medium,Non-Past,Affirmative
COM_D3E_S3_1975,सरकार थेन ग्युइसेर ब्लोनखाङसे बिसाम ह्राङसे रेन्बा नुरछाप चासो आपिन्बा थेसे ब्रेस्सो लाजि।,सरकार र शिक्षा मन्त्रालयले भने आफूले उठाएका विषयप्रति चासो नदिएको उनले गुनासो गरे।,He complained that the government and the Ministry of Education did not show interest in the issues he raised.,D3E,13,medium,Past,Affirmative
COM_D2H_S1_S2_2433,हिन्बा मि गिकजेक्खे यौन सम्पर्क एन गर्भधारण ताबारि खाम्ला तासाइ ल्हानाराङ्बा चुराङ्बा आतामुला।,हुन त एकमात्र यौन सम्पर्कमा पनि गर्भधारण हुनसक्छ तर प्राय:जसो यस्तो हुँदैन।,"Although pregnancy can occur from just one sexual encounter, it is not common.",D2H,12,medium,Non-Past,Negative
D1A_S0_B2_1615,ह्रिग्याम हुलला हुलम्हाङ डिहिरि वाङ्सि सुन्तला सखाप लाबा तिःबालिच्छा स्थानीय लोतुरि ताबा हिन्ना।,जङ्गलबाट हुलका हुल बाँदर बगैँचामा पसेर सुन्तला सखाप पार्न थालेपछि स्थानीय चिन्तित बनेका हुन्।,Locals have become concerned after hordes of monkeys from the forest entered the orchard and started destroying oranges.,D1A,14,medium,Non-Past,Affirmative
D1A_S0_B2_1166,तासाइ चु स्हे ह्राङह्युलकि उत्पादनसे आछ्योबासे फिर्ग्यापग्याम बातोबा दुङाल नाछाल मुबा कार्कीसे पाङ्मुला।,तर यी वस्तु स्वदेशी उत्पादनले नपुगेर बाहिरबाट ल्याउनुपर्ने दुःखद अवस्था रहेको कार्की बताउँछन्।,But Karki says that it is a sad situation that these items are not available domestically and have to be imported from abroad.,D1A,13,medium,Non-Past,Affirmative
D4S_S2_2852,ब्लि रेहेन्सेला ल्हाना नामला ङ्यान्दि कञ्चनपुर लानिरे जलमग्न ताबा आरे।,चार दिनदेखिको भारी वर्षाका कारण कञ्चनपुर सोमबार जलमग्न भएको छैन।,Kanchanpur was not submerged on Monday due to heavy rains for four days.,D4C,10,medium,Non-Past,Negative
COM_P2_D5G_S3_222,थेग्याम बिसाम सजिलोन च्याबारि खाम्ला।,त्यहाँबाट भने सजिलै हेर्न सकिन्छ।,It can be easily seen from there.,D5G,5,short,Non-Past,Affirmative
COM_D4C_S1_S2_7100,ग्यानाकह्युल थेन ग्यागारह्युल ह्युल निग्याम ह्युलकोर्पा बाबारि २०२० रि प्रदेश सरकारसे छिमेकी ह्युलकोर भ्रमण बर्ष नोन घोषणा लाबा पाङ्बान मुख्य ब्लोन गुरुङसे खाबा दिङरि लगानी जोमनाछेननोन लासि लगानी चासेला ग्रानाङ्जि।,चिन र भारत दुई देशबाट पर्यटक भित्राउन २०२० मा प्रदेश सरकारले छिमेकी पर्यटन भ्रमण बर्ष समेत घोषणा गरेको बताउदै मुख्य मन्त्री गुरुङले आगामी बर्षमा लगानी सम्मेलन समेत गरेर अबौं लगानी भित्राउने जनाए।,"Stating that the provincial government has also declared a Neighborhood Tourism and Visit Year in 2020 to attract tourists from China and India, Chief Minister Gurung said that they will also hold an investment summit next year and attract more investment.",D4C,32,very long,Past,Affirmative
COM_P2_D3E_S2_223,दात्ते निजी लोप्खाङसे जथाभाबी चर्को शुल्क किन्चिबा मुला।,अहिले निजी विद्यालयले जथाभाबी चर्को शुल्क अशुलिरहेका छन्।,"Currently, private schools are charging exorbitant fees.",D3E,8,medium,Non-Past,Affirmative
P2_D1A_S0_B1_337,मेख्लि रूप्सि गोठे चाङ्मा लामा दोःना ५ तासिजिन्बा मुला।,गोबर सोहोरेर गोठ सफा गर्दासम्म ५ बजिसकेको हुन्छ।,"By the time the cowshed is cleaned and the dung is removed, it is already 5 o'clock.",D1A,8,medium,Non-Past,Affirmative
P3_D1A_S0_B3_860,ड्रागन फ्रुटला बजाररि ह्रिबाफाप्पा मुमा  ह्रिबा आन्सार ड्रागन फुडसुत्ताइ बजाररि आरेबा थेसे पाङ्जि।,ड्रागन फ्रुटको बजारमा माग थेरै रहेको हुँदा मागअनुसार ड्रागन फुडसमेत बजारमा नरहेको उनले बताए।,"He said that since the demand for dragon fruit is low in the market, even dragon food is not available in the market as per the demand.",D1A,14,medium,Past,Affirmative
COM_P2_D3E_S2_6629,नेपालसे दातेदोःना लोप्खेन प्रवेशाज्ञाला डिछ्या आलाबासे चुफिरि ठिमतेनगत स्पष्टताला ह्रिबा ताबान खाबा मुबा ।,नेपालले हालसम्म विद्यार्थी प्रवेशाज्ञाको व्यवस्था नगरेकाले यसबारे नीतिगत स्पष्टताको माग हुँदै आएको थियो।,"Since Nepal has not yet provided for student visas, there have been demands for policy clarity on this issue.",D3E,13,medium,Past,Affirmative
COM_D4C_S1_S2_3933,"ग्युबा, गोत्र थेन जातिला परम्परागत धारणादा पत्याइदिबा या विश्वास लाबा धर्मकि धारणाला ठुङ्बाला निम्ति महत्त्वपूर्ण ङ्यान्दि ताबा मुला।","कुल, गोत्र र जातिका परम्परागत धारणालाई पत्याउनु या विश्वास गर्नु धार्मिक धारणाको उत्पत्तिका निम्ति महत्त्वपूर्ण कारण बनेको हुन्छ।","Believing in or trusting in traditional beliefs of clan, tribe, and caste has been an important factor in the origin of religious beliefs.",D4C,18,long,Non-Past,Affirmative
COM_P2_D5G_S2_2104,तिनि चुला प्रकृतिला लिःनोन उदास म्राङ्बा मुबा।,आज यहाँको प्रकृतिको अनुहार पनि उलाइस देखिएको थियो।,"Today, the face of nature here was also seen in a beautiful way.",D5G,8,medium,Past,Affirmative
COM_D5G_S4_778,ह्राङ आमादा निबारि पिन्स्हयुसेदामुबा ?,तपाईँ आमालाई जान दिनुहुन्थ्यो?,Would you let your mother go?,D5G,4,short,Past,Affirmative
COM_P2_D3E_S1_263,थेलिच्छा ग्युइसेरब्लोन पन्तसे गेन्दुनछेनतेन काठुइ ङाच्छा दाङ्बा मुबा।,त्यसपछि शिक्षामन्त्री पन्तले महासङ्घसँग छलफल अगाडि बढाएका थिए।,"After that, Education Minister Panta took forward discussions with the Federation.",D3E,8,medium,Past,Affirmative
COM_D2H_S1_S2_2105,"धनुषाला लालगढ माझी टोल, धनौजी, अजिङ्ग्रेला माझीकादेसे काक्ता थेनालापिन्बा दूत म्हाइसिचिबा मुला।","धनुषाको लालगढ माझी टोल, धनौजी, अजिङ्ग्रेका माझीहरूले समस्या सुनाइदिने दूत खोजिरहेका छन्।","Fishermen from Lalgarh Majhi Tol, Dhanauji, and Ajingre in Dhanusha are looking for a messenger to convey their problems.",D2H,12,medium,Non-Past,Affirmative
P2_D1A_S0_B1_3812,ख्रेला सङ्क्रान्ति प्रिबादा दोनडुप्पा लासि ग्रेन परिमाणरि तेमे फिर्ग्याप बजाररि निर्यात लाबारि सानाम्पा स्हाङ्बाता ताबा मुला।,माघे सङ्क्रान्ति पर्वलाई लक्षित गरी ठूलो परिमाणमा तरुल बाहिरी बजारमा निर्यात गर्न कृषक सफल भएका छन्।,"Farmers have succeeded in exporting large quantities of yam to the external market, targeting the Maghe Sankranti festival.",D1A,16,long,Non-Past,Affirmative
P4_D1A_S1_B2_345,"न्हा थान्बा ब्रु, न्हा सोनालाबा टाङ्गा।","न राख्ने अन्न, न साँच्ने धन।","No food to store, no wealth to accumulate.",D1A,6,short,Non-Past,Negative
P3_D1A_S0_B1_1680,"मा, पीपल, उन्युँ दान्ना ताबा लारि गुच्चीस्यामो दान्ना फ्युबा लाबा मुला।","निगालो, पीपल, उन्युँ बढी भएको जंगलमा गुच्चीच्याउ बढी उम्रिने गरेको छ।","Guchichayu grows more in forests with abundant reeds, peepal trees, and coconut trees.",D1A,11,medium,Non-Past,Affirmative
COM_D2H_S1_S2_4271,"पिङ डापडुप: पालुङ्गो, ब्रोकाउली, कोबित, पोलो तोःतेबा मात्रारि चाबा लातोमुला।","हरियो सागसब्जी:पालुङ्गो, ब्रोकाउली, कुरिलो, सिस्नो पर्याप्त मात्रामा सेवन गर्नुपर्छ।","Green vegetables: Spinach, broccoli, asparagus, and nettle should be consumed in sufficient quantities.",D2H,9,medium,Non-Past,Affirmative
COM_D3E_S3_886,डा दाङ्सेला फ्राक नियम-ठिम मुला।,हरेक कक्षाको छुट्टै नियम-कानुन छ।,Each class has its own rules and regulations.,D3E,5,short,Non-Past,Affirmative
COM_P2_D2H_S1_6441,"मधुमेह, धुमेहला नाबा म्रिङ्माला योनिरि यीस्ट च्यालाङ तासाम स्ह्यो चामा दाक्पा तामुला।",मधुमेहमधुमेहका रोगी महिलाको योनिमा यीस्ट सङ्क्रमण भएमा दही खाँदा ठीक हुन्छ।,Eating yogurt is beneficial for women with diabetes who have a vaginal yeast infection.,D2H,11,medium,Non-Past,Affirmative
COM_P2_D2H_S1_364,नाबिङरे म्हेन्दो ४७४ फान्बा मुला।,बुधबार ४७४ जना निको भएका छन्।,474 people recovered on Wednesday.,D2H,6,short,Non-Past,Affirmative
COM_P2_D2H_S3_3557,चुला बाजुगु गोरगिक डाँठरि मसिना न्हिव्हाना मेरोनोन डिक्पा तामुला।,यसका पातहरू एउटै डाँठमा मसिना दुवैतिर लहरै मिलेका हन्छन्।,Its leaves are thin and wavy on both sides on a single stem.,D2H,9,medium,Non-Past,Affirmative
COM_P2_D5G_S2_3,चु कठिन परिपारछालग्याम स्योर्बा योफिरि थे सेम्लो लाबारि तिःमुला।,यस कठिन परिस्थितिबाट उम्कने उपायबारे उ सोच्न थाल्छ।,He begins to think of a way out of this difficult situation.,D5G,8,medium,Non-Past,Affirmative
COM_P2_D5G_S4_349,ताबारि खाम्ला चुनोन ङ्यान्दिसे थेसे भजन गोःजि।,हुनसक्छ यही कारण उनले भजन गाए।,Maybe that's why he sang hymns.,D5G,6,short,Past,Affirmative
COM_D4C_S1_S2_101,उधौलीरि व्हाइ कोसि साकेला स्याबा स्यामुला।,उधौलीमा गीत गाएर साकेला नाच नाचिन्छ।,Sakela dance is performed in Udhauli while singing songs.,D4C,6,short,Non-Past,Affirmative
D4S_S2_7811,बिपी स्टडी सर्कलसे स्हेङ्बा गेताङ गुङरि नेपाली काङ्ग्रेस गोबोन ओसेम सांसद डा. शेखर कोइरालासे गजल सँग्रहला ठोङ्सेङ लाजि।,बिपी स्टडि सर्कलद्वारा आयोजित कार्यक्रमबीच नेपाली काङ्ग्रेस नेता तथा सांसद डा. शेखर कोइरालाले गजल सँग्रहको विमोचन गरे।,Nepali Congress leader and MP Dr. Shekhar Koirala released a ghazal collection during a program organized by BP Study Circle.,D4C,17,long,Past,Affirmative
COM_P2_D2H_S3_9214,अनुसन्धानरि पोल्ट्री थेन डेरी उद्योगरि जनावरकादेदा तन्दुरुस्त थान्बाला लागि प्रयोग लासेला एन्टिबायोटिकसे बिस्तारसे म्हिदा नोन असर लाबा बतबालाबा मुला,अनुसन्धानमा पोल्ट्री र डेरी उद्योगमा जनावरहरूलाई तन्दुरुस्त राख्नका लागि प्रयोग गरिने एन्टिबायोटिकले बिस्तारै मानिसलाई पनि असर गर्ने बताइएको छ।,Research suggests that antibiotics used to keep animals healthy in the poultry and dairy industries can gradually affect humans.,D2H,19,long,Non-Past,Affirmative
COM_P3_D3E_S2_14498,योगेन्द्रबहादुर गुरुङ समाजशास्त्रला प्राध्यापक मुला।,योगेन्द्रबहादुर गुरुङ समाजशास्त्रका प्राध्यापक रहेका छन्।,Yogendra Bahadur Gurung is a professor of sociology.,D3E,6,short,Non-Past,Affirmative
COM_D5G_S5_266,ङा छार चोम्बारि तल्लीन ताजि।,म नयाँ सिर्जनामा तल्लीन भएँ।,I became engrossed in new creations.,D5G,5,short,Past,Affirmative
COM_P2_D5G_S4_8531,"थेनिकादे ङाच्छा ङाच्छा दिमला कुनिरि चिसि ध्यान लाबा ह्राङ्बा लाछा, दिङछा लासि आङ्सि स्होबारि तल्लीन तामुबा, फिर्ग्याप थोन्बा ओत्ते आम्राङ्मुबा।","उनीहरू पहिले पहिले घरको कुनामा बसेर ध्यान गरेजस्तो महिनौँ, वर्षौं लगाएर चित्र बनाउन तल्लीन रहन्थे, बाहिर निस्केको त्यति देखिँदैनथ्यो।","They used to sit in the corner of their house, meditating, and spend months and years engrossed in painting, rarely going outside.",D5G,19,long,Past,Negative
COM_D5G_S3_3755,साझादा थोरि रेना लातोला बिबा थेला इच्छाआन्सार नोन छ्योइ तेःबा लाबा जा राजीव घिमिरेसे पाङ्जि।,साझालाई माथि उठाउनुपर्छ भन्ने उनको इच्छाअनुसार नै पुस्तक प्रकाशन गरिएको छोरा राजीव घिमिरेले बताए।,His son Rajiv Ghimire said that the book was published in accordance with his wish to elevate the common good.,D5G,14,medium,Past,Affirmative
P4_D1A_S1_B2_3309,लिच्छाला दुइरि सानाम ग्युइ उइ बाजुरा ढुवानी जेः थाबालिच्छा स्याउला साइ ल्हेःसि खाबा डाङदिम बाजुराला खड्कासे पाङ्जि।,पछिल्लो समयमा कृषि ज्ञान केन्द्र बाजुरा ढुवानी अनुदान कटाएपछि भने स्याउको मूल्य बढेर आएको कोशेलीघर बाजुराका खड्काले बताए।,Khadka of Koshelighar Bajura said that the price of apples has increased after the transportation subsidy was cut recently by the Agricultural Knowledge Center Bajura.,D1A,18,long,Past,Affirmative
D1A_S0_B1_2219,केसीदा सानाम फेल्गेबा गेदिमसे निबा दिङरि ह्युलचोहो उत्कुष्ट पुरस्कार दोन्बा मुबा।,केसीलाई कृषि विकास कार्यालयले गत वर्ष राष्ट्रपति उत्कृष्ट पुरस्कार प्रदान गरेको थियो।,KC was awarded the President's Excellence Award by the Agricultural Development Office last year.,D1A,12,medium,Past,Affirmative
P3_D1A_S0_B1_67,चु तेन्तोग्याम ह्ह्रेङ्बादुइदोःना खेबि किन्बारि खाम्ला।,यी बालीबाट दीर्घकालसम्म आम्दानी लिन सकिन्छ।,Income can be generated from these crops over the long term.,D1A,6,short,Non-Past,Affirmative
P3_D1A_S0_B3_501,स्थानीय प्रजातिला सुन्तलाला तोङ्जा १५ पोवा उत्पादन लामा आचार्यला प्रतिपोवा सिका १८ लागत तिःबा मुला।,स्थानीय प्रजातिका सुन्तलाका १५ हजार बिरुवा उत्पादन गर्दा आचार्यको प्रतिबिरुवा रु. १८ लागत लागेको छ।,Acharya's cost per plant is Rs. 18 to produce 15 thousand local orange seedlings.,D1A,15,medium,Non-Past,Affirmative
COM_P2_D5G_S4_6797,क्योङनोन ब्रिताम डोबारि खाम्बा स्तरला ङाला ग्यानाकह्युलकि ग्योइ मि आरेबा।,पूरै लेखोट पढ्नसक्ने स्तरको मेरो चिनियाँ भाषा त थिएन।,My Chinese wasn't good enough to read the entire article.,D5G,9,medium,Past,Negative
COM_P2_D3E_S2_635,गणितरि मौलिकता खासनोन आरे तासाइ झल्किनोन म्राङ्मुला।,गणितमा मौलिकता खासै हुँदैन तर झल्किनचाहिँ झल्किन्छ।,"There isn't much originality in mathematics, but it is evident.",D3E,7,short,Non-Past,Affirmative
COM_D2H_S4_5333,मोरङला रङ्गेली नगरपालिका–३ ला ८५ दिङला खेप्पा रेमकोलाला क्योन्बाला ताङरि विराट नर्सिङ होम ओसेम अस्पताल प्रालिरि सिबा मुला।,मोरङको रङ्गेली नगरपालिका-३ का ८५ वर्षीय वृद्ध पुरुषको उपचारका क्रममा विराट नर्सिङ होम एवम् अस्पताल प्रालिमा मृत्यु भएको छ।,"An 85-year-old man from Rangeli Municipality-3, Morang, has died while undergoing treatment at Birat Nursing Home and Hospital Pvt. Ltd.",D2H,19,long,Non-Past,Affirmative
COM_D5G_S4_162,ङाइ तिल्दा चुराङ्बा नियम बिसि ङ्योइजि।,मैले किन यस्तो नियम भनेर प्रश्न गरेँ।,I asked why there was such a rule.,D5G,7,short,Past,Affirmative
COM_P2_D5G_S2_5336,क्युइ तानातानन ख्लासि कोठा हिलो ताबा काक्ता थेरि जाजा तासाइ भोगबलामा ग्रेन मुबा।,पानी भर्दाभर्दै पोखिएर कोठा हिलो हुने समस्या सुन्दा सानो तर भोग्दा विशाल छ।,"The problem of water spilling and muddying the room is small to hear, but huge to experience.",D5G,13,medium,Non-Past,Affirmative
COM_P2_D5G_S2_2300,चु सोचनीय नुर हिन्ना।,यो सोचनीय विषय हो।,This is a thought-provoking topic.,D5G,4,short,Non-Past,Affirmative
COM_D4C_S1_S2_6938,ह्युलकोर्पा ला कोङराह्वाला छ्याम थेनिकादेला काक्ता छिम्बा थेन गुनासा सम्बोधनला ह्युलकोर्पा प्रहरीसे निर्वाह लाबा भूमिकाला सराहना लाबान ह्युलकोर ल्हेछ्यालन निम्ति चु थुमरि आबद्ध बेनानसे राङ–ह्राङ्ला दक्षता फेल्हेःबा लातोबा बाङ पिन्जि।,पर्यटकको सुरक्षाका साथै उनीहरूका समस्या समाधान र गुनासा सम्बोधनमा पर्यटक प्रहरीले निर्वाह गरेको भूमिकाको सराहना गर्दै पर्यटन प्रवर्द्धनका निम्ति यस क्षेत्रमा आबद्ध सबैले आ–आफ्नो दक्षता अभिवृद्धि गर्नुपर्नेमा जोड दिए।,"Appreciating the role played by the tourist police in protecting tourists as well as resolving their problems and addressing their complaints, he emphasized that everyone involved in this sector should enhance their skills to promote tourism.",D4C,29,very long,Past,Affirmative
COM_D3E_S3_3828,लोप्खाङरि न्हाङ्बा मूल्याङ्कनला दानरि डा ११ रि भर्ना ताबा लोप्खेनसे छार पाठ्यक्रमआन्सार खेडोब लातोबा ताबा हिन्ना।,विद्यालयको आन्तरिक मूल्याङ्कनका आधारमा कक्षा ११ मा भर्ना हुने विद्यार्थीले नयाँ पाठ्यक्रमअनुसार अध्ययन गर्नुपर्ने भएको हो।,"Based on the school's internal evaluation, students admitted to grade 11 will have to study according to the new curriculum.",D3E,16,long,Non-Past,Affirmative
COM_P2_D3E_S2_3526,समाजसेवी डा. विष्णुमाया परियारसे ग्यार्जा गिकसे ७२ प्राङ्बो लोप्खेनदा लोप्खाङ क्वान ह्रोछया लाबा मुला।,समाजसेवी डा. विष्णुमाया परियारले एक सय ७२ विपन्न विद्यार्थीलाई विद्यालय पोशाक सहयोग गरेकी छिन्।,Social worker Dr. Bishnumaya Pariyar has provided school uniforms to one hundred 72 underprivileged students.,D3E,14,medium,Non-Past,Affirmative
COM_P2_D3E_S1_3563,लोप्खेनला चुह्राङ्बा डोबा थुम्तारि उच्चस्तरीय ग्युइसेर आयोगसे खुला छ्योइ परीक्षाला अवधारणा ङ्हाच्छा ल्हेबा मुला।,विद्यार्थीको यस्तो त्रास अन्त्यका लागि उच्चस्तरीय शिक्षा आयोगले खुला किताबी परीक्षाको अवधारणा अघि सारेको छ।,"To end this fear among students, the Higher Education Commission has put forward the concept of open book examinations.",D3E,15,medium,Non-Past,Affirmative
COM_P2_D3E_S3_1856,चु एप्स साप्ताहिक स्रुगरि अपडेट ताला।,यो एप्स साप्ताहिक रूपमा अपडेट हुन्छ।,This app is updated weekly.,D3E,6,short,Non-Past,Affirmative
COM_P2_D5G_S3_8212,ह्राङ्लान छ्याब ह्रेवासे नोन कादेराङ केवाकादे लोङ्बा अनिश्चिततारि हुइबा नोन म्राङ्जि।,आफ्नै बानी व्यवहारले पनि कतिपय जीवनहरू भयावह अनिश्चिततामा धकेलिएका पनि देखियो।,It was also seen that some lives were pushed into terrible uncertainty due to their own habits and behaviors.,D5G,11,medium,Past,Affirmative
COM_P2_D3E_S1_6724,"थेलिच्छा आत्तिबान याम्बु खाबा तयारी लासिचिबा मुबा, बल्ल कलेजला वार्डेनला नोन फोन खाजि।","त्यसपछि आत्तिंदै काठमाडौँ आउने तयारी गरिरहेका थियौँ, बल्ल कलेजको वार्डेनको पनि फोन आयो।","Then, as we were anxiously preparing to return to Kathmandu, we finally received a call from the college warden.",D3E,13,medium,Past,Affirmative
P4_D1A_S1_B1_872,लेङ्बा दुइ ह्राङ्लान नाम्सारि सानाम लासि छुबा लामुला।,बाँकी समय आफ्नै गाउँमा कृषिकर्म गरेर रमाउछन।,"The rest of the time, they enjoy farming in their own village.",D1A,7,short,Non-Past,Negative
COM_D5G_S3_2482,तासाइनोन छार म्हितेन ह्रुब तामा थे विनयी थेन आदम्य ह्राङ्बा दोःसि ताम लामुबा।,तैपनि नयाँ मानिससँग भेट हुँदा उनी विनयी र अदम्य जस्तै बनेर कुरा गर्थे।,"Yet, when meeting new people, he would speak in a polite and indomitable manner.",D5G,13,medium,Past,Affirmative
COM_P2_D5G_S1_167,तिगा-गादे ङ्यान्दिसे थे सन्चो आरे ?,के–कति कारणले ऊ सन्चो छैन?,For what reasons is he not well?,D5G,5,short,Non-Past,Negative
P4_D1A_S1_B1_138,सहकारीरि जेःला सार नोन आयाङ्नि।,सहकारीमा अनुदानको मल नै पाइएन।,There is no subsidy available in the cooperative.,D1A,5,short,Past,Negative
COM_D3E_S1_S2_1772,तिलोगि ग्याल्साला अर्बौ लगानी ताबा सरकारी लोप्खाङ थेन कलेजला डोबाला गुणस्तरफिरि ङ्योइबा मुला।,एकातिर राज्यको अर्बौं लगानी भएका सरकारी विद्यालय र क्याम्पसको पढाइको गुणस्तरमाथि प्रश्न छ।,"On the one hand, there are questions about the quality of education in government schools and campuses that have received billions in state investment.",D3E,13,medium,Non-Past,Affirmative
D4S_S2_7983,नारे चिबा ब्लोनसेङ्जाङ चिसाङसे तापाग्रेन ४ रि गिकनोन छ्यारि प्रतिनिधिसभा थेन प्रदेशसभा ह्रोमि निर्वाचन लाबा आप्ता लाबा मुला।,बिहीबार बसेको मन्त्रिपरिषद् बैठकले ४ मङ्सिरमा एकै चरणमा प्रतिनिधिसभा र प्रदेशसभा सदस्य निर्वाचन गर्ने निर्णय गरेको छ।,The Council of Ministers meeting held on Thursday has decided to hold elections for the House of Representatives and Provincial Assembly members in a single phase on Mangsir 4.,D4C,17,long,Non-Past,Affirmative
D4S_S2_5944,विशेष लासि नानाआङाकादे ह्रुब तासि म्हुनादोःना छुबा थेन उपलब्ध तादेदोःनाला चाबास्हे चाबा लामुला।,विशेषगरी दिदीबहिनी जम्मा भई रातिसम्म रमाइलो गर्ने र उपलब्ध भएसम्मका खानेकुरा खाने गर्छन्।,"Especially sisters gather together, have fun until late at night, and eat whatever food is available.",D4C,13,medium,Non-Past,Affirmative
COM_D3E_S1_S2_4464,खासलासि खाजा ताबा बिजाबुमोजुगुदा खाराङ्लासि डोलोपपिन्बा बिबा बारेरि चु कुबा केन्द्रित मुबा ।,खासगरी अपाङ्गता भएका बालबालिकाहरूलाई कसरी पढाउने भन्ने बारेमा यो तालिम केन्द्रित थियो।,This training focused specifically on how to teach children with disabilities.,D3E,12,medium,Past,Affirmative
P2_D1A_S0_B1_658,छ्याबा न्हेछ्या मोकोनदा सेम निमुला।,जमेको दही सबैलाई मन पर्छ।,Everyone loves frozen yogurt.,D1A,5,short,Non-Past,Affirmative
P2_D1A_S0_B1_1364,स्याउ थुबारि चुःबाछ्याम छोङ्पा स्याउ डिहिरिन खासि ग्लुबा लाबा ताङ ल्हेःबा मुला।,स्याउ टिप्न सुरु भएसँगै व्यापारी स्याउ बगैँचामै आएर खरीद गर्ने क्रम बढेको छ।,"As apple picking begins, the number of traders coming to the orchards to buy apples has increased.",D1A,13,medium,Non-Past,Affirmative
COM_P2_D2H_S2_2036,चु बेनान सिजनरि चाबारि खाम्ला।,यो हरेक सिजनमा खान सकिन्छ।,It can be eaten in every season.,D2H,5,short,Non-Past,Affirmative
D4S_S2_3847,इद उल फित्रला दुइसाङरि गिकसेम गिकरि ताङ्बा याङ्सि पिन्बाकिन्बा लाबा पारछेप आरे।,इद उल फित्रका अवसरमा एक आपसमा खुशीयाली साट्दै शुभकामना आदानप्रदान गर्ने प्रचलन छैन।,It is not customary to exchange greetings and good wishes on the occasion of Eid ul Fitr.,D4C,13,medium,Non-Past,Negative
COM_P3_D3E_S1_10493,"सरकारी लोप्खाङजुगु प्रभावकारी, आकर्षक तातोबा हिन्ना ।","सरकारी विद्यालयहरू प्रभावकारी, आकर्षक हुनुपर्ने हो।",Government schools should be effective and attractive.,D3E,6,short,Non-Past,Affirmative
COM_D4C_S1_S2_6352,नवरात्रनाङ नोन बलि पिन्बा परम्परा मुसाइ नोन छेपानिस छेपाब्रे थेन छेपाकुःरि विशेष स्रुगसे बलि पिन्बा छेप मुला।,नवरात्रभरि नै बलि दिने परम्परा भए पनि सप्तमी अष्टमी र नवमीमा विशेष रूपले बलि दिने चलन छ।,"Although there is a tradition of offering sacrifices throughout Navratri, there is a special custom of offering sacrifices on Saptami, Ashtami, and Navami.",D4C,17,long,Non-Past,Affirmative
D1A_S0_B2_4984,थे चोसो ह्युलनाङ झान्नाइ ग्यार्जाछा चुराङ्बा ब्याङ्क ठोङ्बा मुला बिसाम ५० ते प्रभावकारी स्रुगरि स्याङ्बा ताचिबा मुला।,त्यसयता देशभर झन्डै सय वटा यस्ता ब्याङ्क खुलेका छन् भने ५० जति प्रभावकारी रूपमा सञ्चालन भइरहेका छन्।,"Since then, nearly a hundred such banks have opened across the country, and about 50 are operating effectively.",D1A,17,long,Non-Past,Affirmative
COM_P2_D2H_S1_4722,अमेरिकन क्यान्सर सोसाइटीला आन्सार म्हेन्दो ब्रात म्रिङ्मागुङरि म्हेन्दो गिकदा ङ्हे क्यान्सर ताबा सम्भावना तामुला।,अमेरिकन क्यान्सर सोसाइटीका अनुसार प्रत्येक आठ जना महिलामध्ये एक जनालाई स्तन क्यान्सर हुने सम्भावना रहन्छ।,"According to the American Cancer Society, one in every eight women is likely to develop breast cancer.",D2H,15,medium,Non-Past,Affirmative
COM_D3E_S5_4515,भू-ग्यालठिमकि प्रतिस्पर्धाछ्याम सरकार थेन छोङनाम्पाजुगुगुङरि एप्सकादेदा किन्सि विवाद म्राङ्साइ नोन क्योल्बाम्हिजुगु बिसाम ग्यानाकह्युलकि एपरि ताङ्बा म्राङ्मुला।,भू–राजनीतिक प्रतिस्पर्धासँगै सरकार र व्यवसायीहरूबीच एपहरूलाई लिएर विवाद देखिए पनि प्रयोगकर्ताहरू भने चिनियाँ एपमा रमाएका देखिन्छन्।,"Despite geopolitical competition and disputes between governments and businesses over apps, users seem to be enjoying Chinese apps.",D3E,16,long,Non-Past,Affirmative
COM_P2_D5G_S3_1359,थेला हिसाब दोःसि ताइबारि वाङ्बा मुला।,उनको हिसाब फेरि खस्किन थालेको छ।,His score has started to drop again.,D5G,6,short,Non-Past,Affirmative
COM_P2_D5G_S1_2746,थेला दिमथेमेदा गोरगिक दोइ ब्याङ्जि।,उसको परिवारलाई एउटा बोझ हट्यो।,A burden was lifted from his family.,D5G,5,short,Past,Affirmative
COM_P2_D5G_S3_1574,पत्ररि चु बिमा दान्ना तिलाइ नोन आरेबा।,पत्रमा यो भन्दा बढी केही पनि थिएन।,There was nothing more in the letter than this.,D5G,7,short,Past,Negative
COM_P2_D3E_S1_3834,नेपाल एजुकेसन फाउन्डेसनला हकरि स्थानान्तरणला गेरिमरि मुबासे दाते लोप्खेन भर्ना लाबारि आडिक्बा ब्लोनखाङसे उन्पाङ्बा मुला ।,नेपाल एजुकेसन फाउन्डेसनको हकमा स्थानान्तरणको प्रक्रियामा रहेकोले हाल विद्यार्थी भर्ना गर्न नमिल्ने मन्त्रालयले जनाएको छ।,The ministry has stated that Nepal Education Foundation is currently unable to enroll students as it is in the process of being transferred.,D3E,15,medium,Non-Past,Affirmative
COM_D3E_S3_1483,"चुला लागिरि ल्होलो अभ्यास, स्थलगत कोरग्यान, परियोजना गे राङ्बा विधि आप्नाइतिबा मुला।","यसका लागि विभिन्न अभ्यास, स्थलगत भ्रमण, प्रोजेक्ट वर्क जस्ता विधि अपनाएको छ।","For this, various methods such as exercises, field visits, and project work have been adopted.",D3E,12,medium,Non-Past,Affirmative
COM_P2_D4C_S1_B4_677,नेपार छिक संस्कृतग्याम नेपाल स्होबा तर्क बाबुराम आचार्यला हिन्ना।,नेपार शब्द संस्कृतबाट नेपाल बनेको तर्क बाबुराम आचार्यको हो।,Baburam Acharya's argument that Nepal was formed from the word Nepar in Sanskrit is true.,D4C,9,medium,Non-Past,Affirmative
COM_D2H_S1_S2_5618,चुराङलासि पत्रु चाबा जाकार-जाकार चामा एन ल्हानान चाजा ल्हुइरि निबा ताबासे प्रिबारि न ह्राङ चाबा न डोम्बोदा पिन्बा छ्याब फेल्गेबा लाबारि खाम्ला।,यसरी पत्रु खाना थोरै–थोरै खाँदा पनि धेरै नै नुन शरीरमा जाने भएकाले चाडपर्वमा न आफू खाने न अतिथिलाई दिने बानी विकास गर्न सकिन्छ।,"Thus, even if you eat small amounts of pet food, you will still end up with a lot of salt in your body, so you should develop the habit of neither eating it yourself nor giving it to guests during festivals.",D2H,23,very long,Non-Past,Affirmative
COM_D2H_S5_5414,इच्छाकामना गाऊँपालिकारि ङ्वाफ्रे हेन्दे डेङ्गु च्यालाङ म्राङबारि चुःबा थेन दात्तेदोना ५८ जनारि म्राङ्बा ल्हुइथाङ शाखा ग्रेन देवकोटासे ग्रानाङ पिन्जि।,इच्छाकामना गाउँपालिकामा जेठदेखि डेङ्गु सङ्क्रमण देखिन थालेको र अहिलेसम्म ५८ जनामा देखिएको स्वास्थ्य शाखा प्रमुख देवकोटाले जानकारी दिए।,Health Branch Chief Devkota informed that dengue infection has been observed in Ichchakamana Rural Municipality since Jestha and has been detected in 58 people so far.,D2H,18,long,Past,Affirmative
D1A_S0_B2_4051,सानाम ब्लोनखाङसे सानाम्पा ङोसेबाला प्रमाणला स्रुगरि सानाम्पा परिचयपत्रदा तेन्बा पिन्बा उन्पाङ्बा मुला।,कृषि मन्त्रालयले किसान पहिचानको प्रमाणका रूपमा किसान परिचयपत्रलाई मान्यता दिने जनाएको छ।,The Ministry of Agriculture has stated that it will recognize farmer identity cards as proof of farmer identity.,D1A,12,medium,Non-Past,Affirmative
P4_D1A_S1_B2_1603,ङाला फार्मरि ग्यार्जा सोमसे ७५ गोर वयस्क दोङ मुला।,मेरो फार्ममा तीन सय ७५ वटा वयस्क बोट छन्।,There are three hundred 75 adult plants on my farm.,D1A,9,medium,Non-Past,Affirmative
D1A_S0_B2_2434,स्योरिन हेन्से ताइबा ग्लिङ्से दोसि डाङडाङ मोकोन तारल्हाम स्होबा मुला।,बिहानैदेखि परेको हिउँले फेरि डाडाँकाँडा सबै सेताम्मे बनाएको छ।,The snow that has fallen since morning has once again turned the entire mountain range black.,D1A,9,medium,Non-Past,Affirmative
D4S_S2_4240,"मूल आकला लाथानछ्याम लाथान दोख्युररिन शिव लाथान, गणेश लाथान नोन स्होबा मुला।","मूल अकला मन्दिरसँगै मन्दिर परिसरमै शिव मन्दिर, गणेश मन्दिर पनि बनाइएको छ।","Along with the original Akala Temple, a Shiva Temple and a Ganesh Temple have also been built within the temple premises.",D4C,12,medium,Non-Past,Affirmative
COM_D5G_S8_999,थे उदारता किन्बारि खाबा हिन्ना।,उनी उदारता लिन आएका हुन्।,He came to receive generosity.,D5G,5,short,Non-Past,Affirmative
COM_P2_D5G_S1_1180,नेपाली सा ग्युइ सा हिन्ना।,नेपाली भूमि ज्ञान भूमि हो।,Nepali land is the land of knowledge.,D5G,5,short,Non-Past,Affirmative
COM_P2_D4C_S1_B1_1193,चुरि नवमीला रे जेक्खेन तोङ्जा ङा ल्हाना दर्शनार्थीसे पूजाआजा लाबा मुला।,यहाँ नवमीको दिन मात्रै पाँच हजार धेरै दर्शनार्थीले पूजाआजा गरेका छन्।,More than five thousand devotees have worshipped here on the Navami day alone.,D4C,11,medium,Non-Past,Affirmative
COM_D3E_S1_S2_3660,भर्ना बिसाम म्हेन्दो ९२४ आनाम ३७ कार्ग्या जेन ताजि।,भर्ना भने ९२४ जना अर्थात् ३७ प्रतिशत मात्रै भए।,"The enrollment was only 924, or 37 percent.",D3E,9,medium,Past,Affirmative
P3_D1A_S0_B2_834,म्राङरि गे लाबाला छ्याम  थेसे नाम्सा क्यारख्युरला छारिब्योन थेन स्थानीयदा नाम्सारिन चिबारि प्रेरित नोन लामुला।,बारीमा काम गर्नुका साथै उनले गाउँ वरपरका युवा र स्थानीयलाई गाउँमै बस्न प्रेरित पनि गर्छन्।,"In addition to working in the fields, he also inspires the youth and locals around the village to stay in the village.",D1A,15,medium,Non-Past,Affirmative
P3_D1A_S0_B1_3980,प्रत्येक वडासे सम्भावना ङोसेबा लासि छारिब्योनजुगुदा सामुदायिक स्तररि सास्हिङ लाबारि सानाम सहकारी व्हाना आकर्षण लाबारि नगरपालिका लागाब ताबा थेसे पाङ्जि।,प्रत्येक वडाले सम्भावना पहिचान गरेर युवाहरूलाई सामुदायिक स्तरमा खेती गर्न कृषि सहकारीतर्फ आकर्षित गर्न नगरपालिका लागिपरेको उनले बताए।,He said that the municipality is working to identify the potential of each ward and attract youth to agricultural cooperatives to cultivate at the community level.,D1A,18,long,Past,Affirmative
COM_D3E_S4_2287,"ग्रा प्रविधिला फेल्गेबातेन लिच्छाला दुइ सम्पर्क लाबा ग्युङ मेसेन्जर, ह्वाट्सएप ओसेम भाइबर ताबारि तिःबा मुला।","सूचना प्रविधिको विकाससँगै पछिल्लो समय सम्पर्क गर्ने माध्यम मेसेन्जसर, ह्वाट्सएप तथा भाइबर हुन थालेको छ।","With the development of information technology, Messenger, WhatsApp, and Viber have recently become the means of communication.",D3E,15,medium,Non-Past,Affirmative
P2_D1A_S0_B1_2045,खेबि ज्याबा तासाइनोन नाकाला दाना ल्हाना साइताबान निबा  ङ्यान्दि खे च्याङ्ना ताबान निबा पाङ्जि।,आम्दानी राम्रै भए पनि कुखुराको दाना महङ्गो हुँदै गएका कारण नाफा घट्दै गएको बताए।,"He said that although the income is good, profits are decreasing due to the increasing cost of chicken feed.",D1A,14,medium,Past,Affirmative
P4_D1A_S1_B1_719,दान्दे स्थानीय नाकाछ्याम स्यान्दो सेमचेनज्याबि सिबा मुला।,अहिले स्थानीय कुखुरालगायत अन्य पशुपक्षी मरेका छन्।,"Now, local chickens and other livestock have died.",D1A,7,short,Non-Past,Affirmative
COM_D5G_S3_2368,ङ्योइबा स्यो फिर्ग्याप खाबालिच्छा नोन तिलाइ परीक्षा केन्द्ररि नोन परीक्षा काबाला मुला,प्रश्नपत्र बाहिरिएपछि पनि केही परीक्षा केन्द्रमा पनि परीक्षा स्थगन भएका छन्।,"Even after the question papers were released, exams have been postponed at some exam centers.",D5G,11,medium,Non-Past,Affirmative
COM_P2_D4C_S1_B3_2638,ग्यानाकह्युलकि सरकारसे नेपालला ह्युलकोरकि थुमरि लाबा लगानी सकारात्मक मुला।,चिनियाँ सरकारले नेपालको पर्यटकीय क्षेत्रमा गरेको लगानी सकारात्मक छ।,The Chinese government's investment in Nepal's tourism sector is positive.,D4C,9,medium,Non-Past,Affirmative
COM_P2_D4C_S1_B3_1612,थेनिकादेला सेलो व्हाइ नेपाली व्हाइरिमरि प्रसिद्ध मुला।,उनीहरूको सेलो गीत नेपाली सङ्गीतमा प्रसिद्ध छ।,Their cello songs are famous in Nepali music.,D4C,7,short,Non-Past,Affirmative
COM_P2_D3E_S2_2587,डा ब्लिरि भर्ना ताबा म्रिङ्माकादेदा लोप्डोबा तिलाइ काक्ता ताबा ज्ञवालीला अनुभव मुला।,चार कक्षामा भर्ना भएका महिलाहरूलाई पढाउन केही समस्या भएको ज्ञवालीको अनुभव छ।,Gyawali has experienced some problems teaching women enrolled in grade four.,D3E,12,medium,Non-Past,Affirmative
D4S_S1_8183,ग्रेडिङ लाबा प्रुमो किलोछाप सिका तोङ्जा गिक थेन ग्रेडिङ आलाबादा सिका ग्यार्जा ङाहेन्से निसदोःनारि चुङ्बा थेसे थेःनालाजि।,ग्रेडिङ गरेको टिमुर प्रतिकिलो एक हजार रूपैयाँ र ग्रेडिङ नगरेकोलाई पाँच सय देखि सात रूपैयाँसम्म बिक्री गरिएको उनले सुनाए।,He said that graded timur was sold for one thousand rupees per kilogram and ungraded timur was sold for five hundred to seven rupees per kilogram.,D4C,19,long,Past,Affirmative
COM_P2_D3E_S1_4894,उमहानगरला टोली तिलाइ रेरि दिल्लीला ग्युइसेर मोडेलला खेडोब लाबारि निसेला मुला।,उमहानगरको टोली केही दिनमा दिल्लीको शिक्षा मोडेलको अध्ययन गर्न जानेछ।,The team from sub-metropolitan city will be going to study Delhi's education model in a few days.,D3E,10,medium,Non-Past,Affirmative
D4S_S2_6934,ख्राङ्गारि क्लाङ्बा ताङरि दिम ङामरिन मुबा ग्योइरि ब्लुम्बा नाछालरि ङेङ्गोरसे म्राङ्बालिच्छा थेदुइरिन बुमो राईदा उद्धार लासि अस्पताल दोनालाबा मुबा।,आँगनमा खेल्ने क्रममा घर नजिकै रहेको पोखरीमा डुबिरहेको अवस्थामा आफन्तजनले देखेपछि तत्काल बालिका राईलाई उद्धार गरी अस्पताल पुर्‍याइएको थियो।,Girl Rai was immediately rescued and taken to the hospital after relatives saw her drowning in a pond near her house while playing in the yard.,D4C,19,long,Past,Affirmative
COM_D5G_S1_S2_5092,"मोकोन म्हिला जाम्बुलिङ म्राङ्बा दृष्टिकोण गोरगिकनोन आता थेन ह्राङ्लाा चाहना आन्सार मोकोन ताम म्राङ्ला, वास्तविक तिकादामान मुगाइ।","सबै मानिसको संसार देख्ने दृष्टिकोण एउटै हुँदैन र आफ्नो चाहना अनुसार सबै कुरा देख्छन्, वास्तविक जेसुकै होस्।","Not everyone has the same perspective on the world and sees everything according to their own desires, regardless of what is real.",D5G,17,long,Non-Past,Affirmative
P2_D1A_S0_B1_1397,तापा हेन्से बेनेदोःनाला दुइदा मध्यम थेन थेलिच्छाला दुइ क्योङ फोस्टो ओसेम गर्भधारणला लागिरि अनुकूल तेन्बामुला।,पुसदेखि फागुनसम्मको समयलाई मध्यम र त्यसपछिको समय पूर्ण सुख्खा एवं गर्भधारणका लागि अनुपयुक्त मानिन्छ।,"The period from Poush to Falgun is considered moderate, and the period after that is considered completely dry and unsuitable for pregnancy.",D1A,14,medium,Non-Past,Affirmative
COM_P2_D5G_S2_1397,"सात्तान म्हाङरि खामुला, जि ग्वाइसि पिन्मुला।","सधैँ सपनामा आउँछ, जाँड छानेर दिन्छ।","It always comes in dreams, choosing the right path.",D5G,6,short,Non-Past,Affirmative
COM_D5G_S1_S2_2320,थेला नेम्बा मिजासलान ङ्यान्दि म्हिकादे थेदा तिलाइ न तिलाइ पिन्सिन चिमुला।,उसको नरम मिजासकै कारण मानिसहरू उसलाई केही न केही दिइरहन्छन्।,"Because of his gentle nature, people keep giving him something.",D5G,10,medium,Non-Past,Affirmative
COM_D4C_S1_S2_5735,"इन्द्रजात्थार उपत्यका थेन ह्युलला ल्होलो भागरि हर्षोल्लाससाथ दाङ्मुला थेन ला इन्द्र, कुमारी, गणेश, भैरव, लक्ष्मी थेन विष्णुला पूजा लामुला।","इन्द्रजात्रा उपत्यका र देशका विभिन्न भागमा हर्षोल्लाससाथ मनाइन्छ र देवता इन्द्र, कुमारी, गणेश, भैरव, लक्ष्मी र विष्णुको पूजा गरिन्छ।","Indrajatra is celebrated with great enthusiasm in the valley and various parts of the country and the gods Indra, Kumari, Ganesh, Bhairav, Lakshmi and Vishnu are worshipped.",D4C,19,long,Non-Past,Affirmative
COM_D3E_S5_1482,सचेत तास्ह्युगो ह्याकरसे खाचिबाइ नोन दुइ टाङ्गा ह्योलाबारि खाम्ला।,सचेत हुनुहोस् ह्याकरले कुनै पनि बेला खाताबाट रकम चोर्न सक्छ।,Be aware that a hacker can steal funds from your account at any time.,D3E,10,medium,Non-Past,Affirmative
COM_P2_D3E_S1_5630,ग्याल्साङ परीक्षा बोर्ड ओसेम सिटिइभिटीला प्राविधिक नुररि तिका फ्राक मुला ?,राष्ट्रिय परीक्षा बोर्ड तथा सिटिइभिटीको प्राविधिक विषयमा के फरक छ?,What is the difference between the National Examination Board and CTEVT in technical subjects?,D3E,10,medium,Non-Past,Affirmative
COM_D2H_S3_3998,चालु न्होरकि दिङला ९ थेन निबा दिङला १० लासि दान्दे १९ म्हे गाउँपालिकारि खाप्टेनोइ मुबा दाहालसे पाङ्जि।,चालु आर्थिक वर्षका ९ र गत वर्षका १० गरी अहिले १९ जना गाउँपालिकामा क्षयरोगी रहेको दाहालले बताए।,"Dahal said that there are currently 19 people suffering from tuberculosis in the rural municipality, including 9 from the current fiscal year and 10 from last year.",D2H,17,long,Past,Affirmative
COM_P2_D5G_S2_5234,थेसे ह्राङ्ला ब्रेम्बा काइब्लोन ओलीलान प्रेरणासे सेमराप ब्रिबारि स्हाङ्बा ताबा सुङ्स्ह्युजि ।,उहाँले आफ्ना श्रीमान् प्रधानमन्त्री ओलीकै प्रेरणाले आत्मकथा लेख्न सफल भएको बताउनुभयो।,"He said that he was able to write her autobiography due to the inspiration of her husband, Prime Minister Oli.",D5G,11,medium,Past,Affirmative
COM_P2_D5G_S2_3013,ह्राङ गोर्गिक ब्रिखेन मुस्ह्युला बिसि थेबा मुबा।,तपाईँ एक लेखक हुनुहुन्छ भनेर सुनेको थिएँ।,I heard you are a writer.,D5G,7,short,Past,Affirmative
COM_D3E_S5_5572,थेराङ्बान मुड्केचुला गाउँपालिकाला चोहो नोन सदरमुकामछ्याम स्यान ग्लारि फोन लातोमा चुनोन ल्हारि दोबा पाङ्स्ह्युमुला।,त्यस्तै मुड्केचुला गाउँपालिकाका अध्यक्ष पनि सदरमुकामलगायत अन्य ठाउँमा फोन गर्नुपरेमा यही लेकमा पुग्ने गरेको बताउनुहुन्छ।,"Similarly, the chairman of Mudkechula Rural Municipality also says that he reaches this lake when he needs to call the district headquarters and other places.",D3E,15,medium,Non-Past,Affirmative
COM_P2_D5G_S2_5080,थे नोबेल ग्योइकाइ पुरस्कार याङ्बा ङिच्छा जापानी ब्रिखेन हिन्ना।,उनी नोबेल साहित्य पुरस्कार पाउने दोस्रो जापानी लेखक हुन्।,He is the second Japanese writer to win the Nobel Prize in Literature.,D5G,9,medium,Non-Past,Affirmative
COM_D2H_S1_S2_817,खोप रोप्पालिच्छा कादेराङ व्यक्तिदा मनोवैज्ञानिक नोत्पा लाबारि खाम्ला।,खोप लगाएपछि कतिपय व्यक्तिलाई मनोवैज्ञानिक असर पर्न सक्छ।,Some people may experience psychological effects after being vaccinated.,D2H,8,medium,Non-Past,Affirmative
P4_D1A_S1_B1_3597,ह्राङ्ला बु डेङारि सिँचाइ साप्तेनला लागिरि बोरिङ थुइबाला गे तिःबालिच्छा मटिहानी नगरपालिकाला सानाम्पाला लिःरि ह्याल ल्हेःबा मुला।,आफ्ना खेत गर्हामा सिँचाइ सुविधाका लागि बोरिङ जडानको काम थालेपछि मटिहानी नगरपालिकाका किसानको मुहारमा चमक बढेको छ।,Farmers in Matihani Municipality are beaming with joy after the work of installing borings for irrigation facilities in their fields began.,D1A,17,long,Non-Past,Affirmative
COM_P2_D5G_S2_413,तोसो गिकला ताङ्बासे सेमरि बेचैनी ल्हेःबारि तिःमुला।,एक किसिमको खुसीले मनमा बेचैनी बढ्न थाल्छ।,A kind of happiness starts to make me feel restless.,D5G,7,short,Non-Past,Affirmative
P2_D1A_S0_B2_976,दान्दे खेबिबिमा ख्युल्बि ल्हाना ताबारि तिःबा मुला।,अहिले आम्दानीभन्दा नोक्सान बढी हुन थालेको छ।,Now the losses are starting to exceed the income.,D1A,7,short,Non-Past,Affirmative
COM_P2_D2H_S3_1754,ईश्वरीलान् मेन्दो ङिस लाइनुला मृत्यु ताबा मुबा।,ईश्वरीकै सात वटा शिशुको मृत्यु भएको थियो।,Ishwari's seven children had died.,D2H,7,short,Past,Affirmative
D4S_S3_4648,नाबादा सहजनोन् थेग्याम स्यान अस्पतालरि बोर्बारि एम्बुलेन्स उपलब्ध आरेबा।,बिरामीलाई सहजै त्यहाँबाट अन्य अस्पतालमा लैजान एम्बुलेन्स उपलब्ध थिएन।,There was no ambulance available to easily transport the patient from there to other hospitals.,D4C,9,medium,Past,Negative
D4S_S2_7650,थेनोन झ्याप्ले स्योङला डुइबिमा छ्योआछ्यो ग्यार्जा मिटर मार स्यान्दो गाडीरिन मुबा याखारगि ल्हाम्पाला आन्सार थे घटना फेलोङ्बा ताबा मुबा।,त्यही झ्याप्ले खोलाको पहिरोभन्दा करिब सय मिटर तल अर्कै गाडीमा रहेका एक यात्रुका अनुसार त्यो घटना कहाली लाग्दो थियो।,"According to a passenger in another vehicle, about a hundred meters below the landslide in the Jhaple River, the incident was horrific.",D4C,19,long,Past,Affirmative
COM_P2_D3E_S3_1668,स्रोतला ठेगान आतासाम थे ताम्सोर विश्वसनीय आता।,स्रोतको ठेगान नभए त्यो समाचार विश्वसनीय हुँदैन।,"If the source is not identified, the news is not credible.",D3E,7,short,Non-Past,Negative
COM_P2_D3E_S2_535,चुरि किन्डरगार्टन ओसेम डे केयर गेताङला डिछ्या सुत्ताइ मुला।,यहाँ किन्डरगार्टेन तथा डे केयर कार्यक्रमको व्यवस्थासमेत छ।,There are also arrangements for kindergarten and day care programs here.,D3E,8,medium,Non-Past,Affirmative
D4S_S1_1692,क्योङ अस्पताल नोन हाडाप्तिबाला मुला।,पूरै अस्पताल नै हड्प्नु भएको छ।,The entire hospital has been taken over.,D4C,6,short,Non-Past,Affirmative
P3_D1A_S0_B1_1601,प्रविधिला भरपुर सदुपयोग लाबारि थेसे सानाम्पादा मोइजेन लाबा मुला।,प्रविधिको भरपुर सदुपयोग गर्न उनले किसानलाई आग्रह गरेका छन्।,He urged farmers to make full use of technology.,D1A,9,medium,Non-Past,Affirmative
COM_D5G_S3_1449,"सिबा सोबादोःना हिन्ना, जाम्बुलिङ सोबा।","मृत्यु बाँचुन्जेल हो, संसार बाँच्ने।","As long as death lasts, the world will live.",D5G,5,short,Non-Past,Affirmative
COM_P2_D4C_S1_B2_1067,थेला पुष्टि लाबा याङ्बा पुरातात्विक बार्बुरि ङाच्छाला सोम्छा ल्होग्यार्जाला संरचनालान प्राधान्यता मुला।,त्यसको पुष्टि गर्ने प्राप्त पुरातात्त्विक सामग्रीमा ईसापूर्व तेस्रो शताब्दीका संरचनाकै प्राधान्यता छ।,The archaeological evidence that confirms this is dominated by structures from the third century BC.,D4C,12,medium,Non-Past,Affirmative
COM_P2_D3E_S3_699,सरकारला आग्रहरि नोन युट्युबसे भिडियोकादे ब्याङ्बा लामुला।,सरकारको आग्रहमा पनि युट्युबले भिडियोहरू हटाउने गरेको छ।,YouTube has also been removing videos at the request of the government.,D3E,8,medium,Non-Past,Affirmative
COM_D4C_S1_S2_474,कुलीन वर्गला सामाजिक थेन रिमठिमकि दवदवा च्याङ्बागेन निजि।,कुलीन वर्गको सामाजिक र सांस्कृतिक दवदवाव घटेर गयो।,The social and cultural pressure of the elite class diminished.,D4C,8,medium,Past,Affirmative
P2_D1A_S0_B2_553,विभागसे स्वीकृत फर्म थेन कम्पनीदा सम्पर्करि खाबारि सुत्ताइ  बिबा मुला।,विभागले स्वीकृत फर्म र कम्पनीलाई सम्पर्कमा आउन समेत भनेको छ।,The department has also asked approved firms and companies to get in touch.,D1A,10,medium,Non-Past,Affirmative
COM_P2_D5G_S2_2494,याक्कार ल्हाम लाबान मुस्ह्युला ?,एक्लै यात्रा गर्दै हुनुहुन्छ?,Traveling alone?,D5G,4,short,Non-Past,Affirmative
D1A_S0_B3_404,चुस्पान‚ छारिब्योनजुगु फिह्युल निबा ताङछ्याम नाम्सारि जनशक्ति आडुप तामा ग्युन्हाबा चुनौतीपूर्ण ताबान खाबा मुला।,यस्तै‚ युवाहरू विदेशिने क्रमसँगै गाउँमा जनशक्ति अभाव हुँदा भेडापालन चुनौतीपूर्ण बन्दै आएको छ।,"Similarly, sheep farming has become challenging due to the shortage of manpower in the villages as young people migrate abroad.",D1A,13,medium,Non-Past,Affirmative
D4S_S2_959,डुइला ङ्यान्दि दिमन्हाङरि चिबा बान्डा नोन लुबाला मुबा।,पहिरोका कारण घरभित्र बसेकी टमाटा पनि पुरिएकी थिइन्।,"Tamata, who was living inside the house, was also buried by the landslide.",D4C,8,medium,Past,Affirmative
COM_P2_D5G_S3_8069,अथवा थेदा तोःबा दुइरि अझान ल्हाना ह्रो तिल्दा आपिन्बा ?,अथवा वहाँलाई चाहिएका बेला अझै धेरै साथ किन नदिएको?,Or why didn't you give him more support when he needed it?,D5G,9,medium,Past,Affirmative
COM_P2_D2H_S1_376,बेनानबिमा ङाच्छा नोइ पत्ता लाबारि स्क्रिनिङ लातोमुला।,सर्वप्रथम रोग पत्ता लगाउन स्क्रिनिङ गर्नुपर्छ।,"First, screening should be done to detect the disease.",D2H,6,short,Non-Past,Affirmative
COM_D3E_S3_5051,उच्चस्तरला ग्युइसेर आयोगसे ह्युलरि निजी लोप्खाङला अस्तित्व ७ दिङन्हाङरि आचिबा लासि तयार लाबा प्रतिवेदनला मस्यौदाछाप निजी लोप्खाङ स्याङ्पासे आपत्ति उन्पाङ्बाला मुला।,उच्चस्तरीय शिक्षा आयोगले देशमा निजी विद्यालयको अस्तित्व ७ वर्षभित्र नरहने गरी तयार पारेको प्रतिवेदनको मस्यौदाप्रति निजी स्कुल सञ्चालकले आपत्ति जनाएका छन्।,Private school operators have objected to the draft report prepared by the Higher Education Commission that states that private schools will cease to exist in the country within 7 years.,D3E,21,very long,Non-Past,Affirmative
COM_P2_D5G_S3_1325,थेसे ङ्हा ह्राप्पारि लोप्पा मुला।,उनले ढ्याङ्ग्रो बजाउन सिकेका छन्।,He has learned to play the shaman's drum.,D5G,5,short,Non-Past,Affirmative
COM_P3_D3E_S1_10821,अनशनरि झान्नाइ ६० लोप्खाङला कर्मचारी बोकिन्बा मुबा लोप्खाङ कर्मचारी सेङ्जाङला ग्रेनगाउराइ शान्तिनाथ योगीसे ग्रानाङ पिन्जि।,अनशनमा झन्डै ६० विद्यालयका कर्मचारी सहभागी रहेका विद्यालय कर्मचारी परिषद्का महासचिव शान्तिनाथ योगीले जानकारी दिए।,"Shantinath Yogi, general secretary of the School Employees Council, informed that around 60 school employees are participating in the hunger strike.",D3E,15,medium,Past,Affirmative
COM_D4C_S1_S2_5187,गाजाला ल्हुइथाङ ब्लोनखाङसे कोल्मेकि थुमला स्रुगरि तोकदिबा गाजाला थुमरि इजरायली हवाई आक्रमणरि च्याङ्नारिन १ ग्यार्जा ४१ प्यालेस्टाइनीला डोङ्बा ताबा ग्रानाङ्जि।,गाजाको स्वास्थ्य मन्त्रालयले मानवीय क्षेत्रको रूपमा तोकिएको गाजाको क्षेत्रमा इजरायली हवाई आक्रमणमा कम्तीमा १ सय ४१ प्यालेस्टाइनीको मृत्यु भएको जनाएको छ।,"The Gaza Health Ministry says at least 141 Palestinians have been killed in Israeli airstrikes in the Gaza Strip, which is designated a humanitarian zone.",D4C,21,very long,Non-Past,Affirmative
D1A_S0_B2_4389,"ह्राङ्ला वडारि जेन ३०० दिमथेमेदा सानाम जेः पिन्बा थेन सडक सञ्जाल, लोप्खाङ, थुङ्बाक्युइरि ह्रो लाचिबा वडाचोहोसे ग्रानाङ पिन्जि।","आफ्नो वडामा मात्रै ३०० परिवारलाई कृषि अनुदान दिएको र सडक सञ्लाल, विद्यालय, खानेपानीमा सहयोग गरिरहेको वडाध्यक्षले जानकारी दिए।","The ward chairperson informed that he has provided agricultural subsidies to 300 families in his ward alone and is providing assistance in road construction, schools, and drinking water.",D1A,18,long,Past,Affirmative
COM_P2_D5G_S4_286,थेग्याम  दाम्बा प्रतियोगिकादेसे ग्रान्ड फिनालेला लागिरि भिडब ताबारि याङ्बामुला ।,त्यहाँबाट छानिएका प्रतियोगिहरूले ग्रान्ड फिनालेका लागि भिड्न पाउनेछन्।,The contestants selected from there will compete for the grand finale.,D5G,8,medium,Non-Past,Affirmative
D1A_S0_B3_1798,"होराङ्बान लासि २०७९/८० रि सरकारसे सोमनोन तादाला क्योम अर्ब ङा, डि ७९ बुम ६७ टाङ्गा बिनियोजन लाबा मुला। ",त्यसैगरी २०७९/८० मा सरकारले तीनै तहलाई कुल पाँच अर्ब ८९ करोड ६७ लाख रूपैयाँ बिनियोजन गरेको छ।,"Similarly, in 2079/80, the government has allocated a total of five arba 89 crore 67 lakh rupees to all three tiers.",D1A,17,long,Non-Past,Affirmative
COM_P2_D5G_S2_1101,रेरेरिन न्युजरुम कुच्युक्पान ताबान निबा मुला।,दिनदिनै न्युजरुम साँघुरिँदै गैरहेको छ।,The newsroom is getting smaller day by day.,D5G,5,short,Non-Past,Affirmative
COM_D5G_S5_231,छारिब्योन पुस्ताला मनोविज्ञान डोपिन्जि।,युवा पुस्ताको मनोविज्ञान पढायो।,Taught the psychology of the younger generation.,D5G,4,short,Past,Affirmative
COM_D3E_S1_S2_4177,ह्युलरि उत्पादित जनशक्तिला लागि ह्याङ्ला रोजगारी बजार तोःतेबा मुला कि आरे ?,मुलुकमा उत्पादित जनशक्तिका लागि हाम्रो रोजगारी बजार पर्याप्त छ कि छैन?,Is our job market sufficient for the manpower produced in the country?,D3E,11,medium,Non-Past,Negative
COM_D2H_S4_2504,प्रेसरला मानरि च्यामला मान थान्बा तामा चाजा ल्हाना निबा तामुला।,प्रेसरको औषधिमा पिसाबको औषधि राखिएको हुँदा नुन बढी जाने हुन्छ।,"High blood pressure medication contains diuretics, which can cause excessive salt loss.",D2H,10,medium,Non-Past,Affirmative
COM_D5G_S3_3024,"आधुनिक सन्दर्भरि चोम्खेनसे सामाजिक, ग्यालठिमकि विकृति विसंगतिदा सुत्ताइ रेनाबा याङ्मुला।","आधुनिक सन्दर्भमा रचनाकारले सामाजिक, राजनीतिक विकृति विसंगतिलाई समेमत उठाएको पाइन्छ।","In the modern context, the author has consistently raised social and political distortions and anomalies.",D5G,10,medium,Non-Past,Affirmative
COM_D2H_S5_493,अचानक ल्हिन घट्दिजि बिबा खुसी आताबारिुहोस्।,अचानक तौल घट्यो भने खुसी नहुनुहोस्।,Don't be happy if you suddenly lose weight.,D2H,6,short,Non-Past,Affirmative
COM_D5G_S3_2748,"थेताबासे, गिक्छा थुजेछे थेनोन पात्रकादेदा थेसे ङादा चु रापकादे ब्रिबारि उक्साबलाजि।","तसर्थ, पहिलो धन्यवाद तिनै पात्रहरूलाई जसले मलाई यी कथाहरू लेख्न उक्सायो।","So, first of all, thank you to those characters who inspired me to write these stories.",D5G,11,medium,Past,Affirmative
COM_P2_D2H_S3_1034,दात्ते था ताजिम थे सिजिन्बा मुला।,अहिले थाहा भयो उनको मृत्यु भइसकेछ।,It is now known that he has died.,D2H,6,short,Non-Past,Affirmative
COM_D5G_S5_1897,"लोप्बोनकादेसे ह्रिसोल दाङ्बान कला, व्हाइरिम थेन चेमाथोरि ल्हानान ग्युइ ह्रुप्पारि खाम्ला।","विद्यार्थीहरूले पिकनिकमा मनाउँदै कला, सङ्गीत र नाटकबारे धेरै ज्ञान बटुल्न सक्छन्।","Students can gain a lot of knowledge about art, music, and drama while celebrating at a picnic.",D5G,11,medium,Non-Past,Affirmative
COM_D5G_S1_S2_1454,नेपोलियन ह्राङसे म्हान्बादोःना मस्को कब्जा लाबारि स्हाङ्बा ताजि।,नेपोलियन आफूले चिताएसरि मस्को कब्जा गर्न सफल भए।,"Napoleon succeeded in capturing Moscow, as he had hoped.",D5G,8,medium,Past,Affirmative
P3_D1A_S0_B2_3398,चु दिङ निबा दिङला जोल्वारि केजीछाप १० टाङ्गा च्याङ्ना साइरि तेमे चुङ्दोबा बागमती नगरपालिका–५ राजघाटला शंकर मैनालीसे पाङ्जि।,यस वर्ष गएको वर्षको तुलनामा प्रतिकिलो १० रूपैयाँ कम मूल्यमा तरुल बेच्नुपरेको बागमती नगरपालिका–५ राजघाटका शंकर मैनालीले बताए।,"Shankar Mainali of Rajghat, Bagmati Municipality-5, said that this year, yams have been sold at a price of Rs. 10 per kilogram lower than last year.",D1A,18,long,Past,Affirmative
COM_P2_D5G_S2_1233,दुइदाङ्बो दुइरि ग्योइकाइरि व्हाइखाला वर्चस्व मुबा।,प्राचीन युगमा साहित्यमा काव्यको वर्चस्व थियो।,"In ancient times, poetry dominated literature.",D5G,6,short,Past,Affirmative
COM_D3E_S1_S2_6340,सानाम थेन सेमजेन विज्ञान खेडोबा गेन्दुन लमजुङ क्याम्पसरि उपप्राध्यापक रामकुमार श्रेष्ठ नियुक्त ताबा मुला ।,कृषि र पशु विज्ञान अध्ययन संस्थान लमजुङ क्याम्पसमा उपप्राध्यापक रामकुमार श्रेष्ठ नियुक्त भएका छन्।,"Ram Kumar Shrestha has been appointed as an associate professor at the Institute of Agriculture and Animal Sciences, Lamjung Campus.",D3E,14,medium,Non-Past,Affirmative
COM_P2_D4C_S1_B3_106,सर्पयज्ञ काबा ताबा मुबा।,सर्पयज्ञ स्थगन भएको थियो।,The snake sacrifice was postponed.,D4C,4,short,Past,Affirmative
P3_D1A_S0_B3_850,बजार आडुपरि क्विन्टल न्हिबिमा दान्ना भिण्डी दिमरिन न्हाइसि ब्याङ्तोबा बाध्य ताबा थेला ब्रेस्सो लाजि।,बजार अभावमा दुई क्विन्टलभन्दा बढी भिण्डी घरमै कुहाएर फाल्न बाध्य भएको उनले गुनासो गरिन्।,She complained that she was forced to throw away more than two quintals of okra at home due to lack of market.,D1A,14,medium,Non-Past,Affirmative
COM_D5G_S3_1192,ङा चुफिरि ग्लेग्याम कोङ्बा कदमकिन्बा ङ्यान्बारि म्हान्मुला।,म यसबारे राजाद्वारा ठोस कदम लिइएको सुन्न चाहन्छु।,I would like to hear concrete steps taken by the King on this matter.,D5G,8,medium,Non-Past,Affirmative
D1A_S0_B2_2313,तासाइनो मनसुन वाङ्बा थेन थोन्बा दुइ तिलाइ रे तोरमार ताबा लामुला।,यद्यपि मनसुन भित्रिने र बाहिरिने अवधि केही दिन तलमाथि हुने गरेको छ।,"However, the onset and withdrawal periods of the monsoon tend to fluctuate by a few days.",D1A,12,medium,Non-Past,Affirmative
D4S_S2_1306,थिबा दिम फुप्पा आरे बिबा जेक्खे हिन्ना।,चर्किएका घर भत्किएका छैनन् भन्ने मात्रै हो।,It's just that the cracked houses haven't collapsed.,D4C,7,short,Non-Past,Affirmative
COM_P2_D4C_S1_B4_1978,टावर स्हेङ्बालिच्छा दात्ते पुनहिलरि रेदाङ्से ग्यार्जाछा ह्युलकोर्पा दोबा लाबा मुला।,टावर निर्माणपछि अहिले पुनहिलमा दैनिक सयौं पर्यटक पुग्ने गरेका छन्।,"After the construction of the tower, hundreds of tourists now visit Punhill daily.",D4C,10,medium,Non-Past,Affirmative
D4S_S1_4889,यार्सा थुबारि मुगुला ल्होलो पाटनरि निबा सङ्कलककादेला कोङह्रावाला लागिरि दुर्घटना बीमा लाबा मुला।,यार्सा टिप्न मुगुका विभिन्न पाटनमा जाने सङ्कलकहरूको सुरक्षाका लागि दुर्घटना बीमा गरिएको छ।,Accident insurance has been provided for the safety of collectors who go to various fields in Mugu to pick caterpillar fungus.,D4C,13,medium,Non-Past,Affirmative
P3_D1A_S0_B1_879,थेराङ्बान छिङगाइ चाबारि ताबाजापानी हलुवावेद नोन बजाररि छ्योतेबा जेरि मुला।,त्यस्तै काँचै खान मिल्ने जापानी हलुवावेद पनि बजारमा पर्याप्त मात्रामा छ।,"Similarly, Japanese Haluwabeda, which can be eaten raw, is also available in sufficient quantities in the market.",D1A,11,medium,Non-Past,Affirmative
COM_P2_D4C_S1_B1_3284,साङ्गुल थेन कोरोना ह्यामसे लामा ह्युलकोर्पा आखामा ह्राङ बेरोजगारला नाछालरि दोबा कृष्णला अनुभव मुला।,भूकम्प र कोरोना महामारीले गर्दा पर्यटक नआउँदा आफू बेरोजगारको अवस्थामा पुगेको कृष्णको अनुभव छ।,Krishna has experienced being unemployed due to the lack of tourists due to the earthquake and the Corona pandemic.,D4C,14,medium,Non-Past,Affirmative
COM_P2_D2H_S5_4164,खेडोपला आन्सार जम्बुलिङला ६५ कारग्या जनसाङ्ज्यारि ल्याक्टोजला काक्ता मुला,अध्ययनका अनुसार विश्वको ६५ प्रतिशत जनसङ्ख्यामा ल्याक्टोजको समस्या छ।,"According to studies, 65 percent of the world's population has lactose intolerance.",D2H,9,medium,Non-Past,Affirmative
COM_D2H_S3_1573,योजनाबद्ध तोसोसे ड्वाफ्रे ६ रि अन्तरिम आदेशला सुनुवाइ स्थगित लाबारि स्ह्युसेन पिन्जि।,योजनावद्ध तरिकाले ६ जेठमा अन्तरिम आदेशको सुनुवाई स्थगित गर्न निवेदन हाल्यो।,A petition was filed to postpone the hearing of the interim order on 6th Jestha in a planned manner.,D2H,11,medium,Past,Affirmative
P4_D1A_S1_B1_3380,भोजपुरला तोच्चा बोरि सानाम्पाला खेबिला स्रोतला स्रुगरि मुबा चौँरीन्हाबा छोङनाम गाकाङालरि ताबारि तिःबा मुला।,भोजपुरको माथिल्लो भेगका किसानको आम्दानीको स्रोतका रूपमा रहेको चौँरीपालन व्यवसाय संकटमा पर्न थालेको छ।,"The goat farming business, which has been a source of income for farmers in the upper reaches of Bhojpur, is facing a crisis.",D1A,14,medium,Non-Past,Affirmative
COM_P2_D3E_S1_2719,खाबा ३ दिङन्हाङरि मोक्कोन लोप्खाङरि च्याङ्नारि लोप्बोन उपलब्ध ताबा सुनिश्चित लाबा।,आगामी ३ वर्षभित्र सबै विद्यालयमा न्यूनतम् शिक्षक उपलब्ध भएको सुनिश्चित गर्ने।,Ensure that a minimum number of teachers are available in all schools within the next 3 years.,D3E,11,medium,Non-Past,Affirmative
COM_D2H_S1_S2_3672,चु तोसोग्याम च्यालाङ्पा नाबा गिक्छारेम लो अफ्रिकारि ङोसेबा लाबा मुबा।,यस प्रकारबाट सङ्क्रमित बिरामी पहिलोपटक दक्षिण अफ्रिकामा पहिचान गरिएको थियो।,A patient infected with this strain was first identified in South Africa.,D2H,10,medium,Past,Affirmative
D1A_S0_B1_1858,दारेमला ङा दिङरि डिछाला भित्र्याइतिःबा सानाम्पासे दोखाङ थान्बा मुला।,अबका पाँच वर्षमा करोडौँको सुन्तला भित्र्याउने किसानले लक्ष्य राखेका छन्।,Farmers have set a goal of importing oranges worth crores in the next five years.,D1A,10,medium,Non-Past,Affirmative
P4_D1A_S1_B1_2907,नाम्दुङे सुन थेन माकाइ जाङ्बालिच्छा ल्हुङ थुमरि सुबा तासेदा मुला।,चैते धान र मकै भित्र्याएपछि बेँसी क्षेत्रमा रोपाइँ हुने छ।,"After the arrival of rice and corn in Chaite, planting will begin in the valley area.",D1A,10,medium,Non-Past,Affirmative
COM_P2_D4C_S1_B1_578,प्रिबारि योना दोखाङरि दोबारि न्हाङ्पा हवाई साप्तोसे ग्रेन भूमिका क्लाङ्बाला मुला।,चाडपर्वमा छिटो गन्तव्यमा पुग्न आन्तरिक हवाई सेवाले ठूलो भूमिका खेलेको छ।,Domestic air services have played a major role in reaching destinations quickly during the festive season.,D4C,11,medium,Non-Past,Affirmative
COM_D5G_S4_3506,"थेला गिक्छा हिट व्हाइ मुबा, ङाला दुनियाँ ल्होलो मुला।","उनको पहिलो हिट गीत थियो, मेरो दुनियाँ बेग्लै छ।","His first hit song was ""My world is different"".",D5G,9,medium,Non-Past,Affirmative
COM_D3E_S5_3155,तिलाइ रेङाच्छा जोक्पा ईआईसीएमए-२०१८ मोटरसाइकल शोरि चु मोटरसाइकल प्रदर्शन लाबा मुबा।,केही दिनपहिले सम्पन्न ईआईसीएमए–२०१८ मोटरसाइकल शोमा यो मोटरसाइकल प्रदर्शन गरिएको थियो।,This motorcycle was showcased at the EICMA-2018 motorcycle show held a few days ago.,D3E,11,medium,Past,Affirmative
P3_D1A_S0_B2_2491,"कार्यान्वयन इकाइसे मोजेला पुवा ग्लुबा, सार, दुक्स्या, सानाम उपकरणजुगु ५० कार्ग्या जेःरि ह्रोछ्या लाबान खाबा मुला। ","कार्यान्वयन इकाइले केराको बेर्ना खरिद, मलखाद, विषादी, कृषि उपकरणहरू ५० प्रतिशत अनुदानमा सहयोग गर्दै आएको छ।","The implementation unit has been providing assistance with 50 percent subsidy for the purchase of banana seedlings, fertilizers, pesticides, and agricultural equipment.",D1A,16,long,Non-Past,Affirmative
COM_P2_D2H_S1_8634,चाबादा सन्तुलित लाबारि खाम्जि थेन निम स्रुगरि व्यायाम लाबारि खाम्बा खण्डरि ल्हानान तोसोला नोइकादेग्याम मुक्ति याङ्बारि खाम्ला।,खानालाई सन्तुलित गर्न सकियो र नियमित रूपमा व्यायाम गर्न सकिएको खण्डमा धेरै किसिमका रोगहरूबाट मुक्ति पाउन सकिन्छ।,"If you can balance your diet and exercise regularly, you can avoid many types of diseases.",D2H,17,long,Non-Past,Affirmative
COM_D4C_S1_S2_2028,ह्युलकोरकि थुम ठाकुरद्वाररि खाबा ह्युलकोर्पादा सुत्ताइ गुलरियारि ह्युलकोर्पा आकर्षण लाबा प्याकेजछ्याम ङानि ङाच्छा दाङ्बा हिन्ना।,पर्यटकीय क्षेत्र ठाकुरद्वारामा आउने पर्यटकलाई समेत गुुलरियामा पर्यटक आकर्षण गर्ने प्याकेजसहित हामी अघि बढेका हौँ।,"We have come forward with a package to attract tourists to Gularia, including those coming to the tourist area of ​​Thakurdwara.",D4C,15,medium,Non-Past,Affirmative
COM_D2H_S4_2155,थेनिकादेला एन तिनि शल्यक्रिया लाबा योजना मुबा गुरुङसे पाङ्जि।,उनीहरूको पनि आज शल्यक्रिया गर्ने योजना रहेको गुरुङले बताए।,Gurung said they also plan to have their surgery today.,D2H,9,medium,Past,Affirmative
D4S_S2_3784,स्यानव्हाना बकैया गापासे रौतहटला पानीढलोबिमा दिला खिम्सादा मद्देनजर लासि पक्की सडक स्होबा मुला।,अर्कोतिर बकैया गापाले रौतहटको पानीढलोभन्दा तलको बस्तीलाई मद्देनजर गरेर पक्की सडक बनाएको छ।,"On the other hand, Bakaiya Gapa has built a paved road keeping in mind the settlement below the water dam in Rautahat.",D4C,13,medium,Non-Past,Affirmative
D4S_S2_7776,चु निरीह जमदारला मानसला दयनीय दशा थेन थेला छार औतार म्राङ्मा ङाला सेमरि खानाङखानाङ जाकि ह्रेपा खाजि।,यी निरीह जमदारका मानसको दयनीय दशा र निजको नवीन औतार देख्दा मेरो चित्तमा कताकता झिनो आशा पलायो।,"Seeing the pitiful state of mind of these innocent warriors and their new incarnation, a glimmer of hope rose in my heart.",D4C,17,long,Past,Affirmative
COM_P2_D5G_S1_6243,"ब्रिमा वा गोःमा कलाकारसे दुइबोध, केवा थेन चुला अनुभूतिदा मनन लाबारि थेन ज्याङ्बारि खाम्तोला।","लेख्दा वा गाउदा कलाकारले समयवोध, जीवन र यसका अनुभूतिलाई मनन गर्न र उतार्न सक्नुपर्छ।","When writing or singing, an artist must be able to reflect on and express their sense of time, life, and its experiences.",D5G,14,medium,Non-Past,Affirmative
P3_D1A_S0_B2_3033,"ग्युरू सारि, सडकला छेउछाउ, होल्गारि राङ्बा थान सारि छे सुबारि खाम्बा बिबान लिच्छाला दुइ सानाम्पाजुगु चु व्हाना  आकर्षण ताबा थेसे पाङ्जि। ","भिरालो जमिन, सडकको छेउछाउ, खोलसोल्सी लगायत खाली जमिनमा घाँस लगाउन सकिने भन्दै पछिल्लो समय किसानहरू यसप्रति आकर्षित भएको उनले बताए।","He said that farmers have recently been attracted to it, saying that grass can be planted on vacant land, including sloping land, roadsides, and open fields.",D1A,20,long,Past,Affirmative
COM_D3E_S1_S2_6405,थेन्ना ग्लारि ग्युइ निकुन्ज लोप्खाङला राजु चौधरी थेन जनचेतना आधुनिक लोप्खाङला विनारानी दाहालदा निरीक्षक थान्बा मुला।,उनीहरूको ठाउँमा ज्ञान निकुन्ज स्कुलका राजु चौधरी र जनचेतना आधारभूत विद्यालयका विनारानी दाहाललाई निरीक्षक राखिएको छ।,Raju Chaudhary of Gyan Nikunj School and Binarani Dahal of Janachetana Basic School have been appointed as inspectors in their place.,D3E,16,long,Non-Past,Affirmative
COM_D5G_S5_801,थेला थे दाबी दान्दे सार्थक ताबा मुला।,उनको सो दाबी अहिले सार्थक भएको छ।,His claim has now come true.,D5G,7,short,Non-Past,Affirmative
D4S_S2_3309,चुङाच्छा २०७८ दिङला म्हेनिङला छेपाकुःरि भगवतीरि सिका बुम सोमरि सरकारी मारला ल्हेःबाल्हेःबा मुबा।,यसअघि २०७८ सालको दसैँको नवमीमा भगवतीमा रु.तीन लाखमा सरकारी मारको बढिबढाउ भएको थियो।,"Earlier, on the ninth day of Dashain in 2078 BS, the government's annual salary was increased by Rs. three lakh in Bhagwati.",D4C,13,medium,Past,Affirmative
COM_D5G_S3_4068,थेदुइ संरा आमेरिकी साम्राज्यवादसे तिलोसोमकि सैन्य गठबन्धन लाबा मुबा।,त्यतिबेला संरा अमेरिकी साम्राज्यवादले त्रिपक्षीय सैन्य गठबन्धन गरेको थियो।,"At that time, US imperialism had formed a tripartite military alliance.",D5G,9,medium,Past,Affirmative
COM_P2_D2H_S2_1339,छेप्पायाम जिन्छाइनोन् डेङ्गीला प्रकोप च्याङ्ना तादोबा हिन्ना,गर्मीयाम सकिएसँगै डेङ्गीको प्रकोप कम हुनुपर्ने हो।,The outbreak of dengue should decrease with the end of the summer season.,D2H,7,short,Non-Past,Affirmative
COM_P2_D5G_S1_6650,क्युइ ताइबान लामा थेनिकादे क्रुबा ग्ला म्हाइबान जाक्गि फिला टारव्हाना ह्यार्बा ह्यार्बा ताजि।,पानी दर्किरहेकै बेला उनीहरू ओत खोज्दै अलि माथिको टारतिर भागाभाग भए।,"As the water continued to rise, they ran to the tarmac a little higher up, looking for shelter.",D5G,11,medium,Past,Affirmative
D1A_S0_B2_1628,चु ह्युलरि २/३ दिङ हेन्से एकदमै  प्राङ्बो छाबा ह्राङ्बा म्हान्बान मुला।,यो देशमा २/३ सालदेखि एकदमै गरिबी छाएको जस्तो लागिरहेको छ।,It seems like this country has been plagued by extreme poverty for the past 2/3 years.,D1A,10,medium,Non-Past,Affirmative
COM_D2H_S1_S2_6101,खोपोङ अस्पतालला मेडिकल सुपरिटेनडेनट डा. सुमित्रा गौतमसे खोपोङ अस्पताल ङिरेम प्रदेशलान उत्कृष्ट अस्पताल दोबारि क्योङ छोक्पाला दाक्पा मूल्याङ्कन ताबा पाङ्जि।,भक्तपुर अस्पतालका मेडिकल सुपरिटेन्डेन्ट डा सुमित्रा गौतमले भक्तपुर अस्पताल दोस्रो पटक प्रदेशकै उत्कृष्ट अस्पताल बन्नुमा सिङ्गो टिम को सही मूल्याङ्कन भएको बताए।,"Dr. Sumitra Gautam, Medical Superintendent of Bhaktapur Hospital, said that the entire team was rightly evaluated for Bhaktapur Hospital becoming the best hospital in the province for the second time.",D2H,22,very long,Past,Affirmative
COM_P2_D5G_S2_2971,थेराङ्बान वकिल दोःबा मुबा।,त्यस्तै वकिल बन्नु थियो।,That's how it was to become a lawyer.,D5G,4,short,Past,Affirmative
D1A_S0_B2_914,स्थानीयवासीसे बिसाम जनगोछापला उदासिनताला ङ्यान्दि बजारग्ला स्याङ्बारि खाबारि आखाम्बा आरोप लागाबलाबा मुला।,स्थानीयवासीले भने जनप्रतिनिधिको उदासिनताका कारण बजारस्थल सञ्चालनमा आउन नसकेको आरोप लगाएका छन्।,"Locals, however, have accused the market place of not being operational due to the apathy of the people's representatives.",D1A,12,medium,Non-Past,Affirmative
COM_D5G_S1_S2_4725,हिन्बामि चु नुररि बिसाम लिच्छाला २४ दिङहेन्से सुनुवाइ जारी मुबा।,यद्यपि यस विषयमा भने पछिल्लो २४ वर्षदेखि सुनुवाइ जारी थियो।,"However, the hearing on this matter has been ongoing for the last 24 years.",D5G,10,medium,Past,Affirmative
COM_P2_D3E_S1_2071,चुसे लोप्खेनदा आयआर्जन थुइबारि ह्रोछया दोला।,यसले विद्यार्थीलाई आयआर्जन जोड्न सहयोग पुग्छ।,This helps students increase their income.,D3E,6,short,Non-Past,Affirmative
COM_P2_D3E_S2_4826,चु:बारि याक्खार्गि छात्रादा चु काक्ता म्राङ्बाइछ्याम स्यान छात्रारि नोन म्राङ्बा थेसे पाङ्जि।,सुरुमा एक छात्रालाई यो समस्या देखिएलगत्तै अरू छात्रामा पनि देखिएको उनले बताए।,"He said that initially, this problem was noticed in one student, and then it was noticed in other students as well.",D3E,12,medium,Past,Affirmative
COM_D2H_S5_2276,थेदुइरि ह्युलम्हि केयर सेन्टरला मिनरि ह्रो बार्बुस्हे ह्रुप्पा मुबा।,त्यसबेला नागरिक केयर सेन्टरका नाममा सहयोग सामग्री सङ्कलन गरिएको थियो।,"At that time, relief materials were collected in the name of the Citizen Care Center.",D2H,10,medium,Past,Affirmative
COM_D2H_S3_4120,दापला रियाक्सन तासाम तुरुन्त क्योन्बा लाबारि सजिलो तागाइ बिसि घन्टा गाङ्साल खोप केन्द्ररि चितोमुला।,खोपको रियाक्सन भएमा तुरुन्त उपचार गर्न सजिलो होस् भनेर आधा घण्टा खोप केन्द्रमा बस्नुपर्छ।,You must stay at the vaccination center for half an hour to facilitate immediate treatment in case of a reaction to the vaccine.,D2H,14,medium,Non-Past,Affirmative
D4S_S1_4828,लिच्छाला रेरि एसिड प्रहारला ल्हाना घटना दिमकि थेन ह्राङह्राङ मनमुटावला ङ्यान्दि ताबा लाबा थेसे पाङ्स्ह्युजि।,पछिल्ला दिनमा एसिड प्रहारका धेरै घटना घरायसी र आपसी मनमुटावका कारण हुने गरेको उहाँले बताउनुभयो।,"He said that in recent days, many acid attack incidents have been caused by domestic and interpersonal conflicts.",D4C,15,medium,Past,Affirmative
COM_D3E_S5_4088,थाइल्याण्डला म्हिसे रेरि घन्टा ङा रेदाङ्सेला छादसे मोबाइल क्योल्बा लाबा याङ्बा मुला।,थाइल्याण्डका मानिसले दिनमा पाँच घण्टा प्रतिदिनका दरले मोबाइल प्रयोग गर्ने गरेको पाइएको छ।,It has been found that people in Thailand use their mobile phones at a rate of five hours a day.,D3E,13,medium,Non-Past,Affirmative
COM_P2_D5G_S2_3207,थेला चु छ्योइरि नोन थेराङ्बान म्राङ्मुला।,उनको यो पुस्तकमा पनि त्यस्तै देखिन्छ।,The same is seen in his book.,D5G,6,short,Non-Past,Affirmative
COM_P2_D3E_S1_732,थेआर्थरि नोन चु परीक्षा डिछ्या पोनोनतोला।,त्यसअर्थमा पनि यो परीक्षा प्रणाली बदल्नैपर्छ।,"In that sense, this examination system must also be changed.",D3E,6,short,Non-Past,Affirmative
COM_P2_D2H_S5_1852,अप्रेसनलिच्छा थेदा ला सोमदोःना मान पिन्जि।,अप्रेसनपछि उनलाई तीन महिनासम्म औषधि दिइयो।,"After the operation, he was given medication for three months.",D2H,6,short,Past,Affirmative
D4S_S3_4229,अभियानकादेसे ज्ञापनपत्र पिन्बालिच्छा वीर अस्पतालला ग्रेन्पो सेञ्चुरीछ्याम टुँडिखेल थेन खुलामञ्चला मिक्साल सुत्ताइ लाबा मुबा।,अभियानताहरूले ज्ञापनपत्र बुझाइसकेपछि वीर अस्पतालका प्रमुख सेञ्चुरीसहित टुँडिखेल र खुलामञ्चको अवलोकन समेत गरेका थिए।,"After submitting the memorandum, the campaigners also visited Tundikhel and the open stage, along with the Chief of Bir Hospital, Senguri.",D4C,14,medium,Past,Affirmative
D1A_S0_B1_4836,रामपुररि मोकोनबिमान ल्हाना ब्लु तेमे उत्पादन लाबा सानाम्पा गौतमसे दिङदाङ्से २५० बोरा तेमे उत्पादन लामुला।,रामपुरमा सबैभन्दा धेरै बीउ आलु उत्पादन गर्ने कृषक गौतमले वर्षेनि २५० बोरा बीउ आलु उत्पादन गर्छन्।,"Farmer Gautam, who produces the largest number of seed potatoes in Rampur, produces 250 sacks of seed potatoes annually.",D1A,16,long,Non-Past,Affirmative
D4S_S2_6985,५०-६० म्हेन्दोसे स्होबाला कुलोरि गिमराम्मान साप्रा  प्लिङसि  डुइ खिमव्हाना सोझैदिबा डर ताबा आरुघाट गाउँपालिका १ ला वडाचोहो घलेसे सुङ्जि।,५०-६० जनाले बनाएको कुलोमा एकैछिनमा माटो भरिएर पहिरो बस्तीतर्फ सोझिने डर भएको आरुघाट गाउँपालिका १ का वडाध्यक्ष घलेले बताउनुभयो।,"Ghale, Ward Chairman of Arughat Rural Municipality 1, said that there is a fear that the canal built by 50-60 people will suddenly fill with mud and cause a landslide towards the settlement.",D4C,19,long,Past,Affirmative
P2_D1A_S0_B1_345,पोवा सुबा ला च्युइ लिच्छा ज्याबा उत्पादन पिन्बा लामुला।,बिरुवा रोपेको दश महिनापछि राम्रो उत्पादन दिने गर्दछ।,The plant produces good yields ten months after planting.,D1A,8,medium,Non-Past,Affirmative
D4S_S3_5113,ईपीएम नुररि स्नाकोत्तर पास लाबा खातिदा फिह्युलकि रोजगारीला मोहसे खाइमाइ नोन आथुर्बा पाङ्स्ह्युजि।,ईपीएम विषयमा स्नाकोत्तर पास गरेका खातीलार्ई वैदेशिक रोजगारीको मोहले कहिल्यै पनि नछोएको बताउनुभयो।,"He said that the industry, which has a master's degree in EPM, has never been touched by the lure of foreign employment.",D4C,13,medium,Past,Affirmative
P4_D1A_S1_B1_1440,दात्ते च्यालाङ्पा म्राङ्बा सेमचेन नोन सिबा ताङ झान ल्हेःबा म्राङ्मुला।,अहिले सङ्क्रमित देखिएका पशु पनि मर्ने क्रम झन बढ्ने देखिन्छ।,It appears that the number of animals that are now infected is also increasing.,D1A,10,medium,Non-Past,Affirmative
COM_P3_D3E_S1_693,थे लोप्खाङ अफ इन्जिनियरिङला प्राध्यापक हिन्ना।,उनी स्कुल अफ इन्जिनियरिङका प्राध्यापक हुन्।,He is a professor in the School of Engineering.,D3E,6,short,Non-Past,Affirmative
COM_P2_D5G_S1_8757,"थे कप खाल्से स्हेङ्जि, खाराङलासि चुदोःनादोखाजि, खालाङ-खालाङ चुला टोकोल छ्योङ्जि, तिल्दा छ्योङ्जि बिसि म्हाइला ताला।","त्यो कप कसले बनायो, कसरी यहाँसम्म आइपुग्यो, कहाँ-कहाँ यसको टुक्रा चोइटियो, किन चोइटियो भनेर खोज्छु होला।","I'll probably find out who made that cup, how it got here, where its pieces were broken, and why they were broken.",D5G,16,long,Non-Past,Affirmative
D1A_S0_B2_1148,ज्याबा खेबि किन्सि चिबा अलैँची लिच्छाला दुइ दोःसि सिबारि तिःबालिच्छा सानाम्पा लोतुरि म्राङ्बा मुला।,राम्रो आम्दानी लिइरहेको अलैँची पछिल्लो समय फेरि मर्न थालेपछि किसान चिन्तित देखिएका छन्।,"Farmers are worried as cardamom, which used to bring in good income, has recently started to die again.",D1A,13,medium,Non-Past,Affirmative
D1A_S0_B1_2710,चु दिङ मोजेसास्हिङरि नोइला प्रकोप म्राङ्बासे सानाम्पा काक्तारि ताबा सान्ग्युराला स्यान सानाम्पा भूमिराज घिमिरेसे पाङ्जि।,यस वर्ष केराखेतीमा रोगको प्रकोप देखिएकाले कृषक समस्यामा परेको खबराका अर्का कृषक भूमिराज घिमिरेले बताए।,"Another farmer from Khabar, Bhumiraj Ghimire, said that farmers are facing problems due to the outbreak of diseases in the banana crop this year.",D1A,15,medium,Past,Affirmative
D4S_S2_7510,सुङरे सङ्गठनसे याम्बुला रत्नपार्करि सानाम्पादा दुइरिन रासायनिक सार पिन्बारि ह्रिबान लिब्रो प्रदर्शन लाबा हिन्ना।,शुक्रवार सङ्गठनले काठमाडौँको रत्नपार्कमा किसानलाई समयमा नै रासायनिक मल दिन माग गर्दै बिरोध प्रदर्शन गरेको हो।,"On Friday, the organization held a protest at Ratna Park in Kathmandu, demanding timely provision of chemical fertilizers to farmers.",D4C,16,long,Non-Past,Affirmative
COM_P2_D5G_S3_861,थेनिकादे नोन ताङ्बा मुद्रारि म्राङ्बा मुला।,उनीहरू पनि हर्षित मुद्रामा देखिएका छन्।,They are also seen in a happy mood.,D5G,6,short,Non-Past,Affirmative
COM_P2_D5G_S1_5021,चु नोन ग्यागारह्युलला पुँजीपति वर्ग थेन ग्रेन जमिनदारकादेला विस्तारवादला देन्बा म्हाइबा मुबा।,यो नै भारतका पुँजीपति वर्ग र ठूल्ठूला जमिनदारहरूको विस्तारवादको साँचो खोज थियो।,This was the true expansionist pursuit of India's bourgeoisie and big landowners.,D5G,12,medium,Past,Affirmative
COM_D5G_S4_2165,भजन शिरोमणिला उपाधिग्याम सुत्ताइ प्रसिद्ध आचार्यला नेपाली सुगम व्हाइरिमरि विशिष्ट ग्ला मुला।,भजन शिरोमणिको उपाधिबाट समेत प्रसिद्ध आचार्यको नेपाली सुगम सङ्गीतमा विशिष्ट स्थान छ।,"Acharya, who is also known by the title of Bhajan Shiromani, holds a special place in Nepali popular music.",D5G,12,medium,Non-Past,Affirmative
D4S_S1_6536,ह्युल्साङ जनसरोकार मन्च नेपालसे गेताङरि भाषण थेन अन्तरक्रिया लापुङ्बा मुला।,राष्ट्रिय जनसरोकार मन्च नेपालले कार्यक्रममा भाषण र अन्तरक्रिया गराएको छ।,The National Public Concern Forum Nepal has organized speeches and interactions at the program.,D4C,10,medium,Non-Past,Affirmative
COM_D4C_S1_S2_979,राङसे क्योलोलो स्याप्पा म्हिकादे ओसेम राङसे ल्हाम लाबा विवरण ब्रिसि अधिकारीकादेदा बुझाइति तोला।,तपाईँले हालसालै भेटेका व्यक्तिहरू तथा आफूले यात्रा गरेको विवरण लेखेर अधिकारीहरूलाई बुझाउनु पर्छ।,You should write down the details of people you have recently met and your travels and submit them to the authorities.,D4C,13,medium,Non-Past,Affirmative
COM_P2_D4C_S1_B3_1848,चु नुररि छानबिन लाबाला लागिरि ह्रोमि न्हिला कमिटीसुत्ताइ गठन लाबा मुला।,यो विषयमा छानबिन गर्नका लागि दुई सदस्यीय कमिटीसमेत गठन गरिएको छ।,A two-member committee has also been formed to investigate this matter.,D4C,11,medium,Non-Past,Affirmative
COM_P3_D3E_S2_1387,तिलाइ दुइ मन्टेश्वरीला ह्रोकादेतेन थाबा अनुप दङ्ग म्राङ्मुबा।,केही समय मन्टेश्वरीका साथीहरूसँग बिताएका अनुप दङ्ग देखिन्थे।,"Anup, who had spent some time with Montessori's friends, seemed distraught.",D3E,8,medium,Past,Affirmative
COM_P2_D2H_S3_4545,कारागारला म्हेन्दो ६० बिमा दान्ना कैदीबन्दीरि छावा थेन म्हेन्दो २० रि रूइबाछिर्बाला काक्ता म्राङ्बा मुला।,कारागारका ६० जनाभन्दा बढी कैदीबन्दीमा ज्वरो र २० जनामा झाडापखालाको समस्या देखिएको छ।,More than 60 prisoners in the prison have fever and 20 have diarrhea.,D2H,13,medium,Non-Past,Affirmative
D4S_S3_1607,काष्ठमण्डपला पुनर्निमार्ण गे थुम्बा छ्यारि दोबा मुला।,काष्ठमण्डपको पुनर्निमार्ण कार्य अन्तिम चरणमा पुगेको छ।,The reconstruction work of Kasthamandap has reached its final stage.,D4C,7,short,Non-Past,Affirmative
P3_D1A_S0_B1_57,"टुङरा म्राङरिन नाइबा, खार्बा ताबालिच्छा  तात्पारि वाङ्बा मुला। ","अदुवा बारीमै कुहिने, सुक्ने भएपछि निकाल्न थालिएको छ।",Ginger is being removed after it rots and dries up in the field.,D1A,8,medium,Non-Past,Affirmative
COM_D3E_S1_S2_1759,ग्याल्साङ परीक्षा बोर्डसे डा १२ ला लोप्खेनजुगुला विवरण ह्रुप्सेला ताबा मुला।,राष्ट्रिय परीक्षा बोर्डले कक्षा १२ का विद्यार्थीहरूको विवरण सङ्कलन गर्ने भएको छ।,The National Examination Board is going to collect the details of grade 12 students.,D3E,12,medium,Non-Past,Affirmative
P4_D1A_S1_B2_2625,चु बेनान तिलोदा दृष्टिगत लासि खु थेन सोवाङ ओसेम उपभोग सम्बन्धी नीति बाबारि तोःबा मुला।,यी सबै पक्षलाई दृष्टिगत गर्दै तरकारी र उत्पादन तथा उपभोग सम्वन्धी नीति ल्याउन आवश्यक छ।,"It is necessary to bring in a policy related to vegetables, production, and consumption, taking all these aspects into consideration.",D1A,15,medium,Non-Past,Affirmative
COM_D4C_S1_S2_6445,"थेतासि, दोन था आताबा बिमाइराङ स्यान्दो छिकसे प्रत्यारोपण लाबा थेन राङताङ्बा प्रयोग लाबा रिमठिम थेन दोङरापला अवशेषदा नुप्नालाबा नोन हिन्ना।","त्यसैले, अर्थ थाहा नभएको भन्दैमा अन्य शब्दले प्रत्यारोपण गर्नु वा आफूखुशी प्रयोग गर्नु संस्कृति र इतिहासको अवशेषलाई मास्नु पनि हो।","Therefore, transplanting other words or using them arbitrarily just because you don't know the meaning is also destroying the remnants of culture and history.",D4C,20,long,Non-Past,Affirmative
D1A_S0_B1_4847,"इजा दिङ तोङ्जा ब्लि कफीला पोवा सुबा तयारी मुला, छिप्तीला मोकोन दिमरि कफी उत्पादन लाबा  दोन्तासे चुदिङ २५ तोङ्जाबिमा ल्हाना कफीला पोवासुत्ताइ उत्पादन लाबा मुला।","यस वर्ष चार हजार कफीका बिरुवा रोप्ने तयारी छ, छिप्तीका सबै घरमा कफी उत्पादन गर्ने उद्देश्यले यसवर्ष २५ हजारभन्दा बढी कफीको बिरुवासमेत उत्पादन गरिएको छ।","This year, there is a plan to plant four thousand coffee saplings, and with the aim of producing coffee in every house in Chipti, more than 25 thousand coffee saplings have also been produced this year.",D1A,25,very long,Non-Past,Affirmative
COM_P2_D4C_S1_B1_2315,"पञ्चमीला ङ्यासे खीर, म्लाला गेङ थेन लाबु छठीमाईदा फुल्मुला, थेदा नेओज काढेके बिमुला।","पञ्चमीको साँझ खीर, चामलको रोटी र मुला छठीमाईलाई चढाइन्छ, जसलाई नेओज काढेके भनिन्छ।","On the evening of Panchami, kheer, rice roti, and radish are offered to Chhathimai, which is called Neoj Kaadeke.",D4C,13,medium,Non-Past,Affirmative
COM_P2_D2H_S1_2472,ग्याष्ट्रिकला काक्ताग्याम मुक्त ताबारि खाम्ला।,ग्याष्ट्रिकको समस्याबाट मुक्त हुन सकिन्छ।,You can get rid of gastric problems.,D2H,5,short,Non-Past,Affirmative
COM_D2H_S3_3652,ब्लुम्बारि ताबा ल्हुइथाङ घेन्दुनला कम्पाउन्डरि पाङ्दिसे बासस्थान लाबारि खाम्ला।,डुबानमा परेका स्वास्थ्य संस्थाको कम्पाउन्डमा लामखुट्टेले बासस्थान गराउन सक्छ।,Mosquitoes can take up residence in flooded health facility compounds.,D2H,9,medium,Non-Past,Affirmative
COM_P2_D5G_S4_223,मोकोनसे चेगाइ लासि चु कार ग्लुसिपिन्बा ताबा हिन्ना।,सबैले माया गरेर यो कार किनिदिनु भएको हो।,Everyone bought this car out of love.,D5G,8,medium,Non-Past,Affirmative
D4S_S3_7884,धनगढीदा लैङ्गिकमैत्री उपमहानगरपालिका स्होबा अभिमुखीकरण गेताङ जोक्पाला मुला।,धनगढीलाई लैङ्गिकमैत्री उपमहानगरपालिका बनाउने अभिमुखीकरण कार्यक्रम सम्पन्न भएको छ।,An orientation program to make Dhangadhi a gender-friendly sub-metropolitan city has been completed.,D4C,9,medium,Non-Past,Affirmative
COM_D3E_S5_2029,एप्पलला ग्रूप फेसटाइम आईओएस १२.१ अपरेटिङ सिस्टमला मोकोनबिमा महत्वपूर्ण फिचरला स्रुगरि मुला।,एप्पलको ग्रूप फेसटाइम आइओएस १२.१ अपरेटिङ सिस्टमको सबैभन्दा महत्वपूर्ण फिचरको रूपमा रहेको छ।,Apple's Group FaceTime is one of the most important features of the iOS 12.1 operating system.,D3E,13,medium,Non-Past,Affirmative
P2_D1A_S0_B2_2052,"प्लान्ट क्वारेन्टाइन ओसेम दुक्स्या डिग्यान उइसे दाङग्याम वाङ्बा लाबा तिरिला पोप प्युठान ताबान रोल्पा, रुकुमराङ्बा नुप–ज्याङव्हाना ङ्हाच्छा निबा उन्पाङ्बा मुला।","प्लान्ट क्वारेन्टाइन तथा विषादी व्यवस्थापन केन्द्रले दाङबाट प्रवेश गरेको सलहको झुण्ड प्युठान हुँदै रोल्पा, रुकुमलगायत पश्चिम–उत्तरतर्फ अघि बढेको जनाएको छ।","The Plant Quarantine and Pest Management Center has stated that the swarm of locusts that entered from Dang has moved west-northwest via Pyuthan, including Rolpa and Rukum.",D1A,20,long,Non-Past,Affirmative
COM_D5G_S1_S2_5884,"उदेक ताबा जे आहिन, क्योङनोन ह्युल्बा नोन कङ्काल शहर ह्राङ्बान क्योङ विक्षिप्त थेन जर्जर ताबा अनुभूति ताबान मुला।","उदेक लाग्ने मात्र होइन, सिङ्गो समाज नै कङ्काल शहर जस्तै पूर्ण विक्षिप्त र जर्जर भएको अनुभूति हुँदैछ।","Not only is it shocking, but the entire society feels like a city of skeletons, completely deranged and dilapidated.",D5G,17,long,Non-Past,Affirmative
P2_D1A_S0_B1_798,ग्यागारह्युलक्यार चुला केकेबा ङोसेबा मुबा थेला पाङ्बा मुला।,भारततिर यसको मिठाइ चर्चित रहेको उनको भनाइ छ।,He says that its sweetness is famous in India.,D1A,8,medium,Non-Past,Affirmative
P4_D1A_S1_B1_4288,यार्सा छोङ्पो पाटनरिन दोसि यार्सा ह्रुप्पाछ्याम यार्सा ग्लुबा लासेलामा यार्सा चुङ्बारि ह्रुप्खेनदा बजारला काक्ता आता।,यार्सा व्यापारी पाटनमै पुगेर यार्सा सङ्कलकसँग यार्सा खरिद गर्ने भएकाले यार्सा बिक्री गर्न सङ्कलकलाई बजारको समस्या हुँदैन।,"Since the yarsa traders go to Patan and purchase yarsa from the yarsa collectors, the collectors do not have a problem finding a market to sell the yarsa.",D1A,17,long,Non-Past,Negative
COM_D4C_S1_S2_6307,"वर्ण डिछ्यारि समाजरि थेदुइ प्रचलित सभ्यता थेन परम्पराआन्सार म्हिला वर्ग, हैसियत थेन प्रतिष्ठा जे आहिन श्रम नोन विभाजन लाबाला मुला।","बर्ण व्यवस्थामा समाजमा त्यसबेला प्रचलित सभ्यता र परम्पराअनुसार मानिसको वर्ग, हैसियत र प्रतिष्ठा मात्र होइन श्रम पनि विभाजन गरिएकोछ।","In the caste system, not only the class, status, and prestige of people, but also labor are divided according to the civilization and traditions prevalent in society at that time.",D4C,19,long,Non-Past,Affirmative
P3_D1A_S0_B2_249,"सिङ्सोरदा छाबाला काक्ता आरे, वाग्लेसे बिजि। ","मौरीलाई चरनको समस्या छैन, वाग्लेले भने।","Bees don't have a problem with grazing, Wagle said.",D1A,6,short,Non-Past,Affirmative
COM_P2_D3E_S2_6584,थेदुइला ग्युइसेरब्लोनसे दाछोकसे विधेयकफिरि काठुइ ङ्हाच्छा आल्हेबा बिबान दाछोकदा स्यो नोन ब्रिबा मुबा।,तत्कालीन शिक्षामन्त्रीले समितिले विधेयकमाथि छलफल अगाडि नबढाएको भन्दै समितिलाई पत्र नै लेखेकी थिइन्।,"The then Minister of Education had written a letter to the committee, complaining that the committee had not moved forward with the discussion on the bill.",D3E,13,medium,Past,Affirmative
D1A_S0_B1_2927,शर्मासे ब्लोन अधिकारीदा चेगाइला चिनो स्रुगरि थेनोन काउली पिन्जि।,शर्माले मन्त्री अधिकारीलाई मायाको चिनो स्वरूप त्यही काउली थमाए।,Sharma presented the cauliflower to Minister Adhikari as a token of love.,D1A,9,medium,Past,Affirmative
COM_P2_D5G_S1_8549,थेला जगेर्ना लाबारि थेनिकादेसे म्हेन्दो गिक म्हि नोन थान्बा मुबा।,त्यसको जगेर्ना गर्न उनीहरूले एकजना मान्छे पनि राखेका थिए।,They even hired a man to guard it.,D5G,9,medium,Past,Affirmative
COM_D4C_S1_S2_456,गाउँपालिकादा ह्युलकोरकि थुमला स्रुगरि स्थापित लाबा दोनडुप्पा मुला।,गाउँपालिकालाई पर्यटकीय क्षेत्रको रूपमा स्थापित गर्ने लक्ष्य छ।,The goal is to establish the rural municipality as a tourist area.,D4C,8,medium,Non-Past,Affirmative
D4S_S1_3889,आझान गिक निसरे चितोसाम ह्राङकादे काम्रा जिन्सि अलपत्र तासेदा थेनिकादेसे ब्रेस्यो लाबाला मुला।,अझै एक साता बस्नुपरे आफूहरू खर्च सकिएर अलपत्र पर्ने उनीहरूले गुनासो गरेका छन्।,"They have complained that if they have to stay for another week, they will run out of money and be stranded.",D4C,13,medium,Non-Past,Affirmative
COM_P2_D2H_S1_9401,दात्ते उच्च निर्भरता इकाई स्थापना ताबाछ्याम भेन्टिलेटररि थान्तोबा सामान्य नाबादा उच्च निर्भरता इकाई थान्सि क्योन्बारि खाम्ला।,अहिले उच्च निर्भरता इकाई स्थापना भएसँगै भेन्टिलेटरमा राख्नु पर्ने सामान्य बिरामीलाई उच्च निर्भरता इकाई राखेर उपचार गराउन मिल्छ।,"Now that the High Dependency Unit has been established, ordinary patients who would otherwise need to be placed on a ventilator can be treated in the High Dependency Unit.",D2H,18,long,Non-Past,Affirmative
P3_D1A_S0_B2_680,शाखाला आन्सार दान्दे ङाम तोङ्जा ब्रात मुइ पनौतीरि मुला।,शाखाका अनुसार हाल करिब आठ हजार भैँसी पनौतीमा छन्।,"According to the branch, there are currently about eight thousand buffaloes in Panauti.",D1A,9,medium,Non-Past,Affirmative
D4S_S1_1054,घटनाला न्हि दिङलिच्छा पीडितसे जाहेरी पिन्बा मुबा।,घटनाको दुई वर्षपछि पीडितले जाहेरी दिएकी थिइन्।,The victim filed a complaint two years after the incident.,D4C,7,short,Past,Affirmative
COM_D5G_S1_S2_1169,तिलाइ स्हे ल्हाना बोर्जि थेन च्याङ्ना तिलाइ आरेबा।,बढी कुनै वस्तु लागे र घटी केही थिएनन्।,Nothing was too much and nothing was too little.,D5G,8,medium,Past,Negative
COM_P2_D3E_S3_306,फेसबूकसे थेरि अनुसन्धान लाबालिच्छा काक्ता मुबा पुष्टि ताजि।,फेसबूकले त्यसमा अनुसन्धान गरेपछि समस्या रहेको पुष्टि भयो।,"After Facebook investigated the matter, it was confirmed that there was a problem.",D3E,8,medium,Past,Affirmative
COM_P2_D4C_S1_B1_2111,दात्ते युरोपरि मुबा गरिमा बेलसाङलिच्छाला गिक्छा तीजला विशेष प्रान्बारि मुला।,हाल युरोपमा रहेकी गरिमा विवाहपछिको पहिलो तीजको विशेष पर्खाइमा छिन्।,"Garima, who is currently in Europe, is eagerly awaiting her first Teej after marriage.",D4C,10,medium,Non-Past,Affirmative
COM_P2_D4C_S1_B2_288,"ग्योइरि सिल्बारि सुङरे, कामरे थेन बिदाला रे ल्हाना गोप तामुला।","कुण्डमा नुहाउन शुक्रबार, शनिबार र बिदाको दिन धेरै भीड लाग्छ।","Bathing in the pond is very crowded on Fridays, Saturdays, and holidays.",D4C,10,medium,Non-Past,Affirmative
COM_D4C_S1_S2_585,यतीला क्यानभासदा नेपालरि रिमठिमकि तिलोकादेसे स्याम्बा मुला।,यतीको क्यानभासलाई नेपालका सांस्कृतिक पक्षहरूले सजाइएको छ।,Yeti's canvas is decorated with cultural aspects of Nepal.,D4C,7,short,Non-Past,Affirmative
D4S_S2_1703,चुग्याम प्राकृतिक प्रकोपकादेला लागिरि तयारी तोनोन तोःबा ताबा मुला।,यसबाट प्राकृतिक प्रकोपहरूका लागि तयारी अत्यावश्यक भएको छ।,This has made preparation for natural disasters essential.,D4C,8,medium,Non-Past,Affirmative
COM_D4C_S1_S2_1682,"रोसे सुङ्जि, नेपालसे फेल्गेबा लाबा हिन्ना बिसाम ह्युलकोर थुमदा उच्च प्राथमिकतारि थान्तोला।","उहाँले भन्नुभयो, नेपालले विकास गर्ने हो भने पर्यटन क्षेत्रलाई उच्च प्राथमिकतामा राख्नुपर्छ।","He said that if Nepal is to develop, the tourism sector must be given high priority.",D4C,12,medium,Non-Past,Affirmative
D4S_S1_2547,ग्यालठिमकि थेन सामाजिक प्रतिष्ठा कायम थान्बारि साप्तो थेन ह्रोछ्या लाबा दुइ खाबा मुला।,राजनीतिक र सामाजिक प्रतिष्ठा कायम राख्न सेवा र सहयोग गर्ने समय आएको छ।,The time has come to serve and cooperate to maintain political and social prestige.,D4C,13,medium,Non-Past,Affirmative
COM_D3E_S4_262,प्रविधि कम्पनी हुवावे थेन नोकिया प्रतिस्पर्धी कम्पनी हिन्ना।,प्रविधि कम्पनी हुवावे र नोकिया प्रतिस्पर्धी कम्पनी हुन्।,Technology companies Huawei and Nokia are competitors.,D3E,8,medium,Non-Past,Affirmative
P4_D1A_S1_B2_469,ग्लिङताइसे सास्हिङरि ह्रोछ्या दोबा सानाम्पा याङदुङ गुरुङसे पाङ्जि।,हिमपातले खेतीपातीमा सहयोग पुग्ने किसान याङदुङ गुरुङले बताए।,Farmer Yangdung Gurung said that the snowfall will help in farming.,D1A,8,medium,Past,Affirmative
COM_P2_D3E_S1_3881,सरकारी गेताङला लागि तोःबा परामर्श साप्तो विश्वविद्यालयग्याम नोन लासेला ताबा मुला।,सरकारी कार्यक्रमका लागि आवश्यक परामर्श सेवा विश्वविद्यालयबाट पनि गरिने भएको छ।,The university will also provide necessary consulting services for government programs.,D3E,11,medium,Non-Past,Affirmative
COM_D5G_S1_S2_598,"थेनोन न्हान्बामुला, थेनोन तिबामुला। ","त्यही ओड्छन्, त्यही ओछ्याउँछन्।","They wear the same clothes, they make the same bed.",D5G,4,short,Non-Past,Affirmative
COM_D5G_S1_S2_4062,महादेवसे थे म्हारला एटादा तत्काल खानाङ मुबा थेरिन त्रीशुलला युसे ठोक्सि तत्काल जडान लाजि।,महादेवले त्यो सुनको ईंटालाई तत्काल जहाँको त्यहीँ त्रीशुलको बिडले ठोकेर तत्काल जडान गरे।,Mahadev immediately struck the golden brick with the trident and connected it to the spot.,D5G,13,medium,Past,Affirmative
COM_P2_D2H_S2_6172,लिच्छाला दुइ आकोबा नोइकादेगुङ तिङब्रेल्बि नोइ लाग्तिबाला साङ्ज्या योःना स्युगरि ल्हेःबा मुला।,पछिल्लो समय नसर्ने रोगहरूमध्ये मुटुसम्बन्धी रोग लाग्नेको सङ्ख्या तीव्र गतिमा बढेको छ।,"Recently, the number of people suffering from heart-related diseases among non-communicable diseases has increased rapidly.",D2H,12,medium,Non-Past,Affirmative
P2_D1A_S0_B2_740,ङानिसे सानाम थुमरि चु ब्याङ्कला अग्रणी भूमिकाला अपेक्षा लाबा मुला।,हामीले कृषि क्षेत्रमा यो बैंकको अग्रणी भूमिकाको अपेक्षा गरेका छौँ।,We expect this bank to play a leading role in the agricultural sector.,D1A,10,medium,Non-Past,Affirmative
D4S_S3_5120,"जति थे घटनासे दुङाल स्होजि, ङाला खोबो ओत्तेन बेचैन ताजि।","जति त्यो घटनाले दुःखित बनायो, मेरो मस्तिष्क उत्तिकै बेचैन बन्यो।","As sad as that incident made me, my mind became equally restless.",D4C,10,medium,Past,Affirmative
COM_D4C_S1_S2_5071,"गण्डकी प्रदेशला वाङ्बाद्वाररि मुबा चु झरनारि ह्युलकोरपाला खाइमादाम्मान भिड लाग्दिबा ताबासे काप्पा आकर्षित लाबारि नाम्सापालिकासे चुला युङ्बारि आमा थेन झाजाकोला, लाङ्बो छ्यामला आकृति  स्होबा के तीव्र ताबा मुला।","गण्डकी प्रदेशको प्रवेशद्वारमा रहेको यस झरनामा पर्यटकको सधैँ भिड लाग्ने भएकोले थप आकर्षित गर्न गाउँपालिकाले यहाँका ढुङ्गामा आमा र बच्चा, हात्ती लगायतका आकृति बनाउने काम तीव्र भइरहेको छ।","Since this waterfall, located at the entrance to Gandaki Province, is always crowded with tourists, the rural municipality is intensifying the work of carving figures of mothers and children, elephants, and others on the stones here to further attract them.",D4C,28,very long,Non-Past,Affirmative
P4_D1A_S1_B1_3911,उद्यमशीलता थेन नवप्रवर्तन: पोगेलाबा विश्वङोन छारिब्योनकादेसे छार प्रविधिला सदुपयोग लाबान उद्यमशीलताला थुमरि क्रान्तिकारी योगदान पिन्बा मुला।,उद्यमशीलता र नवप्रवर्तन: बदलिँदो विश्वसामु युवाहरूले नयाँ प्रविधिको सदुपयोग गर्दै उद्यमशीलताको क्षेत्रमा क्रान्तिकारी योगदान दिएका छन्।,"Entrepreneurship and Innovation: In a changing world, young people have made revolutionary contributions to the field of entrepreneurship by utilizing new technologies.",D1A,16,long,Non-Past,Affirmative
COM_P2_D2H_S1_743,मेथीला चाबासे गोर्लाङदा एन स्वस्थ थान्मुला।,मेथीको सेवनले मृगौलालाई पनि स्वस्थ राख्छ।,Consuming fenugreek also keeps the kidneys healthy.,D2H,6,short,Non-Past,Affirmative
COM_D3E_S5_674,चुराङलासि फेल्बा दुलुला कणसे दिनिदा कोरा लासिचिबा तामुला।,यसरी फैलिएका धुलाका कणले सूर्यलाई परिक्रमा गरिरहेको हुन्छ।,Dust particles spread out in this way are orbiting the Sun.,D3E,8,medium,Non-Past,Affirmative
COM_D4C_S1_S2_6573,"ङाच्छा रोदी ताबान सामूहिक गिक्खेरि वाङ्बा नाम्साबा लिच्छाला दुइ आमा छोक्पा, आपा छोक्पा, ब्योन क्लब ताबान ह्युलकोर ल्हेछ्याग्याम नाम्साला फेल्गेबारि जोम्बा मुला।","पहिले रोदी हुँदै सामूहिक एकतामा होमिएका गाउँले पछिल्लो समय आमा समूह, बाबा समूह, युवा क्लब भएर पर्यटन पवर्द्धनमार्फत गाउँको विकासमा जुटेका छन्।","The villagers, who previously engaged in collective unity through Rodi, have recently joined hands to develop the village through tourism promotion through the formation of mothers' groups, fathers' groups, and youth clubs.",D4C,22,very long,Non-Past,Affirmative
D4S_S3_724,लोकग्यालामग्याम खाबाला भलसे बागलुङ बजार जलमग्न ताबा हिन्ना।,लोकमार्गबाट आएको भलले बागलुङ बजार जलमग्न भएको हो।,Baglung Bazaar has been submerged due to the floodwaters coming from the highway.,D4C,8,medium,Non-Past,Affirmative
P3_D5G_S2_B1_407,थेसे एकोहोरो पारासे च्यासिनचिजि।,उनले एकोहोरो पाराले हेरिरहिन्।,She kept looking at him with a monotone expression.,D5G,4,short,Non-Past,Affirmative
COM_D4C_S1_S2_3254,सरकारसे स्यानह्युलकिव्हाना सुत्ताइ निम हवाई फ्याङ्बा काप्पा लाबा आप्ता लाबा मुला।,सरकारले अन्तर्राष्ट्रियतर्फ समेत नियमित हवाई उडान थप गर्ने निर्णय गरेको छ।,The government has decided to increase regular international flights.,D4C,11,medium,Non-Past,Affirmative
COM_D3E_S3_3132,"त्रिविजोम्ना चिसाङरि थेसे निष्पक्ष मेरिटला दानरि विश्वविद्यालयरि डिन, क्याम्पस ग्रेन्पोछ्यामला पदाधिकारी नियुक्त लातोबा पाङ्जि।","त्रिविसभा बैठकमा उनले निष्पक्ष मेरिटका आधारमा विश्वविद्यालयमा डिन, क्याम्पस प्रमुखलगायतका पदाधिकारी नियुक्ति गर्नुपर्ने बताए।","At the Tribhuvan University meeting, he said that university officials including deans and campus heads should be appointed based on impartial merit.",D3E,14,medium,Past,Affirmative
P3_D1A_S0_B3_1532,सुन थेन साङा सुबा दुइरि ह्रेङ्बा खडेरी तामलिच्छा निराश ताबा सानाम्पा न्हि रे इस्येला नामसे ताङ्बा मुला।,धान र कोदो रोप्ने समयमा लामो खडेरी परेपछि निराश बनेका किसान दुई दिन यताको वर्षाले खुसी छन्।,"Farmers, who were frustrated after a prolonged drought during the rice and millet planting season, are happy with the rains over the past two days.",D1A,17,long,Non-Past,Affirmative
COM_P2_D2H_S2_7951,अक्टोबररि खाबा फाइजर दाप १८ दिङफिला दिङ छोक्पाबिमा नोन स्यान्दो दिङ छोक्पादा पिन्बा सम्भावना मुबा ल्हुइथाङ साप्तो विभागला अधिकारीसे पाङ्जि।,अक्टोबरमा आउने फाइजर खोप १८ वर्षमुनिको उमेर समूहभन्दा पनि अन्य उमेर समूहलाई दिने सम्भावना रहेको स्वास्थ्य सेवा विभागका अधिकारीले बताए।,"A Department of Health Services official said that the Pfizer vaccine, which will be released in October, is likely to be given to other age groups than those under 18.",D2H,20,long,Past,Affirmative
P4_D1A_S1_B2_2150,छिङ्गाइ मोजे दोङग्याम दर्जन गिकदा ग्यार्जा गिक टाङ्गारि चुङ्बा मुला।,काँचो केरा बोटबाटै एक दर्जनलाई एक सय रूपैयाँमा बिक्री हुने गरेको छ।,Raw bananas are sold for one hundred rupees per dozen straight from the plant.,D1A,12,medium,Non-Past,Affirmative
P3_D1A_S0_B3_360,सोम दिङ दुइरि थुन्च्या स्योरि हाल्दिला उत्पादन थेन बजारीकरणला सुनिश्चित लाबा मुला।,तीन वर्ष अवधिको सम्झौता पत्रमा बेसारको उत्पादन र बजारीकरणको सुनिश्चित गरेका छौँ।,We have ensured the production and marketing of turmeric in a three-year agreement.,D1A,12,medium,Non-Past,Affirmative
D4S_S2_5559,"च्यानसे म्हे गिक सुत्ताइ सेःबा नाछालरि स्याप्पा इलाका प्रहरी गेदिम, भोजभगवानपुरला प्रहरी निरीक्षक गौतमसे पाङ्स्ह्युजि।","बाघले एउटा गाईसमेत मारेको अवस्थामा फेला परेको इलाका प्रहरी कार्यालय, भोजभगवानपुरका प्रहरी निरीक्षक गौतमले बताउनुभयो।","Police Inspector Gautam of the Area Police Office, Bhojbhagwanpur, said that the tiger was found dead with a cow.",D4C,15,medium,Past,Affirmative
COM_P2_D4C_S1_B4_1608,ग्लेकादे छ्योपा लाबारि फिच्चा गान्दि वाइसि पशुपतिनाथ लाथान दोमुबा।,राजाहरू पूजा गर्न उक्त नदी पार गरेर पशुपतिनाथ मन्दिर पुग्थे।,Kings would cross the river to worship and reach Pashupatinath Temple.,D4C,10,medium,Past,Affirmative
COM_P2_D2H_S1_3931,लगातार थोबो स्हूःखाजिमुला बिसाम ग्लास याक्खार्गि लेप्पा क्युइरि कागतिला खुगुदोङ्सि सोल्लास्ह्युगो,लगातार टाउको दुखिरहन्छ भने एक ग्लास तातो पानीमा कागतीको रस मिसाएर पिउनुहोस्।,"If you have a persistent headache, drink a glass of warm water mixed with lemon juice.",D2H,12,medium,Non-Past,Affirmative
COM_D5G_S4_4608,स्यान्दोदा पाले लाबान न्होर्बा मुबा। बालिग वा नाबालिग थे ह्राङरि भर परबताबा ताम हिन्ना।,अर्कोलाई दोष दिनु नै गलत थियो। बालिग वा नाबालिग त्यो आफूमा भर पर्ने कुरा हो।,"It was wrong to blame someone else. Whether you are an adult or a minor, it is up to you.",D5G,15,medium,Non-Past,Affirmative
COM_P2_D3E_S3_1805,चु रकेटरि सोलिड प्रोपलेन्ट फ्युल क्योल्बा तामुला।,यो रकेटमा सोलिड प्रोपलेन्ट फ्युल प्रयोग भएको छ।,This rocket uses solid propellant fuel.,D3E,8,medium,Non-Past,Affirmative
COM_P2_D4C_S1_B2_334,जात्थार स्याङ्बाला ताङरि जथाभावी डुइमा रथ न्होङ्बा थेन छोसुत्ताइ ह्योलाबा पाङ्जि।,जात्रा सञ्चालनका क्रममा जथाभावी तान्दा रथ बिग्रिएको र डोरीसमेत चोरी भएको बताइयो।,It was reported that the chariot was damaged and even the rope was stolen due to careless pulling during the procession.,D4C,12,medium,Past,Affirmative
P2_D1A_S0_B1_1000,छोक्पासे सानाम फेल्गेबा ब्लोनखाङला छोङनामकि सानाम ओसेम छोङ आयोजनाग्याम सिका बुम १० जेः सुत्ताइ याङ्बा मुला।,समूहले कृषि विकास मन्त्रालयको व्यावसायिक कृषि तथा व्यापार आयोजनाबाट रु. १० लाख अनुदानसमेत पाएको छ।,The group has also received a grant of Rs. 10 lakh from the Commercial Agriculture and Trade Project of the Ministry of Agricultural Development.,D1A,15,medium,Non-Past,Affirmative
COM_P2_D5G_S1_1169,सेमरि शङ्कासे डेरा ह्योङ्जि।,मनमा शङ्काले डेरा हाल्यो।,Doubt settled in my mind.,D5G,4,short,Past,Affirmative
COM_P2_D3E_S2_6333,डाकोठा थेन छार पाठ्यपुस्तकसे लोप्खेनजुगुदा डेन लाबारि खाम्सेला।,कक्षा कोठा र नयाँ पाठ्यपुस्तकले विद्यार्थीहरूलाई स्वागत गर्न सक्थे।,The classrooms and new textbooks could welcome the students.,D3E,9,medium,Past,Affirmative
D1A_S0_B2_400,ह्रिफाँटरि सुबा तेमेला लागिरि प्रशिद्ध ग्ला हिन्ना।,लेकफाँट लोप्रे आलुका लागि प्रशिद्ध ठाउँ हो।,Lekphant is a famous place for Lopre potatoes.,D1A,7,short,Non-Past,Affirmative
P3_D5G_S2_B1_1037,थेतासि ङ्यासे ङानि आपाला व्यग्र ब्रान्बारि तामुबा।,त्यसैले साँझ हामी पापाको व्यग्र प्रतीक्षामा रहन्थ्यौं।,So in the evenings we would wait anxiously for Papa.,D5G,7,short,Past,Affirmative
COM_D5G_S1_S2_90,लेङ्बा चिला त केवल प्रकृतितेनला डिक्पा लिच्छाला सकारात्मक बाङ।,बाँकी रहन्छ त केवल प्रकृतिसँगको मेलपछिको सकारात्मक ऊर्जा।,All that remains is the positive energy of being in harmony with nature.,D5G,8,medium,Non-Past,Affirmative
D1A_S0_B1_3150,थेसेलामा जापानग्याम खेन्छेन्पो बासि सास्हिङ लाबारि लोप्मा लिच्छा कास्कीला निर्मलपोखरी कफीला पकेट थुम ताबा मुला।,त्यसैले जापानबाटै विशेषज्ञ ल्याएर खेती गर्न सिकाएपछि कास्कीको निर्मलपोखरी कफीको पकेट क्षेत्र भएको छ।,"Therefore, after experts were brought in from Japan to teach them how to cultivate coffee, Nirmal Pokhari in Kaski has become a pocket area for coffee.",D1A,14,medium,Non-Past,Affirmative
D1A_S0_B1_1326,छ्योआछ्यो तोङ्जा ङा लगानीसे ङा दिङ दोःना नियमित खु सास्हिङ लाबारि खाम्ला।,करीब रु पाँच हजारको लगानीले पाँच वर्षसम्म नियमित तरकारी खेती गर्न सकिन्छ।,"With an investment of around Rs.five thousand, regular vegetable cultivation can be carried out for five years.",D1A,12,medium,Non-Past,Affirmative
D4S_S3_2382,उच्च अदालत विराटनगररि पेशीला लागिरि दोबा थे ग्यागारह्युल वाङ्बा मुला।,उच्च अदालत विराटनगरमा पेशीका लागि पुगेका उनी भारत प्रवेश गरेका छन्।,He has entered India after arriving at the Biratnagar High Court for a hearing.,D4C,11,medium,Non-Past,Affirmative
COM_P2_D2H_S2_4004,खाङ्बा नाम्सिरि स्याप्पा चु डापसे एनिमिया ओसेम श्वास सम्बन्धी काक्तादा थारेङ थान्मुला।,जाडो मौसममा पाइने यो सागले एनिमिया तथा श्वाससम्बन्धी समस्यालाई टाढा राख्छ।,"This vegetable, available in winter, keeps anemia and respiratory problems at bay.",D2H,11,medium,Non-Past,Affirmative
COM_P2_D2H_S1_280,डेङ्गी कोबा पाङ्दिला छ्याब दिनिरि सक्रिय तामुला।,डेङ्गी सार्ने लामखुट्टेको बानी दिउँसो सक्रिय हुन्छ।,Dengue-carrying mosquitoes tend to be active during the day.,D2H,7,short,Non-Past,Affirmative
D4S_S1_2585,तासे चाबा आहार थेन रासे चाबा आहाररि ल्हानान फ्राक तामुला।,घोडाले खाने आहार र बाख्राले खाने आहारमा धेरै फरक हुन्छ।,There are many differences between the diet that horses eat and the diet that goats eat.,D4C,10,medium,Non-Past,Affirmative
COM_D3E_S3_3342,ग्यागारह्युलग्याम एसएलसी पिन्सि जब थे क्याम्पस भर्ना ताजि थेदा संस्कृत डोबाफिरि ङ्योइसि चिमुबा।,भारतबाट एसएलसी दिएर जब उनी क्याम्पस भर्ना भइन् उनलाई संस्कृत पढाइबारे सोधिरहन्थे।,"When she got admitted to the campus after completing her SLC from India, people kept asking her about studying Sanskrit.",D3E,12,medium,Past,Affirmative
COM_P2_D3E_S1_2995,डिग्यान दाछोकला चोहो ताबालिच्छा नोन थेसे लोप्खेनला डोबालोप्डोबारि खाचिबाइ छाक्राम आतागाइ बिसि अध्यापन लाबा पाङ्मुला।,व्यवस्थापन समितिको अध्यक्ष भएपछि पनि उनले विद्यार्थीको पठनपाठनमा कुनै बाधा नपुगोस् भनेर अध्यापन गराएको बताउँछन्।,"Even after becoming the chairman of the management committee, he says that he ensured that there were no obstacles to the students' studies.",D3E,15,medium,Non-Past,Affirmative
COM_P2_D5G_S1_487,थेतासि चेगा ग्लुबारि खाचिबाइ हतार नोन आरेबा।,त्यसैले उपहार किन्न कुनै हतारो पनि थिएन।,So there was no rush to buy gifts.,D5G,7,short,Past,Negative
COM_D3E_S3_1629,लोप्खाङसे तिवारला दुइसाङ लासि सुङरे म्हः पूजा थेन देउसीभैलो गेताङ जोक्पा लाबा हिन्ना।,विद्यालयले तिहारको अवसर पारेर शुक्रवार म्ह पूजा र देउसीभैलो कार्यक्रम सम्पन्न गरेको हो।,The school held a Mha Puja and Deusibhailo program on Friday to mark the occasion of Tihar.,D3E,13,medium,Non-Past,Affirmative
P3_D1A_S0_B1_3459,सहकारीरि रेदाङ्से राङ्बा सानाम्पासे सारला नुररि ब्रेस्सो किन्सि खाबा लाबा थेन बेल्बोला न्हिछा निसरेदोःना सार खाबा आश्वासन याङ्बा थेसे पाङ्जि।,सहकारीमा दैनिकजसो किसानले मलका विषयमा गुनासो लिएर आउने गरेको र असारको दोस्रो हप्तासम्म मल आइपुग्ने आश्वासन पाएको उनले बताए।,He said that farmers come to the cooperative almost every day with complaints about fertilizer and that they have been assured that the fertilizer will arrive by the second week of Asar.,D1A,19,long,Past,Affirmative
COM_P2_D2H_S2_5525,तत्काल अक्सिजन आपूर्ति ताबारि खाम्ला बिसाम पारछाल आरेसाम भयावह ताबारि खाम्ला।,तत्काल अक्सिजन आपूर्ति हुन सक्ने भने स्थिति नभए भयावह हुन सक्छ।,"While oxygen supply can be provided immediately, the situation could be dire if it is not.",D2H,11,medium,Non-Past,Affirmative
D4S_S1_60,स्थानीय पञ्जीकाअधिकारी रञ्जु विश्वकर्मासे याहिक लाबारि दुइ किन्जि।,स्थानीय पञ्जीकाधिकारी रञ्जु विश्वकर्माले हस्ताक्षर गर्न समय लिइन्।,Local registrar Ranju Bishwakarma took the time to sign.,D4C,8,medium,Past,Affirmative
D1A_S0_B2_4829,"ङाच्छा ब्लु, ख्वाबासाइबा, सारला सुत्ताइ साइ आरेबामुबा तासाइ चु पालरि टुङराग्याम ल्हाना ज्याबा खेबि ताजि।","पहिले बिउ, गोडमेल, मलको समेत मूल्य उठ्दैनथ्यो, तर यसपालि अदुवाबाट निकै राम्रो आम्दानी भयो।","Previously, the prices of seeds, manure, and even fertilizer did not rise, but this year, ginger yielded a very good income.",D1A,14,medium,Past,Affirmative
D1A_S0_B2_2187,सरकारी अधिकारीजुगुसे तथ्याङ्क ह्रुपरि नोन  काक्ता ताबारि खाम्बा दाबी लाबा मुला।,सरकारी अधिकारीहरूले तथ्याङ्क सङ्कलनमा पनि समस्या हुन सक्ने दाबी गरेका छन्।,Government officials have claimed that there may also be problems with data collection.,D1A,11,medium,Non-Past,Affirmative
COM_D5G_S5_4614,"काडि जुबा हिन्ना, आपत तामा ह्राप्पा नोन हिन्ना, काडि छेसिन क्युइजि बिसाम तिगा जुला तिगा तिगा ह्राप्ला ?","लठ्ठी टेक्ने हो, आपत पर्दा बजाउने पनि हो, लठ्ठी जुधाएरै भाँच्यौ भने के टेक्छौ के बजाउँछौ?","You can lean on a stick, and you can also play it in times of trouble. If you break a stick after fighting, what do you lean on or play it?",D5G,16,long,Non-Past,Affirmative
D1A_S0_B1_1708,ङानिसे बाँझो सा सदुपयोग लाबारि ल्होलो योजना सोसि ग्यात लाबान मुला।,हामीले बाँझो जमिन सदुपयोग गर्न विभिन्न योजना बनाएर काम गरिरहेका छौँ।,We are working on various plans to utilize wasteland.,D1A,11,medium,Non-Past,Affirmative
COM_P2_D3E_S2_4096,अनिश्चित दुइला ग्युइसेरकि हडतालसे ह्युलनाङला तोङ्जा २९ सामुदायिक लोप्खाङ ठप्प मुला ।,अनिश्चितकालीन शैक्षिक हडतालले देशभरका २९ हजार सामुदायिक विद्यालय ठप्प छन्।,An indefinite academic strike has closed 29 thousand community schools across the country.,D3E,10,medium,Non-Past,Affirmative
COM_P2_D2H_S2_7374,वुमन चेम्बर अफ च्याङ्नार्सला हेल्थ च्याङ्नािटी थुइब्लोन स्वरूपा श्रेष्ठसे क्यान्सर नोइफिरि मुलुकला ग्रामीण थुमदोना जनचेतना विस्तार लादोबा विचार व्यक्त लाजि,वुमन चेम्बर अफ कमर्सकी हेल्थ कमिटी संयोजक स्वरूपा श्रेष्ठले क्यान्सर रोगबारे मुलुकको ग्रामीण क्षेत्रसम्म जनचेतना विस्तार गर्नुपर्ने विचार व्यक्त गरिन्।,"Swarupa Shrestha, coordinator of the Health Committee of the Women's Chamber of Commerce, expressed the need to spread public awareness about cancer to the rural areas of the country.",D2H,20,long,Non-Past,Affirmative
COM_P2_D3E_S2_3470,"छ्योइला दोइ पुइसि ग्युइ याङ्बा आता, थेदा खोबोरिन पुइतोला।","किताबको भारी बोकाएर ज्ञान प्राप्त हुँदैन, त्यसलाई दिमागभित्र बोकाउनुपर्छ।","Knowledge is not gained by carrying a load of books, it must be carried within the mind.",D3E,9,medium,Non-Past,Affirmative
COM_D2H_S1_S2_1455,अस्पतालला साप्तोछाप जनताला विश्वास हाट्तिबान निबा मुबा।,अस्पतालको सेवाप्रति जनताको विश्वास हट्दै गएको थियो।,Public trust in hospital services was waning.,D2H,7,short,Past,Affirmative
COM_D2H_S1_S2_5613,लोप्खाङ एन ल्हानाराङ ग्यामला ङाम या च्युप्पा साःरि स्होबा मुला थेरि क्लाङ्बाला लागिरि सा नोन आरे।,विद्यालय पनि प्रायः बाटोका नजिक या सँघुरा जमिनमा बनेका छन् जहाँ खेल्नका लागि जमिन नै छैन।,Schools are also often built near roads or on narrow plots of land where there is no land for playing.,D3E,16,long,Non-Past,Negative
D1A_S0_B1_1903,चुराङ्बा नाछालरि सडकला पहुँच दोना लाबारि खाम्साम सानाम्पासे ह्राङला स्याउला तोदेबा साइ नोनयाङ्साइला मुबा।,यस्तो अवस्थामा सडकको पहुँच पुर्‍याउन सकिए किसानले आफ्नो स्याउको उचित मूल्य पनि पाउँथे।,"In such a situation, if road access could be provided, farmers would also get a fair price for their apples.",D1A,13,medium,Past,Affirmative
COM_D5G_S3_1239,घन्टा ब्लि ल्हागाब ताजि ङानिदा ग्याल्खाङग्याम फिर्ग्याप थोन्बारि।,चार घन्टा लाग्यो हामीलाई दरबारबाट बाहिर निस्कन।,It took us four hours to get out of the palace.,D5G,7,short,Non-Past,Negative
COM_D3E_S1_S2_2835,सम्पर्करि आरेबा लोप्खेनदा फोन लासि थेन्ना नाछालफिरि ग्रानाङ किन्बाकेन मुला।,सम्पर्कमा नभएका विद्यार्थीलाई फोन गरेर उनीहरूको अवस्थाबारे जानकारी लिइँदैछ।,Students who have not been contacted are being contacted to inquire about their situation.,D3E,9,medium,Non-Past,Affirmative
P3_D5G_S2_B1_959,"शिक्षित तागे, संगठित तागे, ह्राङ्ला ङोसेबा कायम थान्गे।","शिक्षित बनौं, सँगठित बनौं, आफ्नो पहिचान कायम गरौं।","Let's be educated, let's be organized, let's maintain our identity.",D5G,8,medium,Non-Past,Affirmative
COM_D5G_S1_S2_3239,थेसेङ्यान्दि म्हेन्दो गिक अमेरिकी माकम्हिदा मायाजालरि पाराब लासि क्याम्परि निबा खाबा लाबा चिम।,त्यसकारण एक अमेरिकी सैनिकलाई माया जालमा पारेर क्याम्पमा जाने आउने गर्दिरहिछन्।,"That's why they keep coming and going to the camp, ensnaring an American soldier in a love trap.",D5G,11,medium,Non-Past,Affirmative
COM_D3E_S3_2007,४० च्याङ्ना याङ्बा आङ्ज्याला ग्रेडदा परिमार्जन लासि गोर ङि छोक्पा स्होबा मुबा।,४० कम प्राप्ताङ्कको ग्रेडलाई परिमार्जन गरी दुई समूह बनाइएको थियो।,The grades with the lowest scores of 40 were revised and two groups were formed.,D3E,10,medium,Past,Affirmative
D4S_S2_3617,याम्बुरि निषेधाज्ञा खोलोङ लाबाछ्यामरि कामरेहेन्से गुङथामा थेन ह्रेङ्बा थारेङला सवारी साधनसुत्ताइ स्याङ्बारि तिःबाला मुला।,काठमाडौँमा निषेधाज्ञा खुकुलाे पारिएसँगै शनिबारदेखि मध्यम तथा लामो दूरीका सवारीका साधनसमेत चल्न थालेका छन्।,"With the easing of the ban in Kathmandu, medium and long-distance vehicles have also started plying from Saturday.",D4C,14,medium,Non-Past,Affirmative
D4S_S3_607,बहुरिमठिमकि ङोसेबाला लागिरि ङा भाग्यमानी ङ्हाम्मुला।,बहुसांस्कृतिक पहिचानका लागि म भाग्यमानी महसुस गर्छु।,I feel lucky to have a multicultural identity.,D4C,7,short,Non-Past,Affirmative
P3_D1A_S0_B3_1263,याम्बु पोकोल अपराध अनुसन्धान गेदिमसे फिशिङ लिंक पुइसि ईसेवाला टाङ्गा यो लाबा गिक व्योनदा पक्राउ लाबा मुला।,काठमाण्डौ उपत्यका अपराध अनुसन्धान कार्यालयले फिशिङ लिंक पठाइ ईसेवाको रकम चोरी गर्ने एक युवकलाई पक्राउ गरेको छ।,The Kathmandu Valley Crime Investigation Office has arrested a young man who stole e-service money by sending a phishing link.,D1A,17,long,Non-Past,Affirmative
COM_D2H_S5_1014,पीडितदा तागाइ बिसि ह्योनरि पिन्बा काःरि टाङ्गा किन्बारि आतामुला।,पीडितलाई होस् भनेर दानमा दिएको रगतमा पैसा लिनुहुँदैन।,Donations of blood to the victims should not be accepted for payment.,D2H,8,medium,Non-Past,Negative
COM_D5G_S5_1599,ग्याल्खाङ थेन थेदुइला दुइदा ल्हानान फोटोरि थेसे कैद लाजि।,दरबार र तत्कालीन समयलाइ कैयौं फोटोमा उनले कैद गरे।,He captured the palace and the times in many photographs.,D5G,9,medium,Past,Affirmative
COM_P2_D5G_S4_6657,ब्रेल्साङला दुइ बिसाम दान्दे दोःना तय आताबा न्हिसेन पाङ्बान खाबा याङ्मुला।,विवाहको मिति भने अहिलेसम्म तय नभएको दुवैले बताउँदै आएको पाइन्छ।,Both have been saying that the wedding date has not been set yet.,D5G,10,medium,Non-Past,Affirmative
COM_P2_D4C_S1_B4_2411,"मेलारि वैज्ञानिक थेन सर्वसाधारणगुङ विज्ञान, प्रविधि, नवीनता थेन पोबाब्रेल्बि ल्होलो नुररि काठुइ परिचर्चा तासेलामुला।","मेलामा वैज्ञानिक र सर्वसाधारणबीच विज्ञान, प्रविधि, नवीनता र परिवर्तनसम्बन्धी विभिन्न विषयमा चर्चा परिचर्चा हुनेछ।","The fair will feature discussions between scientists and the general public on various topics related to science, technology, innovation, and change.",D4C,14,medium,Non-Past,Affirmative
COM_D5G_S5_549,ग्युइ थेन सीप खात्दामानग्याम नोन लोप्पारि खाम्ला।,ज्ञान र सीप जोसँगबाट पनि सिक्न सकिन्छ।,Knowledge and skills can be learned from anyone.,D5G,7,short,Non-Past,Affirmative
COM_D2H_S1_S2_6645,तासाइ दात्ते डेङ्गुला च्यालाङ ल्हेःबान् निबासे न्हाङ्पा तयारि बिसाम तिबा नगरपालिका ल्हुइथाङ शाखाला थुइबोन काशीनाथ बञ्जाडेसे ग्रानाङ पिन्जि।,तर अहिले डेङ्गुको सङ्क्रमण बढ्दै गएकाले आन्तरिक तयारी भने शुरू गरिएको नगरपालिका स्वास्थ्य शाखाका संयोजक काशीनाथ बञ्जाडेले जानकारी दिए।,"However, as dengue infections are increasing, internal preparations have been initiated, informed Kashinath Banjade, coordinator of the municipal health branch.",D2H,19,long,Past,Affirmative
COM_P2_D2H_S2_2728,थेला छ्यामरि जुन चाबासे चासाइनोन लिच्छा कुल्ला लाबा बानी बसाल्दिदोमुला।,त्यसका साथै जुन खानेकुरा खाए पनि पछि कुल्ला गर्ने बानी बसाल्नुपर्छ।,"Additionally, you should make it a habit to rinse your mouth after eating whatever you eat.",D2H,11,medium,Non-Past,Affirmative
P3_D1A_S0_B2_2730,हाल्दि सास्हिङरि गाबोङ लाबारि जेः पिन्बा लाबा वाङ्बा हिन्ना।,बेसार खेतीमा प्रोत्साहन गर्न अनुदान प्रदान गर्न लागिएको हो।,Subsidies are being provided to encourage turmeric cultivation.,D1A,9,medium,Non-Past,Affirmative
COM_D2H_S3_1777,म्हेनिङला बिदाला रेकादेरि सुत्ताइ प्रतिष्ठानला एमडीजीएफ खेन्छेन्पो चिकित्सकग्याम ईएसएस ओपिडी स्याङ्बा लासेला मुला।,बडा दसैँको बिदाका दिनहरूमा समेत प्रतिष्ठानको एमडीजीएफ विशेषज्ञ चिकित्सकद्वारा ईएसएस ओपिडी सन्चालन गरिने छ।,The ESS OPD will be operated by the institute's MDGF specialist doctors even during the Bada Dashain holidays.,D2H,14,medium,Non-Past,Affirmative
D4S_S2_3464,सुपम्हाबा शिवला जामे न्हि थेन म्रिङ दात्ते नोन थेला ग्रेनग्याम च्यासि ब्रान्सिचिचिबान मुला।,बेपत्ता शिवका दुई छोरी र श्रीमती अहिले पनि उनको मूलबाटो हेरेर पर्खिरहेका छन्।,The missing Shiva's two daughters and wife are still waiting for him on the main road.,D4C,13,medium,Non-Past,Affirmative
D1A_S0_B2_1523,निबा दिङ जोङनाङरि सानाम्पासे सिका बुम १० ला पोवा चुङ्बा जोङ सानाम फेल्गेबा गेदिमसे उन्पाङ्बा मुला।,गत वर्ष जिल्लाभरका किसानले रु. १० लाखको बिरुवा बेचेको जिल्ला कृषि विकास कार्यालयले जनाएको छ।,"Last year, farmers across the district sold seedlings worth Rs. 10 lakh, according to the District Agricultural Development Office.",D1A,15,medium,Non-Past,Affirmative
COM_P2_D3E_S1_4201,साजाम्बुलिङबिमा फिर्ग्याप नोन केवाला म्हाइबा ताङरि चु ग्रह पत्ता लाग्तिबा हिन्ना।,पृथ्वीभन्दा बाहिर पनि जीवनको खोजी गर्ने क्रममा यी ग्रह पत्ता लागेका हुन्।,These planets were discovered during the search for life beyond Earth.,D3E,12,medium,Non-Past,Affirmative
COM_D4C_S1_S2_6342,विमानस्थल स्याङ्बारि खाबा न्हि दिङलिच्छा विमानस्थलग्याम नेपाल वायुसेवा निगमला नेपाल एयरलाइन्सछ्याम स्यानह्युल्साङ वायुसेवा कम्पनीकादेसे फ्याङ्बा ति:बालिच्छा दारे बिसाम विमानस्थल निम स्याङ्सेला म्राङ्बा मुला।,विमानस्थल संचालनमा आएको दुई वर्षपछि विमानस्थलबाट नेपाल वायुसेवा निगमको नेपाल एयरलाइन्ससहित अन्तर्राष्ट्रिय वायुसेवा कम्पनीहरूले उडान भर्न थालेपछि अब भने विमानस्थल नियमित संचालन हुने देखिएको छ।,"Two years after the airport came into operation, international airlines, including Nepal Airlines of Nepal Airlines Corporation, have started operating flights from the airport. It is now expected that the airport will be operating regularly.",D4C,25,very long,Non-Past,Affirmative
COM_D5G_S1_S2_2112,"चुराङ्बा खाचिबा दुइ पाङ्जि, ङा थेसे पाङ्बा ताम डान्बारि म्हाइला।","यस्तो कुन समय भनियो, म उसले भनेको कुरा सम्झिन खोज्छु।",I'm trying to remember what he said at what time.,D5G,10,medium,Non-Past,Affirmative
COM_P2_D5G_S1_3756,यथार्थला म्होकोन पाटा गोबारि म्होकोन कोणग्याम खाबा विचाररि ङानिसे ध्यान पिन्दोला।,यथार्थका सबै पाटा बुझ्न सबै कोणबाट आउने विचारमा हामीले ध्यान दिनुपर्छ।,We must pay attention to ideas from all angles to understand all aspects of reality.,D5G,11,medium,Non-Past,Affirmative
COM_P2_D4C_S1_B3_1041,लिच्छाला दुइ बिसाम फुन्दि ह्राप्पाकादेला अभावरि सख्या स्याबा लोप ताबा नाछालरि दोबा मुला।,पछिल्लो समय भने मादल बजाउनेको अभावमा सख्या नाच लोप हुने अवस्थामा पुगेको छ।,"Recently, however, the Sakhya dance has become almost extinct due to a lack of people playing the madal.",D4C,13,medium,Non-Past,Affirmative
COM_D2H_S4_5011,नागिसे जिमा क्वान्बा रेविजलिसोला भ्याक्सिन आतामा तिलाइ लाहेन्से ग्रा टाङ्सि अस्पतालसे फिच्चा साप्तो डुङ्बा उन्पाङ्बा मुला।,कुकुरले टोक्दा लगाउने रेविज विरुद्धको भ्याक्सिन नहुँदा केही महिनादेखि सूचना टाँसेर अस्पतालले उक्त सेवा बन्द रहेको जनाएको छ।,The hospital has been posting a notice for several months stating that the service has been closed due to the lack of a rabies vaccine for dog bites.,D2H,18,long,Non-Past,Affirmative
COM_P2_D2H_S4_8315,दात्ते जोङला अस्पतालग्याम साप्तो करारला म्हेन्दो गिक डाक्टरसे जेक्खेन पिन्बान खाबा ल्हुइथाङ गेदिम मनाङला ग्रेन्पो बद्री आचार्यसे ग्रानाङ पिन्जि।,अहिले जिल्लाको अस्पतालबाट सेवा करारका एक जना डाक्टरले मात्रै दिदै आएको स्वास्थ्य कार्यालय मनाङका प्रमुख बद्री आचार्यले जानकारी दिए।,"Badri Acharya, head of the Manang Health Office, informed that currently only one contracted doctor is providing services from the district hospital.",D2H,19,long,Past,Affirmative
P2_D1A_S0_B2_1493,जनप्रतिनिधि तामालिच्छा साङा थेन सुनसास्हिङरि वाङ्बारि ह्राङसे दुइ डिग्यान लाबारि आखाम्बा थेसे पाङ्जि।,जनप्रतिनिधि भइसकेपछि कोदो र धानखेतीमा लाग्न आफूले समय व्यवस्थापन गर्न नसकेको उनले बताए।,"He said that after becoming a public representative, he was unable to manage the time to engage in millet and rice farming.",D1A,13,medium,Past,Affirmative
COM_P2_D4C_S1_B2_1361,"सा–देवाच्यान बिबान खप्तड हिन्ना, थेताबासे छोन्बो मुमा नोन क्योङसे खप्तड दोतोमुला।","भू–स्वर्ग भनेकै खप्तड हो, त्यसैले जीवित छँदा नै सबैले खप्तड पुग्नुपर्छ।","Khaptad is the earthly paradise, so everyone should reach Khaptad while they are still alive.",D4C,11,medium,Non-Past,Affirmative
COM_P2_D5G_S2_3901,याम्बुरि दिम स्होबारि दिमथेमेग्याम खाबा दबाब कादेदोःना ताला बिबा नोन ट्रेलरसे सामेटतिबामुला।,काठमाडौँमा घर बनाउन परिवारबाट आउने दबाब कतिसम्म हुन्छ भन्ने पनि ट्रेलरले समेटेको छ।,The trailer also highlights the level of pressure from family to build a house in Kathmandu.,D5G,13,medium,Non-Past,Affirmative
P2_D1A_S0_B2_3538,रासायनिक सार आसुबा थाहा याङ्साइ नोन प्रमाणपत्र बिना च्या फिह्युल पुइबारि काक्ता मुला।,रासायनिक मल नलगाएको थाहा भए पनि प्रमाणपत्र बिना चिया विदेश पठाउन समस्या छ।,"Even if it is known that chemical fertilizers were not used, there is a problem with exporting tea abroad without a certificate.",D1A,13,medium,Non-Past,Affirmative
COM_D2H_S5_2896,कोलाला थोबोला मार कोबान निबासे च्याम थैलीदा थिसि च्याम योःना-योःना लाग्तिबारि खाम्ला।,बच्चाको टाउको तल सर्दै जाने हुँदा पिसाब थैलीलाई थिच्दा पिसाब छिटो-छिटो लाग्न सक्छ।,"As the baby's head moves down, pressing on the bladder can cause the urine to flow more quickly.",D2H,13,medium,Non-Past,Affirmative
P4_D1A_S1_B2_3474,"रा नोन न्हाजि तासाइ बिबाह्राङ आता, लिच्छा चुला सास्हिङ चुःजि दान्दे सोचबिमा ज्याबा खेबि पिन्बा मुला।","बाख्रा पनि पालाे तर भनेजस्तो भएन, पछि यसको खेती सुरु गरे अहिले सोचभन्दा राम्रो आम्दानी दिएको छ।","He also raised goats, but things didn't go as planned. Later, he started farming them, and now they are yielding better income than he had imagined.",D1A,17,long,Non-Past,Affirmative
COM_D2H_S1_S2_3697,जतिदुइरि ह्राङ होमरि क्युइ युलास्हिमुला ओत्तेदुइरि च्याम फिरि खामुला।,जतिबेला तपाईँ ट्वाइलेटमा पानी हाल्नुहुन्छ त्यतिबेला युरिन माथि आउछ।,"Every time you flush the toilet, urine comes up.",D2H,9,medium,Non-Past,Affirmative
COM_P2_D2H_S5_4080,जम्बुलिङ आर्थिक टकरावसे सन् २०३० रि फेरि छार ह्याम बासेला अनुमान लाबारि खाम्ला।,विश्व आर्थिक टकरावले सन् २०३० मा फेरि नयाँ महामारी ल्याइने अनुमान गर्न सकिन्छ।,It is estimated that the global economic crisis will bring about a new pandemic in 2030.,D2H,13,medium,Non-Past,Affirmative
COM_P2_D5G_S1_4030,ङ्हाच्छा याखारगिन चिबा थे तिनि न्हाङ्गार प्राय रेदाङ्सि खालाइ न खालाइ ब्योनकादे थोसि खामुला।,पहिले एक्लै बस्ने उ आजभोलि प्राय दिनदिनै कोहि न कोहि केटाहरू लिएर आउँछे।,"She used to live alone, but now she brings some guy with her almost every day.",D5G,13,medium,Non-Past,Affirmative
COM_P2_D2H_S1_275,चुसे ल्हुइदा क्याल्सियम पचबलाबा मद्दत लामुला,यसले शरीरलाई क्याल्सियम पचाउन मद्दत गर्छ।,It helps the body digest calcium.,D2H,6,short,Non-Past,Affirmative
COM_P2_D2H_S5_2971,दारेमला बिकल्प बिबा सुरक्षा थेन रोकथामला उपाय अपनाबलासि  राङ्ला गे लाबा नोन हिन्ना,अबको बिकल्प भनेको सुरक्षा र रोकथामका उपाय अपनाएर आफ्नो काम गर्ने नै हो।,The only option now is to do our job while adopting safety and prevention measures.,D2H,13,medium,Non-Past,Affirmative
COM_P2_D5G_S1_5871,"कलेजला खाल्दामान, थेनिकादेला चेगाइ ब्रेलला नुररि अनभिज्ञ आरेमुबा।","कलेजका जो कोही, उनीहरूको प्रेम सम्बन्धको विषयमा अनभिज्ञ थिएनन्।",No one at the college was unaware of their love affair.,D5G,9,medium,Past,Negative
COM_D2H_S1_S2_385,च्युइब्रेहेन्से  ६४ दिङला घन्टा म्हिसे  ब्रेहेन्से कु म्हेर्तोमुला।,अठारदेखि ६४ वर्षको मानिसले आठदेखि नौ घन्टा सुत्नुपर्छ।,People between the ages of eighteen and sixty-four should sleep eight to nine hours.,D2H,8,medium,Non-Past,Affirmative
P4_D1A_S1_B1_693,"सरकारसे जेः पिन्मा गोठे स्होसिपिन्बा, मुइ ग्लुसिपिन्बा आहिन।","सरकारले अनुदान दिँदा गोठ बनाइदिने, भैसी किन्दिने होइन।","When the government provides subsidies, it builds a cowshed, not buys buffaloes.",D1A,8,medium,Past,Negative
COM_P2_D3E_S2_4251,बरु फिच्चा टाङ्गा लोप्खाङरि लगानी लाबा आप्ता लाबा मुला ।,बरु उक्त रकम विद्यालयमा लगानी गर्ने निर्णय गरेका छौँ।,"Instead, we have decided to invest that money in the school.",D3E,9,medium,Non-Past,Affirmative
P3_D1A_S0_B3_652,जोङरि लिच्छाला दुइ कागती सास्हिङदा छोङनामकि लाबा सानाम्पाला साङ्ज्या दिङदाङ्से ल्हेबान मुला।,जिल्लामा पछिल्लो समय कागती खेतीलाई व्यावसायिक गर्ने किसानको सङ्ख्या बर्सेनि बढ्दै छ।,The number of farmers in the district who are commercializing lemon farming has been increasing year by year in recent times.,D1A,12,medium,Non-Past,Affirmative
COM_P2_D2H_S1_8762,ल्हुइथाङ गेदिम रूपन्देहीला ग्रेन्पो डा.राजेन्द्र गिरीसे १८ दिङबिमा फिला बेनान ह्युलम्हिदा म्हेनिङ ङाच्छान भेरोसेल दाप रोप्पारि वाङ्बा पाङ्जि।,स्वास्थ्य कार्यालय रूपन्देहीका प्रमुख डा.राजेन्द्र गिरीले १८ वर्षभन्दा माथिका सबै नागरिकलाई दसैँअघि नै भेरोसेल खोप लगाइन लागिएको बताए।,"Dr. Rajendra Giri, head of the Rupandehi Health Office, said that all citizens above the age of 18 are being vaccinated against Verocell before Dashain.",D2H,18,long,Past,Affirmative
D1A_S0_B2_4450,सानामरि आधुनिकीकरण थेन सानाम्पाला रेदाङ्सेरि सहजता बाबारि मेसिन पिन्बा लाबा मुला।,कृषिमा आधुनिकीकरण र कृषकको दैनिकीमा सहजता ल्याउन मेसिन प्रदान गरिएको छ।,Machines have been provided to modernize agriculture and bring ease to farmers' daily lives.,D1A,11,medium,Non-Past,Affirmative
P3_D1A_S0_B1_3456,"चुःबाला छ्यारि थाङ्बा ग्लारि ल्हाःना खु सुमुबा, लिच्छा कच्ची टनेलला लागिरि बास ह्रिसि कच्ची टनेल स्होसि खु सुजि।","सुरुआती चरणमा खुल्ला ठाउँमा धेरै तरकारी लगाउँथे, पछि कच्ची टनेलको लागि बास मागेर कच्ची टनेल बनाएर तरकारी लगाएँ।","In the early stages, I used to grow a lot of vegetables in open spaces, but later I asked for shelter and built a mud tunnel to grow vegetables.",D1A,18,long,Past,Affirmative
P2_D1A_S0_B1_352,च्या बिबा बित्तिकन ल्हानासे इलाम जोङदा डान्बा मुला।,चिया भन्ने बित्तिकै धेरैले इलाम जिल्लालाई सम्झन पुग्छन्।,"When it comes to tea, many people think of Ilam district.",D1A,8,medium,Non-Past,Affirmative
COM_P2_D2H_S3_3361,चाबााङहेन् ह्राङदा यौनसम्पर्क थान्बारि नोन लोङ्बा स्थिति मि आरेबिबा तामरि नोन ध्यान दोना लादोमुला,कतै तपाईँलाई यौनसम्पर्क राख्न नै डरलाग्ने स्थिति त छैन भन्ने कुरामा पनि ध्यान पुर्‍याउनुपर्छ।,You should also consider whether you are in a situation where you are afraid to have sex.,D2H,14,medium,Non-Past,Affirmative
COM_D3E_S3_2949,चिसाङरि एकीकृत अखिल नेपाल लोप्बोन सङ्गठनला लोप्बोनला नोन प्रतिनिधित्व मुबा।,भेटमा एकीकृत अखिल नेपाल शिक्षक सङ्गठनका शिक्षकको पनि प्रतिनिधित्व थियो।,Teachers from the Unified All Nepal Teachers' Organization were also represented at the meeting.,D3E,10,medium,Past,Affirmative
P4_D1A_S1_B2_2317,चुराङलासि निर्धारण लाबा सुनला ब्लुला साइ निबा दिङबिमा तिलाइ ल्हाना मुला।,यसरी निर्धारण गरिएको धानको बीउको मूल्य गत वर्षभन्दा केही महङ्गो छ।,The price of rice seeds determined in this way is slightly more expensive than last year.,D1A,11,medium,Non-Past,Affirmative
D1A_S0_B2_1453,दुइरिन निर्देशिका जारी आलामा सानाम्पाग्याम सुन ग्लुबा लाबारि आखाम्बा थेसे पाङ्जि।,समयमै निर्देशिका जारी नगर्दा किसानबाट धान खरिद गर्न नसकिएको उनले बताए।,He said that rice could not be purchased from farmers due to the lack of timely issuance of guidelines.,D1A,11,medium,Past,Affirmative
D4S_S3_1556,तटबन्धन लासिपिन्छाम कोङह्रावा तामुबा।,तटबन्धन गरिदिए सुरक्षा हुन्थ्यो।,"If we built an embankment, we would be safe.",D4C,4,short,Past,Affirmative
COM_D3E_S1_S2_2809,खाजिबाइ ग्याल्साला शैक्षिक रुपान्तरणला लागि महत्त्वपूर्ण ग्लाला स्रुगरि विश्वविद्यालयजुगुदा किन्ना।,कुनै पनि राष्ट्रको शैक्षिक रूपान्तरणका लागि महत्त्वपूर्ण थलोका रूपमा विश्वविद्यालयहरूलाई लिइन्छ।,Universities are considered important places for the educational transformation of any nation.,D3E,11,medium,Non-Past,Affirmative
COM_D4C_S1_S2_830,थेला आन्सार ज्योमोगाङपारिला जोङ मुस्ताङ थेन मनाङबिमा स्यान  प्रदेशला गोर कुः जोङरि थे गेताङ स्याङ्बान मुला।,उनका अनुसार हिमालपारिको जिल्ला मुस्ताङ र मनाङबाहेक प्रदेशका नौ जिल्लामा सो कार्यक्रम सञ्चालन भइरहेको छ।,"According to him, the program is being implemented in nine districts of the province, except for the trans-Himalayan districts of Mustang and Manang.",D4C,15,medium,Non-Past,Affirmative
D1A_S0_B2_1875,सानाम विभागला ग्रेनकाठाक्पा जगनाथ तिवारीसे ल्हानाराङ तेन्तो उत्पादनला लागिरि तटस्थ साप्रा उपयुक्त ताबा उन्ब्रिजि।,कृषि विभागका महानिर्देशक जगनाथ तिवारीले धेरैजसो बाली उत्पादनको लागि तटस्थ माटो उपयुक्त हुने उल्लेख गरे।,"Jagannath Tiwari, Director General of the Department of Agriculture, noted that neutral soil is suitable for most crop production.",D1A,15,medium,Past,Affirmative
COM_P2_D5G_S2_2538,शायद टिभीरि म्राङ्बा हिन्ना ?,शायद टिभीमा देखेको हो?,Maybe you saw it on TV?,D5G,4,short,Non-Past,Affirmative
D1A_S0_B1_3489,"थेसे पाङ्जि, चिसाङरि तिःरिला नुररि सानाम खेन्पोछ्याम राय, ग्रोइ, सुझावछ्याम क्षति च्याङ्ना लाबा तयारी ताचिबा मुला। ","उनले भने, 'बैठकमा सलहको विषयमा कृषि विज्ञसँगको राय, सल्लाह, सुझावसहित क्षति कम गर्ने तयारी भइरहेको छ।","He said, ""Preparations are being made to reduce the damage with the opinions, advice, and suggestions of agricultural experts regarding the locust issue at the meeting.""",D1A,16,long,Non-Past,Affirmative
COM_D3E_S1_S2_659,बेनान ग्युइसेरखाङसे ओजेटी अनिवार्य लाबारि खामचिबा नाछाल आरे।,सबै शिक्षालयले ओजेटी अनिवार्य गर्न सकिरहेको अवस्था छैन।,Not all schools are able to make OJT mandatory.,D3E,8,medium,Non-Past,Negative
COM_P2_D2H_S3_133,चोट ओसेम स्हुखाबाला काक्तारि हाल्दि चाबा लामुला।,चोट तथा दुखाईको समस्यामा बेसारको सेवन गरिन्छ।,Turmeric is used to treat injuries and pain.,D2H,7,short,Non-Past,Affirmative
D4S_S2_891,थेनिकादे ङाच्छा माडीलान कुसुम स्योङरि चिमुबा।,उनीहरू पहिला माडीकै कुसुम खोलामा बस्थे।,They used to live in the Kusum River in Madi.,D4C,6,short,Past,Affirmative
COM_P2_D2H_S1_6680,विराटनगरला मञ्जु ढकालदा ल्हुइथाङ बीमा बोर्डला बीमा कार्डसे क्योन्बारि सजिलो ताबा मुला।,विराटनगरकी मञ्जु ढकाललाई स्वास्थ्य बीमा बोर्डको बीमा कार्डले उपचारमा सजिलो भएको छ।,Manju Dhakal of Biratnagar has found it easier to get treatment with the Health Insurance Board's insurance card.,D2H,12,medium,Non-Past,Affirmative
COM_P2_D5G_S1_3108,चु दानरि गोरसोम ताम स्पष्ट म्राङ्बारि खामुला।,यस आधारमा तीन कुरा स्पष्ट देखिन आउँछन्।,"Based on this, three things become clear.",D5G,7,short,Non-Past,Affirmative
COM_P2_D5G_S2_774,"ह्युलम्हिसे सेबा, गोबा थेन लोप्पा दुइसाङ याङ्ला।","जनताले जान्ने, बुझ्ने र सिक्ने अवसर पाउँछ।","People get the opportunity to know, understand, and learn.",D5G,7,short,Non-Past,Affirmative
COM_D3E_S4_5439,तासाइ विश्वरिन गिक्छारेम क्योल्बारि चुःबा चु प्रविधि नेपालरि चिसि लोप्पारि सजिलो आरेबा।,तर विश्वमै पहिलोपल्ट प्रयोग गर्न थालिएको यो प्रविधि नेपालमा बसेर सिक्न सजिलो थिएन।,"But this technology, which was being used for the first time in the world, was not easy to learn in Nepal.",D3E,13,medium,Past,Negative
COM_P2_D5G_S2_3266,म्हिल्हुइ जातिला मुक्ति ग्याम हिन्ना।,मानव जातिको मुक्तिपथ हो।,It is the path to salvation for humanity.,D5G,4,short,Non-Past,Affirmative
P3_D1A_S0_B2_1008,"हाल्दिदा चिकित्सा विज्ञानसे भिटामिन ओसेम खनिज लवणला उत्तम स्रोतला स्रुगरि किन्बा लामुला।
",बेसारलाई चिकित्सा विज्ञानले भिटामिन तथा खनिज लवणको उत्तम स्रोतको रूपमा लिने गरेको छ।,Turmeric is considered by medical science to be an excellent source of vitamins and minerals.,D1A,13,medium,Non-Past,Affirmative
COM_P2_D5G_S1_7950,"थेलिच्छा बिसाम डिल खाराङलासि ङ्हाच्छा दाङ्जि, ङादा नोन था आरे।","त्यसपछि भने डिल कसरी अगाडि बढ्यो, मलाई पनि थाहा छैन।",I don't even know how the deal progressed after that.,D5G,10,medium,Non-Past,Negative
COM_D4C_S1_S2_988,दाउन्नेला दाउन्ने लाथानरि दात्ते रेदाङ्से तोङ्जा गिकबिमा ल्हाना न्हाङ्पा ह्युलकोर्पा ज्याल्बाला लागिरि दोबा लाबा मुला।,दाउन्नेको दाउन्ने मन्दिरमा अहिले दैनिक एक हजारभन्दा धेरै आन्तरिक पर्यटक दर्शनका लागि पुग्ने गरेका छन्।,More than a thousand domestic tourists now visit the Daunne Temple in Daunne every day.,D4C,15,medium,Non-Past,Affirmative
D4S_S2_5535,ङानि सडकदा कोङह्रावारि स्होबा अभियानरि छ्याम पिन्बारि तयार मुला।,हामी सडकलाई सुरक्षित बनाउने अभियानमा साथ दिन तयार छौँ।,We are ready to support the campaign to make roads safer.,D4C,9,medium,Non-Past,Affirmative
COM_P2_D3E_S1_6205,चुराङलासि डोसि थेसे डा ११ रि पशुपति क्याम्पसला ग्युइसेर सङ्काय नोन टप लाजि।,यसरी पढेर उनले ११ कक्षामा पशुपति क्याम्पसको शिक्षा सङ्काय नै टप गरे।,"After studying in this way, he topped the education faculty of Pashupati Campus in the 11th grade.",D3E,12,medium,Past,Affirmative
COM_P2_D2H_S3_3344,थेनिकादेला भनाईरि खोप रोप्पा व्यक्तिरि का छ्याबा बिबा विवरणरि पूर्ण सत्यता आरे।,उनीहरूको भनाईमा खोप लगाएका व्यक्तिमा रगत जमेको भन्ने विवरणमा पूर्ण सत्यता छैन।,"According to them, the report that blood clots occurred in vaccinated individuals is not entirely true.",D2H,12,medium,Non-Past,Negative
D4S_S3_6784,लक्ष्मी पूजाला ब्लि रेलिच्छा छठ प्रिबाला विधिकादे चुःमुला।,लक्ष्मी पूजाको चार दिनपछि छठ पर्वका विधिहरू सुरु हुन्छन्।,The rituals of Chhath festival begin four days after Lakshmi Puja.,D4C,9,medium,Non-Past,Affirmative
D4S_S2_5511,"स्थानीय निकाय, प्रहरी प्रशासनलान सेटिङरि अनुमतिआरेबाला, मापदण्डलिसोला अवैध अस्पताल ओसेम क्लिनिककादे स्याङ्बाला मुला।","स्थानीय निकाय, प्रहरी प्रशासनकै सेटिङमा अनुमतिविनाका, मापदण्डविपरीत अवैध अस्पताल तथा क्लिनिकहरू सञ्चालन भएकोे छ।","Illegal hospitals and clinics have been operating without permits and against standards, within the settings of local bodies and police administrations.",D4C,14,medium,Non-Past,Affirmative
D1A_S0_B2_1284,रेम गिक पोवा सुमा लिच्छा च्याङ्नारि २५ दिङ दोःना खेबि किन्बारि खाम्बा थेसे पाङ्मुला।,एक पटक बिरुवा लगाएपछि कम्तीमा २५ वर्षसम्म आम्दानी लिन सकिने उनी बताउँछन्।,"He says that once a tree is planted, it can generate income for at least 25 years.",D1A,12,medium,Non-Past,Affirmative
COM_D3E_S3_2672,ग्युइसेर महाशाखासे निबा नारे तिरेम गोरब्रे माध्यमिक लोप्खाङला प्रधानाध्यापक सरुवा लाबा मुबा ।,शिक्षा महाशाखाले गत बिहीबार एकै पटक आठ माध्यमिक विद्यालयका प्रधानाध्यापक सरुवा गरेको थियो।,The Education Division transferred the principals of eight secondary schools at once last Thursday.,D3E,13,medium,Past,Affirmative
COM_D3E_S5_2463,दात्तेदोःना चुला खाचिबाइ क्योन्बा आरे थेन चिकित्सककादेसे नोइला नाछोतकादेला जेक्खे क्योन्बारि खाम्ला।,अहिलेसम्म यसको कुनै उपचार छैन र चिकित्सकहरूले रोगका लक्षणहरूको मात्र उपचार गर्न सक्छन्।,There is currently no cure for it and doctors can only treat the symptoms of the disease.,D3E,13,medium,Non-Past,Affirmative
P3_D1A_S0_B2_2666,"सेरा निगे मोजे चागेला निरन्तरताछ्याम सुन्तला पकेट, रा जोन राङ्बा गेताङ स्याङ्बा लाबानोन ठिमरि उन्ब्रिबा मुला।","सेरा जाऔँ केरा खाऔँको निरन्तरतासहित सुन्तला पकेट, बाख्रा जोनलगायत कार्यक्रम सञ्चालन गर्ने पनि नीतिमा उल्लेख छ।","The policy also mentions the continuation of the ""Let's Go to the Forest and Eat Bananas"" program, as well as the implementation of Orange Pocket and Goat Zone programs.",D1A,16,long,Non-Past,Affirmative
COM_P2_D3E_S2_244,ङानि च्याङ्नारि म्हेन्दो २० लोप्बोन नेतृत्व तयार लासेला मुला।,हामी घटीमा २० जना शिक्षक नेतृत्व तयार गर्नेछौँ।,We will prepare at least 20 teacher leaders.,D3E,8,medium,Non-Past,Affirmative
COM_P2_D3E_S1_3477,क्याम्पस  ग्रेन्पोला आन्सार चालू न्होरकि दिङरि कलेजसे डिजिटल डाकोठाला डिछ्या लाबारि वाङ्बा मुला।,क्याम्पस प्रमुखका अनुसार चालू आर्थिक वर्षमा क्याम्पसले डिजिटल कक्षाकोठाको व्यवस्था गर्न लागेको छ।,"According to the campus head, the campus is going to arrange digital classrooms in the current fiscal year.",D3E,13,medium,Non-Past,Affirmative
P3_D1A_S0_B2_2883,तिलाइ रे प्राङ्बोला चाबाला स्रुगरि ङोसेबा साङाला छ्याम्बा दान्दे ग्रेन होटल थेन दिमबासरि सुत्ताइ दाःम्बा परिकार दोःबा मुला।,कुनै दिन गरिबको खानाको रूपमा चिनिएको कोदोको ढिडो अहिले ठूला होटल र घरबासमा समेत रुचाइएको परिकार बनेको छ।,"Once known as a poor man's food, millet porridge has now become a favorite dish in large hotels and even homes.",D1A,18,long,Non-Past,Affirmative
D4S_S3_288,छोङनाम तिःबाला नाछाल चुराङ्बा आरेबा।,व्यवसाय सुरु गर्दाको अवस्था यस्तो थिएन।,This was not the case when the business was started.,D4C,6,short,Past,Negative
COM_D4C_S1_S2_4745,नाम्स्योला रेरि खाइमाग्याम्से होटल स्याङ्बारि खाबा खाचिबाइ निश्चित आरे कोरोनाग्याम ति:बा ह्युलकोर उद्योगदा उकासतिबा ग्याल्सा संवेदनशील तादोइदा म्राङ्बा मुला।,भोलिका दिनमा कहिलेबाट होटल सञ्चालनमा आउने कुनै निश्चित छैन कोरोनाबाट थलिएको पर्यटन उद्योगलाई उकास्न राज्य संवेदनशील हुनुपर्ने देखिएको छ।,"It is not certain when the hotel will reopen in the future. It seems that the state needs to be sensitive to boost the tourism industry, which has been hit by the coronavirus.",D4C,19,long,Non-Past,Affirmative
P2_D1A_S0_B1_3847,इलाम सूर्योदय नगरपालिकासे माध्यमिक तादारि च्या नुरदा पाठ्यक्रमला स्रुगरि लागू लाबा योजना ङ्हाच्छा बोर्जि छ्यामनोन चु नुररि ढोबा तास्हेला मुस्हेला,इलाम सूर्योदय नगरपालिकाले माध्यमिक तहमा चिया विषयलाई पाठ्यक्रमको रूपमा लागू गर्ने योजना अघि बढाएसँगै यस विषयमा पढाइ हुने भएको छ।,"Ilam Suryodaya Municipality has launched a plan to implement tea as a curriculum at the secondary level, and the subject is set to be taught.",D1A,20,long,Non-Past,Affirmative
COM_P2_D5G_S4_1112,व्हाइरि ह्रेम्पाला काइ जेन मुबा।,गीतमा पुरुषको आवाजमात्रै थियो।,The song only featured a male voice.,D5G,4,short,Past,Affirmative
D4S_S2_2306,रथल्हामन्हाङला ज्याबा मुहूर्त्तरि थती टोलरि मच्छिन्द्रनाथला रथला च्योदोग्याम नरिवल ताइनालामुला।,रथयात्रा अन्तर्गत शुभ मुहूर्त्तमा थती टोलमा मच्छिन्द्रनाथको रथको टुप्पोबाट नरिवल खसालिन्छ।,"During the Rath Yatra, coconuts are dropped from the top of Machhindranath's chariot at Thati Tol at auspicious times.",D4C,11,medium,Non-Past,Affirmative
COM_D2H_S4_2340,अस्पतालरि डेङ्गु नोइला परीक्षण लाबा खाबा साङ्ज्या ल्हेःबा तासाइनोन् डेङ्गुला ह्यामला स्रुगरि फैलबआताबा पाङ्जि।,अस्पतालमा डेङ्गु रोगको परीक्षण गर्न आउनेको सङ्ख्या बढेको भए पनि डेङ्गुको महामारीको रूपमा नफैलिएको बताए।,"He said that although the number of people coming to the hospital for dengue testing has increased, dengue has not spread as an epidemic.",D2H,15,medium,Past,Affirmative
P3_D1A_S0_B1_1483,खु सास्हिङ लाबा वडारि दर्जन सोम दान्ना सानाम्पा तासाइनोन थेला नम्बर गिकरि मुला।,तरकारी खेती गर्ने वडामा तीन दर्जन बढी किसान भए पनि उहाँ एक नम्बरमा छन्।,"Although there are more than three dozen farmers in the ward who cultivate vegetables, he is number one.",D1A,14,medium,Non-Past,Affirmative
COM_D3E_S1_S2_2946,छार पाठ्यक्रम आन्सार दारेला परीक्षारि गोरङि स्योरि फेसि पाठ्यक्रम स्हेङ्बा मुला ।,नयाँ पाठ्यक्रम अनुसार अबको परीक्षामादुई ओटा पत्रमा विभाजन गरी पाठ्यक्रम निर्माण गरिएको छ।,"According to the new syllabus, the syllabus for the upcoming exam has been divided into two papers.",D3E,13,medium,Non-Past,Affirmative
COM_P2_D3E_S1_3547,"ग्युइसेर ऐन, नियमावलीरि तिका ताम ब्रिबा मुला थे दानरि चालाब लाबा हिन्ना।","शिक्षा ऐन, नियमावलीमा के कुरा लेखेको छ त्यो आधारमा चल्ने हो।",It will operate based on what is written in the Education Act and regulations.,D3E,11,medium,Non-Past,Affirmative
COM_P2_D4C_S1_B4_1785,चुरि जाजाबा लोप्खाङकि बिजाबुमोहेन्से कलेजला छारिब्योनछारिछामे आसेम दिम्मादोःना बोकिन्बा मुला।,"यसमा साना स्कूले बालबालिकादेखि, कलेजका युवायुवती अनि गृहिणीसम्म सहभागी छन्।",Participants range from small school children to college students and housewives.,D4C,10,medium,Non-Past,Affirmative
COM_P2_D2H_S1_4950,कोभिसिल्ड खोपला आयात नोन आताबासे खाइमा ङिछा मात्रा रोप्सेला बिबा नुररि निगोद आरे,कोभिसिल्ड खोपको आयात नै नभएकाले कहिले दोस्रो मात्रा लगाउने भन्ने विषयमा यकिन छैन।,"Since the Covishield vaccine has not been imported, it is uncertain when the second dose will be administered.",D2H,13,medium,Non-Past,Negative
COM_P2_D2H_S3_8557,दात्ते तिङला काक्ता थोसि अस्पताल दोबा ४० दिङफिला नाबागुङरि २० हेन्से २५ कार्ग्या तिङठा ताबा लाबा अस्पतालकादेला तथ्याङ्क मुला।,अहिले मुटुको समस्या लिएर अस्पताल पुग्ने ४० वर्षमुनिका बिरामीमध्ये २० देखि २५ प्रतिशत हृदयाघातका हुने गरेको अस्पतालहरूको तथ्याङ्क छ।,"Currently, hospital statistics show that 20 to 25 percent of patients under the age of 40 who are admitted to hospitals with heart problems suffer from heart attacks.",D2H,19,long,Non-Past,Affirmative
COM_P2_D2H_S2_2659,दरला मिनरि होटल थेन पार्टी प्यालेग्यासरि रेडिमेड चाबासे चाबा चलन ल्हेःबा मुला,दरको नाममा होटल र पार्टी प्यालेसहरूमा रेडिमेड खानेकुरा खाने चलन बढेको छ।,The trend of eating ready-made food in hotels and party palaces in the name of price has increased.,D2H,12,medium,Non-Past,Affirmative
D1A_S0_B1_2038,थेनिकादेसे दारेम तिलाइ दिन चु गोठेरि दिनमुन थासेला मुला।,उनीहरू अब केही दिन यहीँ गोठमा दिन रात बिताउने छन्।,They will now spend days and nights in this barn for a few days.,D1A,10,medium,Non-Past,Affirmative
COM_P2_D4C_S1_B4_2722,ज्याबा सम्भावना पुइबा ग्लारि जलयात्राला फेल्गेबा थेन ह्युलकोर ल्हेछ्या लाबारि प्रदेश सरकारसे लगानी लाबा योजना स्होबाला मुला।,राम्रो सम्भावना बोकेको ठाउँमा जलयात्राको विकास र पर्यटन प्रवर्धन गर्न प्रदेश सरकारले लगानी गर्ने योजना बनाएको छ।,The provincial government has planned to invest in developing rafting and promoting tourism in areas with good potential.,D4C,17,long,Non-Past,Affirmative
COM_P2_D5G_S1_8272,"छुबा तिका मुला बिसाम, चु दुइ ह्राङ्ला दाम्बाला खेलाडी थेन टिम आरेबा।","रमाइलो के छ भने, त्यसबेला आफ्नो रोजाइका खेलाडी र टिम थिएनन्।","The funny thing is, at that time, I didn't have my favorite players and teams.",D5G,11,medium,Past,Negative
COM_D2H_S1_S2_1048,ल्हाना म्हिरि स्वाला याकारगिक ना याकारगिक काक्ता तामुला।,धेरै मानिसमा दाँतको एउटा न एउटा समस्या हुन्छ।,Many people have one or another dental problem.,D2H,8,medium,Non-Past,Affirmative
P3_D1A_S0_B3_1671,थेराङ्बान जोङला टेम्केमैयुङ गाउँपालिकाला सानाम्पा नगेन्द्र राईसे नोन रोपनी निस क्षेत्रफलरि अकबरे खुर्सानीला सास्हिङ लाबान खाबा मुला।,त्यस्तै जिल्लाको टेम्केमैयुङ गाउँपालिकाका कृषक नगेन्द्र राईले पनि सात रोपनी क्षेत्रफलमा अकबरे खुर्सानीको खेती गर्दै आएका छन्।,"Similarly, farmer Nagendra Rai of Temkemaiyung Rural Municipality in the district has also been cultivating Akbar chillies on an area of ​​seven ropanis.",D1A,17,long,Non-Past,Affirmative
COM_P2_D3E_S2_3328,अनलाइन पहुँचरि आरेबाजुगुदा भौतिक दूरी कायम थान्सि लोप्खाङरिन परीक्षा किन्सेला थेसे पाङ्जि।,अनलाइन पहुँचमा नभएकाहरूलाई भौतिक दूरी कायम राखेर विद्यालयमा नै परीक्षा लिइने उनले बताइन्।,"She said that for those who do not have online access, the exam will be conducted in schools, maintaining physical distancing.",D3E,13,medium,Past,Affirmative
D1A_S0_B2_4176,"ब्रोइखाबा, प्रोटिनयुक्त तेन्तोसे गर्भवती थेन बिजाबुमोला क्रास्या फेल्गेबारि खेना लाबा सानाम शाखा ग्रेन्पोला पाङ्बा मुला।","स्वादिष्ट, प्रोटिनयुक्त बालीले गर्भवती र बालबालिकाको मस्तिष्क विकासमा फाइदा पुर्‍याउने कृषि शाखा प्रमुखको भनाइ छ।","The head of the agriculture branch says that the tasty, protein-rich crop benefits the brain development of pregnant women and children.",D1A,15,medium,Non-Past,Affirmative
COM_D2H_S4_1583,बेसाररि एन्टीसेप्टिक गुण तामुला बिसाम एन्टीअक्सिडेन्टला ज्याबा स्रोत हिन्ना।,बेसारमा एन्टीसेप्टिक गुण हुन्छ भने एन्टीअक्सिडेन्टको राम्रो स्रोत हो।,Turmeric has antiseptic properties and is a good source of antioxidants.,D2H,9,medium,Non-Past,Affirmative
COM_P2_D2H_S1_4751,रकारसे डेङ्गु नियन्त्रणरि तुरुन्त प्रभावकारी कदम चालाबलातोबा थेनिकादेला आग्रह मुला।,सरकारले डेङ्गु नियन्त्रणमा तुरुन्त प्रभावकारी कदम चाल्नुपर्ने उनीहरूको आग्रह छ।,They urge the government to take immediate and effective steps to control dengue.,D2H,10,medium,Non-Past,Affirmative
COM_P2_D5G_S1_10259,"ङा अजाइ नोन, थेदा ङामग्याम घोरिएर मिक्साल लाबान लामा, विश्वस्त ताला कि थे थेनोन ङाला बोक्टो डान्बालान ङोसेबा पात्र हिन्ना।","म अझै पनि, उनलाइ नजिकबाट घोरिएर अवलोकन गर्दै गर्लाइ, विश्वस्त हुन्छु कि उनी त्यहि मेरो पुरानो स्मृतिकै परिचित पात्र हुन्।","I still, staring at him closely, am convinced that he is the same familiar character from my old memories.",D5G,20,long,Non-Past,Affirmative
COM_D3E_S1_S2_5352,"ग्युइसेर, बिज्ञान ओसेम प्रविधि ब्लोनखाङ न्हाङ्ला परियोजना छोङ्पा ग्युइसेर ओसेम कुबा ल्हानाल्हेना लाबा परियोजना ङिछासे बेरोजगार छारिब्योनजुगुदा स्वरोजगारला दुइसाङ बाबा हिन्ना। ","शिक्षा, बिज्ञान तथा प्रविधि मन्त्रालय अन्तर्गतको परियोजना व्यावसायिक शिक्षा तथा तालिम अभिवृद्धि परियोजना दोश्रोले बेरोजगार युवाहरूलाई स्वरोजगारको अवसर ल्याएको हो।","The Vocational Education and Training Enhancement Project II, a project under the Ministry of Education, Science and Technology, has brought self-employment opportunities to unemployed youth.",D3E,20,long,Non-Past,Affirmative
COM_P2_D2H_S1_7744,थेसे एन्टिजेन बेस्ड टेस्ट योःना थेन ल्हाना म्हिला तोःबा नाछालरि क्योल्बा तासेला पाङ्बा मुला।,उनले एन्टिजेन बेस्ड टेस्ट छिटो र धेरैजनाको गर्नुपर्ने अवस्थामा प्रयोग हुने बताएका छन्।,He said that antigen-based tests would be faster and more widely used.,D2H,13,medium,Non-Past,Affirmative
D1A_S0_B3_161,"फिह्युल निबाजुगु ल्हेःमा, सानाम्पासे न्हेला टाङ्गा आयाङ्मा, स्यान सेमचेनला बजारीकरण काक्ता तामा सेमचेनन्हाबा घाट्तिबा हिन्ना।","विदेश जानेहरू बढ्दा, किसानले दुधको रकम नपाउँदा, अन्य पशुको बजारीकरण समस्या हुँदा पशुपालन घटेको हो।","Animal husbandry has declined due to an increase in people going abroad, farmers not receiving milk subsidies, and problems with marketing other animals.",D1A,15,medium,Non-Past,Affirmative
P3_D5G_S2_B1_568,थेसे बाइ ग्योइला नोन व्हाइ गोःबा मुला।,उनले नेपाल भाषाको पनि गीत गाएका छन्।,He has also sung songs in Nepali.,D5G,7,short,Non-Past,Affirmative
COM_D3E_S1_S2_4818,कक्षा ११ ला नियमति परीक्षाला परीक्षारोरो बिसाम खाबा ख्रेला १० गतेन्हाङरि सार्वजनिक लाबा तयारी लाबा पाङ्बा मुला।,कक्षा ११ को नियमित परीक्षाको परीक्षाफल भने आगामी पुस १० गतेभित्र सार्वजनिक गर्ने तयारी गरिएको बताइएको छ।,It is said that preparations are underway to make the results of the regular Grade 11 examination public by the next Poush 10.,D3E,17,long,Non-Past,Affirmative
P2_D1A_S0_B2_439,डुच्युइ बिमा दान्ना डोँडरि सिङ्सोर लास्ह्युबा थेसे दिङ्कि सरदर ५०० किलो खुदु चुङ्मुला।,साठी भन्दा बढी घारमा मौरीपालन गर्नुभएका उहाँले वार्षिक सरदर ५०० किलो मह बेच्नुहुन्छ।,He has more than sixty beehives and sells an average of 500 kg of honey annually.,D1A,13,medium,Non-Past,Affirmative
P2_D1A_S0_B1_1432,तिला लासाय ङानिसे सिगाय बिसि सेनासेना साइबा मि आहिन।,के गर्नु हामीले मरोस् भनेर जानाजान मारेको त होइन।,What should we do? We didn't intentionally kill them so that they would die.,D1A,9,medium,Past,Negative
COM_D2H_S3_2253,"काः वा योनिस्रावला जाँचग्याम क्लामाइडिया, गोनोरिया, एचआईभी, हेपाटाइटिस बी थेन सीला जाँच लाबारि बुद्धिमानी तामुला।","रगत वा योनिस्रावको जाँचबाट क्लामाइडिया, गोनोरिया, एचआईभी, हेपाटाइटिस बी र सीको जाँच गराउनु बुद्धिमानी हुन्छ।","It is wise to get tested for chlamydia, gonorrhea, HIV, hepatitis B and C through blood or vaginal discharge tests.",D2H,15,medium,Non-Past,Affirmative
COM_D2H_S1_S2_3384,पिङ प्याजला निम चाबा लाजि बिसाम मिःला लागिरि एन खेबिजनक तामुला।,हरियो प्याजको नियमित सेवन गरेमा आँखाका लागि पनि फाइदाजनक हुन्छ।,Regular consumption of green onions is also beneficial for the eyes.,D2H,10,medium,Non-Past,Affirmative
D1A_S0_B2_388,स्योङरि सेवारला ब्लु सारदिबा लिच्छा गोल्छेसे फेल्बान निबा मुला।,खोलामा सेवारको बीउ सारेपछि बिस्तारै फैलिंदै गएको छ।,"After the seeds of the Sevar tree were moved to the river, they have been slowly spreading.",D1A,8,medium,Non-Past,Affirmative
D1A_S0_B1_2601,थेसे बाँझा चिबा म्राङला डेङारि रा न्हाबा सोच स्होजि।,उनले बाँझा रहेका बारीमा पाटामा बाख्रापालन गर्ने सोच बनाए।,He thought of raising goats in the fields in the barren fields.,D1A,9,medium,Past,Affirmative
D1A_S0_B1_1369,सिँचाइ आयोजना थेन ह्रिबाला दानरि स्यामो सास्हिङला झान्नाइ ३०० सानाम्पादा जेः पिन्बा मुला।,सिँचाइ आयोजना र मागका आधारमा च्याउखेतीमा झण्डै ३०० किसानलाई अनुदान दिएका छौँ।,We have provided subsidies to nearly 300 farmers for mushroom cultivation based on irrigation projects and demand.,D1A,12,medium,Non-Past,Affirmative
P4_D1A_S1_B1_1244,कफीला छोङनामकिता ल्हेःना लाबा दोन्तासे कफी सुबा आम्दानी ल्हेःना अभियान नगरसे तिःबाला मुला।,कफीको व्यावसायिकता बढाउने उद्देश्यले कफी रोपौ आम्दानी बढाउँ अभियान नगरले सुरु गरेको छ।,"The city has launched the ""Plant Coffee, Increase Income"" campaign with the aim of increasing the commercialization of coffee.",D1A,13,medium,Non-Past,Affirmative
COM_P2_D4C_S1_B2_814,चुराङ्बा ह्रेवासे मौलिक रिमठिमदा सुत्ताइ थोइबारि थान्मुला।,यस्तो व्यवहारले मौलिक संस्कृतिलाई समेत ओझेलमा पार्छ।,Such behavior even overshadows the original culture.,D4C,7,short,Non-Past,Affirmative
COM_P2_D3E_S1_6603,थे आयोगला खेडोबलिच्छा विश्वविद्यालयरि ताबा हस्तक्षेपदा खाराङलासि काबारि खाम्ला बिसाम गोरगिक मापदण्ड स्होसेला मुला ।,त्यो आयोगको अध्ययनपछि विश्वविद्यालयमा भएको हस्तक्षेपलाई कसरी रोक्न सक्छौँ भने एउटा मापदण्ड बनाउँछौँ।,"After that commission's study, we will create a standard on how we can prevent interference in universities.",D3E,13,medium,Non-Past,Affirmative
D4S_S1_6994,"अग्रज मान्यजनला याग्याम टीका नोम्बा लामा सुख, स्हिवा, ग्हेछ्या थेन वैभव याङ्बाला साम्तेन मुला।","अग्रज मान्यजनको हातबाट टीका ग्रहण गर्दा सुख, शान्ति, समृद्धि र वैभव प्राप्त हुने विश्वास छ।","It is believed that receiving tika from the hands of elders brings happiness, peace, prosperity, and glory.",D4C,15,medium,Non-Past,Affirmative
COM_P2_D2H_S3_3661,कोरोना च्यालाङ ल्हेःबान निबालिच्छा थेला काबाबेन्बा थेन नियन्त्रणला लागिरि बैतडीरि उच्च सतर्कता आपनालाबा मुला।,कोरोना सङ्क्रमण बढ्दै गएपछि त्यसको रोकथाम र नियन्त्रणका लागि बैतडीमा उच्च सतर्कता अपनाइएको छ।,"As the coronavirus infection continues to increase, high alert has been adopted in Baitadi to prevent and control it.",D2H,14,medium,Non-Past,Affirmative
COM_D2H_S5_3644,कादेराङ केसरि आझा सस्तोरि एन टेस्टट्युब लाइनुला केवा गेरिम छ्योना ताला।,कतिपय केसमा अझ सस्तोमा पनि टेस्टट्युब बेबीको जन्म प्रक्रिया पूरा हुन्छ।,"In some cases, the test tube baby birth process can be completed even more cheaply.",D2H,11,medium,Non-Past,Affirmative
COM_D2H_S1_S2_4551,शिविररि पाठेघर ताइबा काक्ता ताबा म्हेन्दो १० रिङ प्रेसरी थान्सि क्योन्बा लाबा मुबा।,शिविरमा पाठेघर खस्ने समस्या भएका १० जनामा रिङ प्रेसर राखेर उपचार गरिएको थियो।,"At the camp, 10 people with uterine prolapse were treated with a ring pressor.",D2H,13,medium,Past,Affirmative
COM_D5G_S4_2527,गुरुला ताम थेःबालिच्छा ङादा ह्राङला जेक्खे आहिन ह्राङलाकादेला फाेला महत्व सुत्ताइ था ताजि।,गुरुको कुरा सुनेपछि मलाई आफ्नो मात्र होइन आफ्नाहरूको भुँडीको महत्व समेत थाहा भयो।,"After listening to the guru, I realized the importance of not only my own but also the importance of my fellow human beings.",D5G,13,medium,Past,Affirmative
COM_D2H_S1_S2_3822,"चु सम्भव आरे बिबा तामरि क्लियर मुला, ते अपेक्षा एन थान्बा आरे।","यो सम्भव छैन भन्ने कुरामा क्लियर छु, त्यो अपेक्षा पनि राखेको छैन।","I am clear that this is not possible, and I do not even hold out any expectation of it.",D2H,12,medium,Non-Past,Negative
COM_P2_D5G_S3_6733,"ब्रेल्साङ  समारोहमा थेकादेका दिमथेमे,ङेङ्गोर  र तिलाइ  ह्रो कादेबो  मुबा।","विवाह समारोहमा उनीहरूका परिवार, आफन्त र केही साथीहरू सहभागी थिए।","Their family, relatives, and a few friends attended the wedding ceremony.",D5G,10,medium,Past,Affirmative
D1A_S0_B3_1918,चु तेमे फार्मरि खाबा लाबा छारिब्योनजुगुसे नोन चुस्पान उदाहरणीय तिलाइ सानाम गे लाबा पाङ्बा लाबा मुला।,यस आलु फार्ममा आउने गरेका युवाहरूले पनि यस्तै उदाहरणीय केही कृषि कर्म गर्ने बताउने गरेका छन्।,Young people who visit this potato farm also say that they do some similar exemplary agricultural work.,D1A,16,long,Non-Past,Affirmative
D1A_S0_B2_4789,सानाम थुमरि तोःबा खेडोब अनुसन्धान लासि ग्ला आन्सारला तेन्तो उत्पादन लाबारि प्रोत्साहन लाबा नोन ब्याङ्कसे उन्पाङ्बा मुला।,कृषि क्षेत्रमा आवश्यक अध्ययन अनुसन्धान गरी ठाउँअनुसारको बाली उत्पादनमा गर्ने प्रोत्साहन गर्ने पनि बैंकले जनाएको छ।,The bank has also stated that it will encourage local crop production by conducting necessary studies and research in the agricultural sector.,D1A,16,long,Non-Past,Affirmative
P3_D1A_S0_B2_223,अनसनताबा ग्लारि गिक एम्बुलेन्स नोन तयारी नाछालरि थान्बा मुला।,अनसनस्थलमा एउटा एम्बुलेन्स पनि तयारी अवस्थामा राखिएको छ।,An ambulance has also been kept on standby at the hunger strike site.,D1A,8,medium,Non-Past,Affirmative
COM_D3E_S1_S2_1396,प्रशिक्षण २ रेदोःना चालाबताबा मुबा।,प्रशिक्षण २ दिनसम्म चलेको थियो।,The training lasted for 2 days.,D3E,5,short,Past,Affirmative
D4S_S2_4757,ह्रिकि सेमचेन लाङ्बो छ्यामसे ४६ दिम थेन ३ गोर गोठेरि क्षति दोःनालाबा मुला।,जङ्गली जनावर हात्ती लगायतले ४६ घर र ३ वटा गोठमा क्षति पुर्‍याएका छन्।,"Wild animals, including elephants, have damaged 46 houses and 3 cowsheds.",D4C,13,medium,Non-Past,Affirmative
COM_D2H_S3_5068,केवा ला ९ हेन्से १५ न्हाङरि रोप्सेला डोज ङिला दाप रोप्पा तासाइ नोन आरोप्पा तासाइ नोन अभियानरि थुइबारि खाम्बा उन्पाङ्बा मुला।,जन्मेको ९ महिनादेखि १५ महिनाभित्र लगाउने दुई डोजको खोप लगाएको भए पनि नलगाएको भए पनि अभियानमा जोडिन सकिने जनाइएको छ।,"It is stated that children can join the campaign regardless of whether they have received the two-dose vaccine, which is administered between 9 and 15 months of age.",D2H,20,long,Non-Past,Affirmative
COM_P3_D3E_S3_12978,च्युइ लोप्बोनसे स्थानीय स्रोतग्याम ल्हेनोर चामुला।,दश शिक्षकले स्थानीय स्रोतबाट तलब खान्छन्।,Ten teachers are paid from local sources.,D3E,6,short,Non-Past,Affirmative
COM_P2_D4C_S1_B1_1854,सदरमुकाम सल्लेरीला फाप्लु विमानस्थलग्याम याम्बु निसरेरि ब्लि रे निम फ्याङ्बा ताबारि तिःबा मुला।,सदरमुकाम सल्लेरीको फाप्लु विमानस्थलबाट काठमाडाैँ हप्तामा चार दिन नियमित उडान हुन थालेको छ।,"Regular flights to Kathmandu have started four days a week from Phaplu Airport in the district headquarters, Salleri.",D4C,13,medium,Non-Past,Affirmative
COM_P2_D5G_S1_7910,चु ङ्यान्दि नाम्साहेन्से सहरदोःनाला मुतेबान व्यक्तिदा ग्यालठिमकि स्रुगसे सचेत थेन आलोचक आस्होते ह्युल चाङ्मा ताबारि काङाल मुला।,यसकारण गाउँदेखि सहरसम्मका हरेक व्यक्तिलाई राजनैतिकरूपले सचेत र आलोचक नबनाई देश सङ्लो हुन गार्‍हो छ।,"Therefore, it is difficult to unite the country without making every person, from village to city, politically aware and critical.",D5G,15,medium,Non-Past,Affirmative
D1A_S0_B3_425,चुसो लामा सानाम्पादा नोन मर्का ताबा आरे ङानिनोन ठिकान ताबा मुला।,यसो गर्दा किसानलाई पनि मर्का परेको छैन हामीलाई पनि ठिकै भएको छ।,"By doing this, the farmers have not suffered, and we have also benefited.",D1A,12,medium,Non-Past,Affirmative
COM_P2_D4C_S1_B2_4070,चु समुदायला व्यक्तिकादेदा ह्युलकोरतेन थुइसि ङाच्छा दाङ्बारि खाम्साम अर्थतन्त्ररि नोन ग्रेन पोबा खाबा थेला पाङ्बा मुला।,यो समुदायका व्यक्तिहरूलाई पर्यटनसँग जोडेर अघि बढ्न सके अर्थतन्त्रमा नै ठुलो परिवर्तन आउने उनको भनाइ छ।,"He says that if people from this community can move forward by connecting them with tourism, there will be a big change in the economy.",D4C,16,long,Non-Past,Affirmative
P4_D1A_S1_B1_4098,ल्हानाराङ ह्राङ्लान गेरि व्यस्त ताबा चु छारिब्योनसे लेङ्बा दुइ सदुपयोग लाबान छोङनामकि हाल्दिस्हासिङ लाबा योजना स्होबा छारिब्योन शैलेन्द्र खड्कासे पाङ्जि।,प्रायः आफ्नै काममा व्यस्त हुने यी युवाले बाँकी समय सदुपयोग गर्दै व्यावसायिक बेसारखेती गर्ने योजना बनेको युवा शैलेन्द्र खड्काले बताउनुभयो।,"Shailendra Khadka, a young man, said that these young people, who are usually busy with their own work, have planned to utilize their remaining time to pursue professional careers.",D1A,20,long,Past,Affirmative
D4S_S2_2746,क्याबा लिङ्गोला टारि लाङ्बो क्रेःबा मारला जलप फोर्बा इन्द्रला कुः थान्सि पूजा लाबा छेप मुला।,ठड्याएको लिङ्गोको फेदमा हात्ती चढेको सुनको जलप लगाइएको इन्द्रको प्रतिमा राखेर पूजा गर्ने चलन छ।,"It is customary to worship a statue of Indra, wearing a golden amulet, riding an elephant, at the base of the erected Lingo.",D4C,15,medium,Non-Past,Affirmative
D4S_S1_7465,"फ्यापाङ च्याबारि ल्हाना म्हिकादे खाबा लामुला, चु थुमदा ह्युलकोरकि थुमला स्रुगरि फेल्गेबा लाबारि खाम्साम ह्युलकोर्पा जाङ्बारि खाम्ला।","चमेरा हेर्न धेरै मानिस आउने गर्छन्, यस क्षेत्रलाई पर्यटकीय क्षेत्रको रूपमा विकास गर्न सके पर्यटक भित्र्याउन सकिन्छ।","Many people come to see bats, and if this area can be developed as a tourist area, it can attract tourists.",D4C,17,long,Non-Past,Affirmative
COM_P2_D3E_S3_539,सरकारी वेबसाइट फिह्युलकि सर्भरग्याम क्योल्बान मुला।,सरकारी वेबसाइट विदेशी सर्भरबाट प्रयोग गरिरहेका छौँ।,We are using the government website from a foreign server.,D3E,7,short,Non-Past,Affirmative
D1A_S0_B1_4868,थेगुङ प्रत्यक्षव्हाना सानाम सहकारी थेन दाछोक अर्ब २० डि ३० बुम ३० तोङ्जा १४ जेः उपलव्ध लाबा ब्लोनखाङसे उन्पाङ्बा मुला।,त्यसमध्ये प्रत्यक्षतर्फ कृषि सहकारी र समूहलाई २० अर्ब ३० करोड ३० लाख १४ हजार अनुदान उपलव्ध गराइएको मन्त्रालयले जनाएको छ।,"The ministry has stated that out of this, Rs 20 arab 30 crores 14 thousand  has been provided as direct grants to agricultural cooperatives and groups.",D1A,20,long,Non-Past,Affirmative
D4S_S1_4952,थेतासि ह्याङ्ला दिमला कुदाप चुनोन छेग्याम छाबा टाङ्गासे नोन म्राङ्बा लामुला।,त्यसैले हाम्रो घरको चुल्हा यही घाँसबाट कमाइएको पैसाले नै बल्ने गरेको छ।,That's why our stove is fueled by the money earned from this grass.,D4C,12,medium,Non-Past,Affirmative
P4_D1A_S1_B1_1843,युरिया बजार खानाइ आरे युरिया सार आरेसाम सास्हिङ नोन आता।,युरिया बजार कतै छैन युरिया मल नहाले खेती नै हुँदैन।,"There is no market for urea anywhere. Without urea fertilizer, farming would not be possible.",D1A,10,medium,Non-Past,Negative
COM_D5G_S4_2376,"खालाइसे पाङ्बा ताम नोन ङ्यान्बारि सेम आताबा, खालाइदा स्याप्पारि नोन सेम आताबा।","कोही बोलेको कुरा पनि सुन्न मन नलाग्ने, कसैलाई भेट्न पनि मन नलाग्ने।","I don't feel like listening to anything anyone says, I don't feel like meeting anyone.",D5G,12,medium,Non-Past,Affirmative
COM_P2_D5G_S1_8904,"म्हिदा प्रकृतिसेन लिङ्गडि स्होबा मुला, लिङ्गडि ताबा प्राकृतिक जेसुङ हिन्ना, ह्याङसे कृत्रिम गोइलो क्वान्सि जेसुङदा तुम्बा जे हिन्ना।","मानिसलाई प्रकृतिले नै नाङ्गो बनाएको छ, नाङ्गो हुनु प्राकृतिक सौन्दर्य हो, हामीले कृत्रिम वस्त्र धारण गरेर सौन्दर्यलाई छोपेका मात्र हौं।","Nature has made humans naked, being naked is natural beauty, we have only covered up beauty by wearing artificial clothing.",D5G,20,long,Non-Past,Affirmative
COM_P3_D3E_S3_7858,नर्सिङ खेडोबरि प्रयोगात्मक अभ्यास ल्हाना तामुला।,नर्सिङ अध्ययनमा प्रयोगात्मक अभ्यास धेरै हुन्छ।,Nursing studies involve a lot of practical practice.,D3E,6,short,Non-Past,Affirmative
COM_D3E_S1_S2_381,अनिवार्य ग्युइसेरला लागि बजेटला ताम मि मुनोन मुला।,अनिवार्य शिक्षाका लागि बजेटको कुरा त छँदैछ।,There is talk of a budget for compulsory education.,D3E,7,short,Non-Past,Affirmative
COM_D2H_S1_S2_607,खाचिबा चाबास्हेसे ह्याङ्ला मानसिक ल्हुइथाङरि नोत्पा लाबारि खाम्ला।,कुनै खानेकुराले हाम्रो मानसिक स्वास्थमा असर गर्न सक्छ।,Certain foods can affect our mental health.,D2H,8,medium,Non-Past,Affirmative
COM_D3E_S5_3993,चुला लागिरि फिच्चा यानसे एकदमनोन छेप्पायुत्तान मोकोनबिमा खतरनाक ग्याम सुत्ताइ पार लातोबा मुला।,यसका लागि ऊक्त यानले एकदमै गर्मीयुत्त सबैभन्दा खतरनाक बाटो समेत पार गर्नुपर्नेछ।,"To do this, the vehicle will have to traverse the most dangerous route in extremely hot weather.",D3E,12,medium,Non-Past,Affirmative
COM_P2_D4C_S1_B3_3186,पुसेभैलो सोनालाबारि वाङ्साइ नोन आधुनिकताला ङ्यान्दि रिमठिम म्हाबान निबा लोतु मुला।,पुसेभैलो जोगाउन लागे पनि आधुनिकताका कारण संस्कृति हराउँदै गएकोमा चिन्ता छ।,"Despite efforts to preserve the Pushebhailo, there is concern that the culture is being lost due to modernity.",D4C,11,medium,Non-Past,Affirmative
P3_D5G_S2_B1_569,"म्हिला स्वभाव हिन्ना, स्योङ थाजि काडि म्लेजि।","मान्छेको स्वभाव हो, खोलो तर्यो लौरो बिर्सियो।",It's human nature to forget the stick when the tide is turning.,D5G,7,short,Past,Affirmative
COM_P2_D2H_S1_7319,कोरोना भाइरसला नाछोत म्राङ्साम छ्योआछ्यो निसरे ङि सेल्फ आइसोलेसनरि चिबारि सङ्गठनसे सुझाव पिन्बा मुला।,कोरोना भाइरसको लक्षण देखिएमा करिब २ हप्ता सेल्फ आइसोलेसन मा बस्न सङ्गठनले सुझाव दिएको छ।,The organization has recommended self-isolation for about 2 weeks if you develop symptoms of the coronavirus.,D2H,15,medium,Non-Past,Affirmative
COM_D5G_S4_1015,दान्दे गजलरि विचारबोध मुला।,अहिले गजलमा विचारबोध छ।,Now there is thought in the ghazal.,D5G,4,short,Non-Past,Affirmative
COM_P2_D3E_S2_423,ग्याल्सासे लोप्खेनला ल्हुइथाङफिरि क्योङ स्रुगरि जिम्मेवारी किन्तोला।,राज्यले विद्यार्थीको स्वास्थ्यबारे पूर्ण रूपमा जिम्मेवारी लिनुपर्दछ।,The state must take full responsibility for the health of students.,D3E,7,short,Non-Past,Affirmative
P4_D1A_S1_B2_2352,बुरि खार्सिचिबा सुन टुलुटुलु च्याबाबिमा थेतेन स्यान्दो विकल्प नोन आरे।,खेतमा सुकिरहेको धान टुलुटुलु हेर्नेुबाहेक उनीसँग अर्को विकल्प पनि छैन।,He has no other choice but to watch the rice fields drying in the fields.,D1A,10,medium,Non-Past,Negative
COM_P2_D5G_S3_3733,चु व्हाइसे क्यारह्युलरि निबा जा गुमाइतितोबाला स्हुला वर्णन लाबा मुला।,यो गीतले परदेशिएको छोरो गुमाउदाको पिडाको वर्णन गरेको छ।,This song describes the pain of losing a son who has been sent abroad.,D5G,9,medium,Non-Past,Affirmative
COM_P2_D2H_S1_8025,"ह्याङसे चाबा चाबास्हेदा स्वासे प्लेनप्लेन स्होमुला, लेसे कार्स्युल खाराङलासि चालाबलामुला होत्छेम खाज्युसे ङेम्बा स्होसि ब्लुम्बारि ह्रोछ्या लामुला।","हामीले खाएका खानेकुरालाई दाँतले टुक्रा–टुक्रा पार्छ, जिब्रोले पन्यूले जसरी चलाउँछ अनि र्‍यालले मुलायम बनएर निल्न सहयोग गर्छ।","Our teeth break down the food we eat, our tongue moves it like a pendulum, and saliva softens it and helps us swallow it.",D2H,17,long,Non-Past,Affirmative
COM_P2_D2H_S2_2022,छोबा फोदा एन च्याङ्ना लाबारि खाम्ला।,मोटो पेटलाई पनि घटाउन सकिन्छ।,A fat belly can also be reduced.,D2H,5,short,Non-Past,Affirmative
P3_D1A_S0_B2_2167,बजाररि तोबा न्हे छ्योतेबा जेक्खेरि ह्राङतेन उपलब्ध आरेबा थेसे पाङ्जि।,बजारमा आवश्यक पर्ने दूध पर्याप्त मात्रामा आफूसँग उपलब्ध नभएको उनले बताइन्।,She said that she does not have enough milk available in the market.,D1A,11,medium,Past,Affirmative
P3_D1A_S0_B2_1336,लोप्बोन राईसे अराविका जातला कफीला दिङकि तोङ्जा ४० पोवा ह्राङनोन तयार लाबा मुला।,शिक्षक राईले अराविका जातको कफीका वार्षिक ४० हजार बिरूवा आफै तयार गरेका छन्।,Teacher Rai has prepared 40 thousand Arabica coffee plants annually.,D1A,13,medium,Non-Past,Affirmative
D4S_S1_629,साङ्गुलसे थेला दिम तहसनहस स्होबा मुला।,भूकम्पले उनको घर तहसनहस बनाएको छ।,The earthquake destroyed his house.,D4C,6,short,Non-Past,Affirmative
P4_D1A_S1_B1_996,थेला छतरि बेनानराङ्बा खु याङ्मुला।,उनको छतमा सबैजसो तरकारी पाइन्छ।,Most vegetables are available on his roof.,D1A,5,short,Non-Past,Affirmative
COM_D5G_S3_1965,"निर्माताला सेमदोसे ह्युलठिमला जीवन्तता, मार्गदर्शन थेन व्याख्यारि सीमितता बाला।","निर्माताको मनसायले संविधानको जीवन्तता, मार्गदर्शन र व्याख्यामा सीमितता ल्याउँछ।","The intention of the maker brings limitations to the vitality, guidance, and interpretation of the constitution.",D5G,9,medium,Non-Past,Affirmative
D4S_S2_5021,लेङ्बा म्हेन्दो ङिला काप्पा क्योन्बाला लागिरि याम्बु पुइबा तयारी ताबा ग्रेन्पो जोङ अधिकारी दाहालसे पाङ्जि।,बाँकी दुईजनाको थप उपचारका लागि काठमाडौँ पठाउने तयारी भएको प्रमुख जिल्ला अधिकारी दाहालले बताए।,Chief District Officer Dahal said that preparations are underway to send the remaining two to Kathmandu for further treatment.,D4C,14,medium,Past,Affirmative
COM_P2_D2H_S2_3482,मैदा ग्याम दोबा गेङ वा पाउरोटीबिमा ग्वाला ब्राग्याम दोबा गेङ ल्हाना ल्हुइथाङबर्द्धक तामुला,मैदाबाट बनेको रोटी वा पाउरोटीभन्दा गहुँको पिठोबाट बनेको रोटी धेरै स्वास्थ्यबर्द्धक हुन्छ।,Bread made from wheat flour is much healthier than bread or flour made from flour.,D2H,12,medium,Non-Past,Affirmative
COM_D3E_S5_4368,सन् २०२० रि तेःबा गोरगिक वैज्ञानिक आलेख आन्सार नेपालला ह्रिरि  १९९ तोसोला चाबा ताबा रोकादे याङ्बा उन्ब्रिबा मुबा।,सन् २०२०मा प्रकाशित एक वैज्ञानिक आलेख अनुसारमा नेपालका जंगलमा १९९ प्रकारका खाना मिल्ने फलहरू पाइने उल्लेख थियो।,"According to a scientific article published in 2020, 199 types of edible fruits are found in the forests of Nepal.",D3E,17,long,Past,Affirmative
COM_P2_D5G_S3_6705,अन्ततः पेला ह्राङ्ला मिन थेन अनुपपारछालरि गे लाबारि राजी ताजि।,अन्ततः पेला आफ्नो नाम र अनुपस्थितिमा काम गर्न राजी भए।,"Finally, Pella agreed to work in his name and absence.",D5G,10,medium,Past,Affirmative
COM_P2_D4C_S1_B1_759,सीताला लागिरि स्होबाला मडईदा सीतामढी मिन थान्जि।,सीताका लागि बनाइएको मडईलाई सीतामढी नामकरण गरियो।,The tomb built for Sita was named Sitamarhi.,D4C,7,short,Past,Affirmative
P3_D1A_S0_B1_733,१ कठ्ठारि ताङगार सुबा किलो न्हि जेक्खे रोजि।,१ कठ्ठामा केराउ लगाएकोमा २ किलो मात्र फल्यो।,Only 2 kg of kerau was harvested in 1 plot.,D1A,8,medium,Past,Affirmative
COM_P2_D4C_S1_B1_2282,विक्रम संवत्ला ख्रेला १ गते चाङ्मा तेन्बाला गान्दि ओसेम ग्योइलिङकादेरि स्नान लाबा छेप मुला।,विक्रम संवत्को माघ १ गते पवित्र मानिएका नदी एवं तलाउहरूमा स्नान गर्ने चलन छ।,It is customary to bathe in rivers and lakes that are considered sacred on Magh 1 of the Vikram Samvat calendar.,D4C,14,medium,Non-Past,Affirmative
COM_P2_D5G_S2_1779,थेला च्याबाला दोन ङाइ लाइतिबा मुबा।,उहाँको हेराइको अर्थ मैले लगाएको थिएँ।,I interpreted his gaze.,D5G,6,short,Past,Affirmative
COM_D3E_S3_3846,"दान्दे ज्याबा आङ्ज्याछ्याम उत्तीर्ण ताबालिच्छा आमा नोन ताङ्बा मुन्स्ह्युला, ङानि नोन ताङ्बा मुला।","अहिले राम्रो अङ्कसहित उत्तीर्ण भएपछि आमा पनि खुसी हुनुहुन्छ, हामी पनि खुसी छौँ।","Now that I passed with good marks, my mother is happy, and we are happy too.",D3E,13,medium,Non-Past,Affirmative
D4S_S2_881,चुनोन मौका चुङ्सि तिलाइ डेरीसे बदमासी नोन लाजि।,यही मौका छोपेर केही डेरीले बदमासी पनि गरे।,"Taking advantage of this opportunity, some dairy farmers also committed mischief.",D4C,8,medium,Past,Affirmative
COM_P2_D4C_S1_B2_805,थे ह्रोल्मो ह्राप्पा म्हिसे म्हारला वरदान ह्रिजिम।,ती बाजा बजाउने व्यक्तिले सुनको वरदान मागेछन्।,The person playing the instrument asks for a gift of gold.,D4C,7,short,Non-Past,Affirmative
COM_D2H_S1_S2_3250,क्रास्या ट्युमर तासाम ङाच्छा-ङाच्छारिथोबो स्हुखाबा काक्ता तामुला।,ब्रेन ट्युमर भएमा सुरु सुरुमा टाउको दुख्ने समस्या हुन्छ।,"If you have a brain tumor, you may initially experience headaches.",D2H,9,medium,Non-Past,Affirmative
P3_D1A_S0_B2_2205,खानदामान खार्बा नाम्सिसे म्हिजुगुरि  भाईरल छ्याम्बाला सुखाबाजुगुला साङ्ज्या ल्हेःबान निबा मुबा।,जताततै सुख्खा मौसमले मानिसहरूमा भाईरल रूघाखोकीका बिरामीहरूको सङ्ख्या बढ्दै गएको थियो।,The dry weather everywhere was causing an increase in the number of people suffering from viral colds and coughs.,D1A,11,medium,Past,Affirmative
COM_D3E_S5_3612,"चालु न्होदिरि दार्चुलालाला तिङ्कर, सङ्खुवासभाला किमाथाङ्काला छ्यामला ग्लारि भिस्याटग्याम साप्तो स्याङ्बा लाबा मुला।","चालु आवमा दार्चुलाको तिंकर, सङ्खुवासभाको किमाथाङ्कालगायत स्थानमा भिस्याटमार्फत सेवा सञ्चालन गरिएको छ।","In the current fiscal year, services have been operated through VSAT in places including Tinkar in Darchula and Kimathanka in Sankhuwasabha.",D3E,12,medium,Non-Past,Affirmative
COM_D5G_S4_1670,ङानि दिम म्हाइबान दोजि।,हामी घर खोज्दै पुग्यौ।,We went looking for a house.,D5G,4,short,Past,Affirmative
COM_P2_D2H_S5_6399,तिनि मानसिक ल्हुइथाङ सम्बन्धी अनुसन्धानरि क्रास्यादा ल्हाना जोड पिन्बा स्वाभाविकनोन् हिन्ना।,आज मानसिक स्वास्थ्य सम्बन्धी अनुसन्धानमा मस्तिष्कलाई बढी जोड दिइनु स्वाभाविकै हो।,It is natural that there is more emphasis on the brain in mental health research today.,D2H,11,medium,Non-Past,Affirmative
COM_D2H_S4_1842,ङाच्छा सांसद लिलादेवी श्रेष्ठ ह्युलमि समाज पशुपतिनगरला खाजि जनारि ल्हुइथाङ शिविर सञ्चालन लाबा हिन्ना,पूर्वसांसद लिलादेवी श्रेष्ठ नागरिक समाज पशुपतिनगरको आयोजनामा स्वास्थ्य शिविर सञ्चालन गरिएको हो।,"The health camp was organized by former MP Lila Devi Shrestha's Civil Society, Pashupatinagar.",D2H,12,medium,Non-Past,Affirmative
COM_P2_D3E_S2_6926,गेताङरि इप्सनला गाउराइ विजय कर्माचार्यसे चुराङ्बा गेताङसे लोप्खेनजुगुदा काप्पा हौसला पिन्बा पाङ्जि।,कार्यक्रममा ईप्सनका सचिव विजय कर्माचार्यले यस्ता कार्यक्रमले विद्यार्थीहरूमा थप हौसला प्रदान गरेको बताए।,"Speaking at the event, EPSON Secretary Vijay Karmacharya said that such programs have provided additional encouragement to the students.",D3E,13,medium,Past,Affirmative
COM_D5G_S8_1365,थे ला ब्लिहेन्छे क्यानडारि क्योन्सि चिमुला।,उनी चार महिनादेखि क्यानडामा उपचाररत थिए।,He had been receiving treatment in Canada for four months.,D5G,6,short,Past,Affirmative
COM_P2_D2H_S1_6338, तिङला लागिरि ज्याबा तेन्बा नरिवल थेन चुला क्युइ फ्याबा साप्पा ग्युङ जेक्खेन ताजि।,मुटुका लागि उत्तम मानिने नरिवल र यसको पानी केवल तिर्खा मेट्ने माध्यम मात्र होइन्।,"Considered good for the heart, coconut and its water are not just a means of quenching thirst.",D2H,14,medium,Past,Affirmative
D4S_S2_3838,लकडाउनसे आक्रान्त स्होचिबा दुइ ह्राङ्ला दिमरि भाडारि चिबादा थेनिकादेसे रेदाङ्से ङ्योइबा लाबा मुला।,लकडाउनले आक्रान्त बनाइरहेका बेला आफ्नो घरमा भाडामा बस्नेलाई उनीहरूले दैनिक सोध्ने गरेका छन्।,They have been asking their tenants about their homes daily during the lockdown.,D4C,13,medium,Non-Past,Affirmative
COM_D2H_S1_S2_2923,गर्भवती ताबा दुइरि म्रिङकोलाकादेदा ल्हानान क्युइ थुङ्बारि सेम तामुला।,गर्भवती भएको बेलामा महिलाहरूलाई धेरै पानी पिउन मन लाग्छ।,Women tend to drink a lot of water during pregnancy.,D2H,9,medium,Non-Past,Affirmative
D4S_S3_2180,थे ग्लारि लेप्पा लहरला सम्भावना यथावत ताबासे सावधानी आप्नाइतिबारि एन सुझाव पिन्बा मुला।,ती ठाउँमा तातो लहरको सम्भावना यथावत हुने भएकाले सावधानी अपनाउन पनि सुझाएको छ।,It is also recommended to take precautions as the possibility of heat waves remains in those areas.,D4C,13,medium,Non-Past,Affirmative
COM_D3E_S1_S2_2518,ह्यामला दुइरि सरकारसे दिशानिर्देश लाबारि आखाम्बा सापकोटाला ब्रेस्सो मुला।,महामारीका बेला सरकारले दिशानिर्देश गर्न नसकेको सापकोटाको गुनासो छ।,Sapkota complains that the government has failed to provide guidelines during the pandemic.,D3E,9,medium,Non-Past,Affirmative
COM_D2H_S1_S2_4344,कोरोनाला दुइरिन खाबा खाचिबा  तापस्याङ स्याङ्बारि आरेबा थेसे पाङ्जि।,कोरोनाका समयमा आएका कुनै पनि उपकरण सञ्चालनमा नरहेका उनले बताए।,He said that none of the equipment that arrived during the Corona period is operational.,D2H,10,medium,Past,Affirmative
COM_D4C_S1_S2_3312,दोःबा ह्युलकोर्पाला चाप ल्हे:बाछ्याम कोङह्रावारि खाट्तिबा नेपाल प्रहरी थेन ह्युलकोर्पा प्रहरीला व्यस्तता नोन ल्हे:बा मुला।,फर्किने पर्यटकको चाप बढेसँगै सुरक्षामा खटिएका नेपाल प्रहरी र पर्यटक प्रहरीको व्यस्तता पनि बढेको छ।,"With the increase in the number of returning tourists, the Nepal Police and Tourist Police deployed for security have also become more busy.",D4C,15,medium,Non-Past,Affirmative
COM_D5G_S8_1705,"होन, डुइ राङ्बा प्राकृतिक प्रकोप ओसेम विपद्ला घटनाकादे दिङदाङ्से तासिन चिमुला।","बाढी, पहिरो जस्ता प्राकृतिक प्रकोप तथा विपद्का घटनाहरू वर्षेनी भइरहन्छन्।",Natural disasters and calamities such as floods and landslides occur every year.,D5G,10,medium,Non-Past,Affirmative
COM_P2_D3E_S2_3721,थेसे प्रदेश नं. २ ला बेनान जोङरि दोसि भर्ना अभियान चुःबा दोनडुप्पा किन्बा पाङ्जि।,उनले प्रदेश नं. २ का सबै जिल्लामा पुगेर भर्ना अभियान सुरु गर्ने लक्ष्य लिइएको बताए।,He said that the goal is to reach all districts of Province No. 2 and start the recruitment campaign.,D3E,15,medium,Past,Affirmative
COM_P2_D5G_S1_3130,छ्युलिङ स्याङ्मा ल्होलो स्हेकादे थोन्जि।,समुद्र मन्थन गर्दा विभिन्न वस्तुहरू निस्किए।,"While churning the ocean, various objects emerged.",D5G,6,short,Past,Affirmative
P3_D1A_S0_B3_1494,जोङरि ४० हेक्टर क्षेत्रफलरि कागती सास्हिङ लाबान खाबा उइला ग्रा अधिकारी कुमार पुन मगरसे ग्रानाङ पिन्जि।,जिल्लामा ४० हेक्टर क्षेत्रफलमा कागती खेती गरिँदै आएको केन्द्रका सूचना अधिकारी कुमार पुन मगरले जानकारी दिनुभयो।,"Kumar Pun Magar, information officer of the center, informed that lemon is being cultivated in an area of ​​40 hectares in the district.",D1A,16,long,Past,Affirmative
D4S_S1_6129,ह्राङसे सुरेन्द्रतेन ब्रेल्साङ लाबा ङाच्छा नोन सुरेन्द्रला जासे अंश किन्सि निजिन्बा जानकी पाङ्मुला।,आफूले सुरेन्द्रसँग विवाह गर्नुअघि नै सुरेन्द्रका छोराले अंश लिएर गैसकेको जानकी बताउँछिन्।,Janaki says that Surendra's son took a share of the land and disappeared before she married him.,D4C,12,medium,Non-Past,Affirmative
COM_P2_D4C_S1_B3_2017,ङामरिन याक्खार्गिव्हाना आम्बाला सिङ वा गुइँठाला मेरि धूप युमुला।,नजिकै एकाछेउमा आँपको लकडी वा गुइँठाको आगोमा धूप हालिन्छ।,Incense is placed on a nearby fire made of mango wood or a piece of bamboo.,D4C,9,medium,Non-Past,Affirmative
COM_D2H_S1_S2_5802,अस्पतालला स्तरोन्नतिला लागिरि गण्डकी प्रदेश सरकारतेन रेम रेम ह्रिबा लासाइ नोन सुनुवाइ आतामा  काक्ता भोग्दितोबा चोहो वाग्लेसे पाङ्जि।,अस्पतालको स्तरोउन्नतिका लागि गण्डकी प्रदेश सरकारसँग पटक पटक माग गरिए पनि सुनुवाई नहुँदा समस्या भोग्नुपरेको अध्यक्ष वाग्लेले बताए।,"Chairman Wagle said that despite repeated requests to the Gandaki Provincial Government for the upgrading of the hospital, they have faced problems due to lack of attention.",D2H,18,long,Past,Affirmative
COM_D2H_S4_5224,डा.मखनलाल श्रेष्ठसे कोभिड–१९ ह्यामला नुररि ताम लाबान आरडीटीग्याम नोइला ङोसेबा ज्याबा आताबासे पीसीआर परिक्षणदा बाङ पिन्तोबा सुङ्लास्ह्युजि।,डा.मखनलाल श्रेष्ठले कोभिड–१९ महामारीको विषयमा कुराकानी गर्दै आरडीटीबाट रोगको पहिचान राम्ररी नहुने भएकोले पीसीआर परीक्षणलाई जोड दिनुपर्ने बताउनुभयो।,"Dr. Makhanlal Shrestha, while discussing the COVID-19 pandemic, said that emphasis should be placed on PCR testing as RDTs do not accurately identify the disease.",D2H,18,long,Past,Affirmative
COM_D2H_S1_S2_355,थेतासि छेप्पारि एन मेकअप ह्रेङ्बा दुइ कायम तामुला।,त्यसैले गर्मीमा पनि मेकअप लामो समय कायम रहन्छ।,So makeup lasts longer even in the summer.,D2H,8,medium,Non-Past,Affirmative
COM_D3E_S3_3613,उत्कृष्ठ थेन मेधावी लोप्खेनला लागि बिसाम न्हाङ्बा मूल्याङ्कन थुरिनिबा मापदण्ड नतासाइनोन सामाजिक सञ्जालरि प्रतिक्रिया खाबाराङ्बा आताबा भट्टराईसे पाङ्मुला।,उत्कृष्ठ र मेधावी विद्यार्थीका लागि भने आन्तरिक मूल्याङ्कन चित्तबुझ्दो मापदण्ड नभएपनि सामाजिक सञ्जालमा प्रतिक्रिया आएजस्तो नभएको भट्टराई बताउँछन्।,"Bhattarai says that although internal evaluation is not a satisfactory standard for outstanding and talented students, there has been no reaction on social media.",D3E,18,long,Non-Past,Affirmative
P4_D1A_S1_B1_1537,"नेपाली च्याला ग्रेन बजार ग्यागारह्युल, ग्यानाकह्युल, श्रीलङ्का, रसिया, नेदरल्याण्डछ्यामला ह्युलरि मुबा बोर्डला तथ्याङ्कसे उन्बा मुला।","नेपाली चियाको मुख्य बजार भारत, चीन, श्रीलङ्का, रसिया, नेदरल्याण्डलगायतका राष्ट्रमा रहेको बोर्डको तथ्याङ्कले देखाएको छ।","The board's statistics show that the main markets for Nepali tea are in countries including India, China, Sri Lanka, Russia, and the Netherlands.",D1A,15,medium,Non-Past,Affirmative
COM_P2_D3E_S2_1086,च्याप्टर आन्सार ङाच्छा गोसि लोज्डोबातोला।,च्याप्टर अनुसार पहिले बुझेर पढनुपर्छ।,You should first read it chapter by chapter and understand it.,D3E,5,short,Non-Past,Affirmative
COM_P2_D2H_S1_2372,पौष्टिक थेन ब्रोइला लागि खीर विकल्प दोबारि खाम्ला।,पौष्टिक र मीठोका लागि खीर विकल्प बन्न सक्छ।,Rice pudding can be a nutritious and sweet alternative.,D2H,8,medium,Non-Past,Affirmative
COM_D2H_S3_3817,"बर्दिया मधुवन नगरपालिका, तारातालला राधेश्याम थारुसे भेरी अस्पतालरि सिटिस्क्यान साप्तो स्याङ्बारि आखामा क्योन्बारि काक्ता ताबा पाङ्जि।","बर्दिया मधुवन नगरपालिका, तारातालका राधेश्याम थारुले भेरी अस्पतालमा सिटिस्क्यान सेवा सञ्चालनमा नआउँदा उपचार गराउन समस्या भएको बताए।","Radheshyam Tharu of Taratal, Madhuban Municipality, Bardiya, said that there was a problem in getting treatment as the CT scan service was not operational at Bheri Hospital.",D2H,17,long,Past,Affirmative
COM_P2_D2H_S1_4330,पोखरा विश्वविद्यालयला शिक्षण अस्पतालसे खाबा दुगुहेन्से आकस्मिक साप्तो चुःबा तयारी लाबा मुला।,पोखरा विश्वविद्यालयको शिक्षण अस्पतालले आगामी वैशाखदेखि आकस्मिक सेवा सुरु गर्ने तयारी गरेको छ।,Pokhara University Teaching Hospital is preparing to start emergency services from next Baisakh.,D2H,13,medium,Non-Past,Affirmative
COM_P2_D2H_S2_3180,हर्मोन असन्तुलनला काक्ता मुबा म्हिरि ल्हिन ल्हेःबा काक्ता बेनानबिमा दान्ना म्राङ्मुला।,हर्मोन असन्तुलनको समस्या भएका मानिसमा तौल बढ्ने समस्या सबैभन्दा बढी देखिन्छ।,Weight gain is most common in people with hormonal imbalances.,D2H,11,medium,Non-Past,Affirmative
COM_D5G_S4_2466,"ड्वाफ्रे, बेल्बो लारिक्यार साँखुला फाँटकादेरि रोपाइँ तिबा तासिजिन्बा तामुबा।","जेठ, असार महिनातिर साँखुका फाँटहरूमा रोपाइँ सुरु भइसकेको हुन्थ्यो।",Planting of the mango fields would have begun around the months of Jestha and Asar.,D5G,9,medium,Past,Affirmative
P3_D1A_S0_B3_1036,तिवार जिन्बा लगत्तै थेदा दान्दे म्हिन्बा सुन जाङ्बा चटारो ताबा मुला।,तिहार सकिएलगत्तै उनलाई अहिले पाकेको धान भित्र्याउने चटारो भएको हो।,"As soon as Tihar is over, he is in a hurry to bring in ripe rice.",D1A,10,medium,Non-Past,Affirmative
P3_D1A_S0_B3_856,तेमे ब्लु उत्पादनरि चासो उन्ब ह्युल्ला सिमित स्थानिय तादा मध्यरि जलजला मुबा प्राविधिक खतिवडासे पाङ्जि।,आलु विउ उत्पादनमा चासो देखाउने देशका सिमित स्थानिय तह मध्यमा जलजला रहेको प्राविधिक खतिवडाले बताए।,Technical expert Khatiwada said that there is a gap between the limited local levels in the country that have shown interest in potato seed production.,D1A,15,medium,Past,Affirmative
COM_D5G_S1_S2_72,सेःबारि च्युइदिङ ङाच्छारिक्यार दोःतोला।,जान्न अघिल्लो दशकतिरै फर्किनुपर्छ।,"To know, we have to go back to the previous decade.",D5G,4,short,Non-Past,Affirmative
P3_D1A_S0_B1_1300,तेमे याङ्जा थेन खुकुलो साप्रारि ज्याबा उत्पादन तामुला।,तरुल हल्का र खुकुलो माटोमा राम्रो उत्पादन हुने गर्दछ।,Sweet potatoes grow best in light and loose soil.,D1A,9,medium,Non-Past,Affirmative
COM_P2_D4C_S1_B2_2679,दोङराप डान्बा प्रयासला स्रुगरि मेला स्हेङ्बा तुलसीपुर उपमहानगरपालिका ग्रेन्पो घनश्याम पाण्डेसे पाङ्जि।,इतिहास सम्झने प्रयास स्वरूप मेला आयोजना गरिएको तुलसीपुर उपमहानगरपालिका प्रमुख घनश्याम पाण्डेले बताए।,Tulsipur Sub-metropolitan City Mayor Ghanshyam Pandey said that the fair was organized as an effort to remember history.,D4C,13,medium,Past,Affirmative
COM_P2_D4C_S1_B2_787,सामान्य तोसोसे आइराकदा घोल्तिसि एन ककटेल स्होबारि खाम्ला।,सामान्य तरिकाले मदिरालाई घोलेर पनि ककटेल बनाउन सकिन्छ।,Cocktails can also be made by diluting alcohol in the usual way.,D4C,8,medium,Non-Past,Affirmative
COM_P2_D5G_S2_6365,अखबारकादेरि ग्रेनग्रेन हिगिरि तिनिदोःना मुबा भ्रष्टाचारकादेला थुमरि खोज–अनुसन्धानमूलक ह्रेङ्बा लेख छिपाला चिम।,अखबारहरूमा ठूल्ठूला अक्षरमा आजसम्म भएका भ्रष्टाचारहरूको बारेमा खोज–अनुसन्धानमूलक लामो लेख छापिएको रहेछ।,"Newspapers have printed long, investigative articles in large letters about the corruption that has occurred to date.",D5G,12,medium,Non-Past,Affirmative
D4S_S1_5025,तापाग्रेन ८ गते याम्बुला भद्रगोल जेलरि बासि सोम रेदोःना थान्जि।,मङ्सिर ८ गते काठमाडौँको भद्रगोल जेलमा ल्याएर तीन दिनसम्म राखियो।,"On Mangsir 8, he was brought to Bhadragol Jail in Kathmandu and kept there for three days.",D4C,10,medium,Past,Affirmative
COM_P3_D3E_S1_21421,अभियानग्याम अभिभावककादेरि बचत लाबा छ्याब फेल्गेबा ताबा मुला।,अभियानबाट अभिभावकहरूमा बचत गर्ने बानीको विकास भएको छ।,The campaign has developed a saving habit among parents.,D3E,8,medium,Non-Past,Affirmative
D1A_S0_B2_1422,थेसे म्हेनिङ ५ गते बिमा लिच्छा खाबा जरिवाना आताबा स्थानीयसे पाङ्स्ह्युजि।,उनले असोज ५ गतेभन्दा पछाडि आउँदा जरिवाना नलाग्ने स्थानीय बताउछन्।,He tells locals that there will be no fines if they arrive after Asoj 5th.,D1A,10,medium,Non-Past,Affirmative
COM_P2_D2H_S1_9315,चु खोप बेनान्दा दोना लाबारि खामसाम १५ हेन्दे २० दिङलिच्छा पाठेघरला सुङला क्यान्सरला काक्ता नियन्त्रण लाबारि खाम्ला।,यो खोप सबैलाई पुर्‍याउन सकेमा १५ देखि २० वर्षपछि पाठेघरको मुखको क्यान्सरको समस्या नियन्त्रण गर्न सकिन्छ।,"If this vaccine can be made available to everyone, the problem of cervical cancer can be controlled in 15 to 20 years.",D2H,16,long,Non-Past,Affirmative
COM_P2_D3E_S2_3948,ह्राङ्ला कलेजरि डोबा जनशक्तिसे रोजगारीला थुमरि खाराङ्बा प्रभाव लाबा मुला ?,तपाईँँका कलेजमा पढेको जनशक्तिले रोजगारीका क्षेत्रमा कस्तो प्रभाव पारेको छ?,What impact has the workforce educated at your college had on the employment sector?,D3E,10,medium,Non-Past,Affirmative
COM_D2H_S5_2898,धातुला खिया स्याल्बा अम्लसे ह्याङ्ला ल्हुइला स्यादा सजिलोन् क्रोबारि खाम्मुला,धातुको खिया पखाल्ने अम्लले हाम्रो शरीरको मासुलाई सजिलै पोल्न सक्दछ।,The acid used to clean rust from metal can easily burn our flesh.,D2H,10,medium,Non-Past,Affirmative
P4_D1A_S1_B2_1797,चुङाच्छा वडा गेदिमसे देउराली रान्हाबा छोक्पादा बोयर क्रस बोका पिन्बाला मुबा।,यस अघि वडा कार्यालयले देउराली बाख्रापालन समुहलाई बोयर क्रस बोका प्रदान गरको थियो।,"Previously, the ward office had provided Boer cross goats to the Deurali Goat Breeding Group.",D1A,13,medium,Past,Affirmative
D4S_S3_5775,थेसे दातासे दिमथेमेदाङ्से आताना तोःबा ताबा बेनानदा पिन्तोसेदा धारणा थान्बाला मुला।,उनले दाताले प्रतिपरिवार नभएर आवश्यक भएका सबैलाई दिनुपर्ने धारणा राखेका छन्।,"He believes that donors should give to all those in need, not just to each family.",D4C,11,medium,Non-Past,Affirmative
COM_P2_D5G_S1_50,तिनि ह्राङलान बु ब्लुम्बारि छ्याइमा नोन वास्ता आरे।,आज आफ्नै खेत डुब्न लाग्दा पनि वास्ता छैन।,"Even if their own farm is about to sink today, they don't care.",D5G,8,medium,Non-Past,Negative
P3_D5G_S2_B1_1154,ल्हानान ताम डिक्तोबा मुबा।,धेरै कुरा मिल्नु पर्ने थियो।,Many things had to be harmonized.,D5G,5,short,Past,Affirmative
D1A_S0_B3_188,कुः चुङ्पाला मिनरि मुबा सार थेनिजुगुसे आर्बोबा लिच्छा छ्योआछ्यो ७१.३ मेट्रिकटन गोदामरि चिम्चिबा मुला।,नौ बिक्रेताका नाममा रहेको मल उनीहरूले नलगेपछि करिब ७१.३ मेट्रिक टन गोदाममा थन्किएको छ।,About 71.3 metric tons of fertilizer in the names of nine sellers has been left in warehouses after they failed to pick it up.,D1A,14,medium,Non-Past,Affirmative
COM_D3E_S3_1765,छ्यामरि थेसे दारे एनओसी २४ घन्टान्हाङरिन पिन्बा डिछ्या डिक्ना लाबा प्रतिबद्धता नोन उन्पाङ्जि।,साथै उनले अब एनओसी २४ घण्टाभित्रै दिने व्यवस्था मिलाउने प्रतिबद्धता पनि जनाए।,He also pledged to make arrangements to issue NOCs within 24 hours.,D3E,12,medium,Past,Affirmative
COM_D3E_S3_2641,सनवे इन्टरनेशनल बिजनेस कलेजसे दीक्षान्त काप्तोन थुम्बाला मुला। ।,सनवे इन्टरनेशनल बिजनेस कलेजले दीक्षान्त समारोह सम्पन्न गरेको छ।,Sunway International Business College has concluded its convocation ceremony.,D3E,9,medium,Non-Past,Affirmative
D1A_S0_B1_2638,"मोजे सास्हिङरि क्युइ छ्याबाला ङ्यान्दि पोवा सिबा, गुर्बा काक्ता म्राङ्बा ढकालसे पाङ्जि। ","केरा खेतीमा पानी जमेका कारण विरुवा मर्ने, ढल्ने समस्या देखिएको ढकालले बताए।",Dhakal said that there is a problem of plants dying and collapsing due to waterlogging in banana farming.,D1A,12,medium,Past,Affirmative
COM_D3E_S5_2778,जानकार ओसेम अनुभवी व्यक्तिग्याम ह्राङदा तोःबा टिप्स डिक्ना लाबारि खाम्ला।,जानकार एवं अनुभवी व्यक्तिबाट आफूलाई चाहिने टिप्स मिल्न सक्छ।,You can get the tips you need from knowledgeable and experienced people.,D3E,9,medium,Non-Past,Affirmative
COM_P2_D2H_S1_6234,फिच्चा खेडोबला वरिष्ठ ब्रिखेन होल्शरला आन्सार एभोकाडो चाबा छोक्पाला क्लिरि एसिडकादे च्याङ्ना थेन फ्याटयुक्त मुबा।,उक्त अध्ययनका वरिष्ठ लेखक होल्शरका अनुसार एवोकाडो खाने समूहको दिसामा एसिडहरू कम र फ्याटयुक्त थिए।,"According to Holscher, the senior author of the study, the stools of the avocado-eating group were lower in acids and higher in fat.",D2H,15,medium,Past,Affirmative
D1A_S0_B2_88,चुसे सजिलो ताबा चमेली चौधरी थाइनालाजि।,यसले सजिलो भएको चमेली चौधरी सुनाउँछिन्।,Chameli Chaudhary says it was easy.,D1A,6,short,Non-Past,Affirmative
COM_P2_D2H_S1_1081,साइक्लिङसे जोर्नीरि लचकता बाला।,साइक्लिङले जोर्नीमा लचकता ल्याउँछ।,Cycling brings flexibility to the joints.,D2H,4,short,Non-Past,Affirmative
COM_P2_D3E_S3_1099,फेसबुकरि सामाजिक मुद्दादा उइक्यु लासि दानभूत पोबा मुला।,फेसबुकले सामाजिक मुद्दालाई केन्द्रित गरि आधारभूत परिवर्तन गरेको।,Facebook has made fundamental changes to focus on social issues.,D3E,8,medium,Past,Affirmative
D1A_S0_B3_1068,बजारला ह्रिबा आन्सार राम सुनला उत्पादन ल्हेःनालाबा थेन ल्हाना म्ला बजाररि बोर्बा योजना मुबा थेला पाङ्बा मुला।,बजारको माग अनुसार राम धानको उत्पादन बढाउने र बढी चामल बजारमा लैजाने योजना रहेको उनको भनाइ छ।,He said that there is a plan to increase the production of Ram Dhan and bring more rice to the market as per market demand.,D1A,17,long,Non-Past,Affirmative
COM_P2_D3E_S3_4888,सन् १९९० ला ल्होच्युइरि म्हिला बौद्धिकता भरपुर क्योल्बा चेसरि एआईला क्योल्बा ताजि।,सन् १९९० को दशकमा मानिसको बौद्धिकता भरपुर प्रयोग हुने चेसमा एआईको प्रयोग भयो।,"In the 1990s, AI was used in chess, a game that fully utilizes human intelligence.",D3E,13,medium,Past,Affirmative
COM_P3_D3E_S2_829,थेसे दान्दे ङ्योइबास्योला गे ताचिबा ग्रानाङ लाजि।,उनले अहिले प्रश्नपत्रको काम भइरहेको जानकारी गराए।,He informed that the work on the question paper is currently underway.,D3E,7,short,Past,Affirmative
COM_D4C_S1_S2_5811,दात्ते जीपलाइन क्लाङ्बारि ह्युलकोरपाला घुइँचो नोन ताबा मुला।,अहिले जीपलाइन खेल्न पर्यटकको घुइँचो नै लाग्ने गरेको छ।,"Nowadays, there are a lot of tourists coming to play zipline.",D4C,9,medium,Non-Past,Affirmative
COM_P2_D4C_S1_B3_2113,"रानामगर, तिमिल्सिना थेन सापकोटा थरला पान्देसे त्रिपुरा सुन्दरी भगवतीमाईला कुदा गोरि पुइबा मुबा।","रानामगर, तिमिल्सिना र सापकोटा थरका पुजारीले त्रिपुरा सुन्दरी भगवतीमाइको मूर्तिलाई पिँठ््युमा बोकेका थिए।","Priests from the Rana Magar, Timilsina, and Sapkota clans carried the idol of the beautiful Goddess Bhagwati Mai of Tripura on their backs.",D4C,13,medium,Past,Affirmative
COM_P2_D4C_S1_B1_2432,"सोम सिमाङ्ह्याम्बु्याम नेपाल, ग्यागारह्युल थेन भूटानला ज्योमोगाङ म्राङ्बारि खाम्ला।","तीन सिमाना बाट नेपाल, भारत र भूटानका हिमाल देख्न सकिन्छ।","The mountains of Nepal, India, and Bhutan can be seen from the three borders.",D4C,10,medium,Non-Past,Affirmative
COM_P2_D2H_S3_2066,स्पतालहेन्सेन सिबाला लिःरि क्योङनोन टेप फोर्बा मुबा।,अस्पतालदेखि नै मृतकको अनुहारमा पूरै टेप लगाइएको थियो।,The deceased's face had been completely taped since the hospital.,D2H,8,medium,Past,Affirmative
COM_D3E_S1_S2_1786,धुम्रबराह माविलान लोप्डा ५ रि डोबा ११ दिङ्ला धनमाया श्रेष्ठदा नेपाली बिजाराप डोबारि सेमनिला ।,धुम्रबराह माविमै कक्षा ५ मा पढ्ने ११ वर्षीया धनमाया श्रेष्ठलाई नेपाली बाल कथा पढ्न मनपर्छ।,"Dhanmaya Shrestha, 11, a student in grade 5 at Dhumrabara Secondary School, loves reading Nepali children's stories.",D3E,15,medium,Non-Past,Affirmative
COM_P2_D4C_S1_B4_607,तारला दुदुम ११ तोङ्जा किलो भारला मुला।,तारको क्षमता ११ हजार किलो भारको छ।,The wire has a load capacity of 11 thousand kg.,D4C,7,short,Non-Past,Affirmative
P4_D1A_S1_B1_1076,दान्दे खोररि ५०० स्थानीय जातला नाका मुला।,अहिले खोरमा ५०० स्थानीय जातका कुखुरा छन्।,There are currently 500 local breed chickens in the coop.,D1A,7,short,Non-Past,Affirmative
COM_P2_D3E_S2_5800,ताङ्छ्यारि मुबा विश्वविद्यालयला हकरि तो:बा स्युगुपागुलान दानरि गेरिम क्याेङ ताला।,सूचीमा रहेका विश्वविद्यालयको हकमा आवश्यक कागजातकै आधारमा प्रक्रिया पूरा हुन्छ।,"For universities on the list, the process is completed based on the required documents.",D3E,10,medium,Non-Past,Affirmative
COM_D3E_S1_S2_2155,"दाते अग्मेन्टेडरि आधारित डिजिटल प्रविधि खाजिन्जि, लोप्खेनसे प्रविधिरि अनुभव नोन लाबारि याङ्बा। ","अहिले अग्मेन्टेड मा आधारित डिजिटल प्रविधि आइसक्यो, विद्यार्थीले प्रविधिमा अनुभव नै गर्न पाउने।","Now that augmented reality-based digital technology has arrived, students will be able to experience the technology.",D3E,13,medium,Non-Past,Affirmative
D4S_S3_6230,डुइला ङ्यान्दि सुनौली पोखरा थुइबा सिद्धार्थ ग्याग्यालाम आङ्शिक स्रुगरि जे स्याङ्बारि मुला।,पहिरोका कारण सुनौली–पोखरा जोड्ने सिद्धार्थ राजमार्ग आङ्शिक रूपमा मात्रै सञ्चालनमा छ।,The Siddhartha Highway connecting Sunauli-Pokhara is only partially operational due to landslides.,D4C,11,medium,Non-Past,Affirmative
D4S_S1_2617,विस्थापित स्यान झान्नाइ डेढदर्जन दिमथेमे नोन बजार थुमरि खाबा तयारीरि मुला।,विस्थापित अरू झण्डै डेढदर्जन परिवार पनि बजार क्षेत्रमा आउने तयारीमा छन्।,About a dozen other displaced families are also preparing to move to the market area.,D4C,11,medium,Non-Past,Affirmative
COM_D5G_S3_74,थे न्हिछा तालाला फ्ल्याटरि भाडारि चिमुबा।,ऊ दोस्रोतल्लाको फ्ल्याटमा भाडामा बस्थ्यो।,He lived in a rented apartment on the second floor.,D5G,5,short,Past,Affirmative
D4S_S1_2177,चुलान फेल्गेबाकि स्रुग नोन लिच्छा निसि चान्बासेबासे जातिरि बोठाबा लाजि।,यसैको विकसित रूप नै पछि गएर टाठाबाठाले जातमा विभाजन गरे।,This evolved into the later division into castes by the Tathabathas.,D4C,10,medium,Past,Affirmative
COM_P2_D5G_S1_4623,प्रदर्शनी ड्वाफ्रे २ गते आनाम ला गिकदोःना तासेला मुला।,प्रदर्शनी जेठ २ गते अर्थात एक महिनासम्म चल्ने छ।,"The exhibition will run until Jestha 2nd, i.e. for one month.",D5G,9,medium,Non-Past,Affirmative
P2_D1A_S0_B1_1800,म्राङग्याम स्याउ ढुवानी लाबारि सानाम ग्युइ उइसे यान्दे १७ गते ग्रा जारी लाबा मुला।,बारीबाटै स्याउ ढुवानी गर्न कृषि ज्ञान केन्द्रले भदौ १७ गते सूचना जारी गरेको छ।,The Agricultural Knowledge Center has issued a notice on Bhadra 17 to transport apples from the farm.,D1A,14,medium,Non-Past,Affirmative
COM_D3E_S1_S2_2847,स्नातकरि मि लोप्खेनजुगु इन्टर्नसिपला लागि फिह्युल नोन निबारि म्याङ्ला।,स्नातकमा त विद्यार्थीहरू इन्टर्नसिपका लागि विदेश नै जान पाउँछन्।,"After graduation, students can go abroad for internships.",D3E,9,medium,Non-Past,Affirmative
COM_D5G_S6_622,थेदा था मुला- निष्ठाला छेःबारि ग्रे जोन आतामुला।,उनलाई थाहा छ– निष्ठाको लडाइमा ग्रे जोन हुँदैन।,He knows that there are no gray areas in the fight for loyalty.,D5G,8,medium,Non-Past,Negative
COM_D3E_S4_1339,लिच्छाला दुइरि चन्द्रयान-२ ला ल्याण्डरतेन सम्पर्क विच्छेद ताबालिच्छा चु मिसन स्हाङ्बा ताबारि खाम्बा आरेबा।,अन्तिम समयमा चन्द्रयान–२ को ल्यान्डरसँग सम्पर्क विच्छेद भएपछि यो मिसन सफल हुन सकेको थिएन।,The mission was not successful after contact with the Chandrayaan-2 lander was lost at the last moment.,D3E,14,medium,Past,Negative
COM_D2H_S4_2937,तिगा लाबा चुह्राङ्बा नाबादा उइरिन थान्सि क्योन्बा लाबारि खाम्बा आरे।,के गर्नु यस्ता बिरामीलाई केन्द्रमा नै राखेर उपचार गर्न सकिएको छैन।,What can be done? It has not been possible to treat such patients at the center.,D2H,11,medium,Non-Past,Negative
COM_D5G_S1_S2_136,दान्दे मि खाचिबाइ चासोन आरे।,अहिले त कुनै चासो पनि छैन।,There's no interest right now.,D5G,6,short,Non-Past,Negative
COM_P2_D4C_S1_B3_1354,मिरे जेक्खेन दर्जन गिक बिमा ल्हाना ह्युलफिपा पाथीभरा खाबा मुला।,मङ्गलबार मात्रै एक दर्जनभन्दा बढी विदेशी पाथीभरा आएका छन्।,More than a dozen foreigners arrived in Pathibhara on Tuesday alone.,D4C,9,medium,Non-Past,Affirmative
COM_P2_D2H_S3_2677,"नेपालरि ल्हाना बिजाबुमो, गर्भवती, सुत्केरी, सेर्मोकादेरि काः च्याङ्नाला काक्ता मुला।","नेपालमा धेरै बालबालिका, गर्भवती, सुत्केरी, किशोरीहरूमा रक्तअल्पताको समस्या छ।","In Nepal, many children, pregnant women, postpartum women, and adolescents suffer from anemia.",D2H,9,medium,Non-Past,Affirmative
COM_P2_D5G_S2_4776,ब्रिबा कर्म आत्मिक आनन्दला छ्यामरि कोल्मे तोःबा नोन हिन्ना।,लेखन कर्म आत्मिक आनन्दका साथै मानवीय आवश्यकता समेत हो।,Writing is a spiritual pleasure as well as a human necessity.,D5G,9,medium,Non-Past,Affirmative
COM_D5G_S4_1136,"इमानदार तातोला, सन्तोष थेन धैर्य खाइमाइ ख्लाबारि आता।","इमानदार हुनुपर्छ, सन्तोष र धैर्य कहिल्यै छाड्नु हुँदैन।","One must be honest, content, and never lose patience.",D5G,8,medium,Non-Past,Negative
COM_P3_D3E_S3_3042,पुस्तकालयरि ल्हानाह्राङ्बा संस्कृत थेन धर्मकि छ्योइ मुला।,पुस्तकालयमा बढीजसो संस्कृत र धार्मिक पुस्तक छन्।,The library contains mostly Sanskrit and religious books.,D3E,7,short,Non-Past,Affirmative
COM_P2_D2H_S2_3126,क्योन्बाला लागि अस्पताल खाबा नाबाला चाप अत्यधिक बढ्दिमा थेनिकादे तिख्याङ ख्रुङ्सि चिबारि बाध्य ताबा मुला।,उपचारका लागि अस्पताल आउने बिरामीको चाप अत्यधिक बढ्दा उनीहरू शय्या कुरेर बस्न बाध्य भएका छन्।,"As the number of patients coming to the hospital for treatment has increased, they have been forced to wait for beds.",D2H,15,medium,Non-Past,Affirmative
COM_D2H_S4_3425,गेरि ब्लुम्बा ङानि चु छोतकादेदा बेवास्ता लामुला थेन गम्भीर नाबाला चक्कररि ताला।,काममा डुबेका हामी यी सङ्केतहरूलाई बेवास्ता गर्छौँ  र गम्भीर बिरामीको चक्करमा पर्छौँ ।,"Immersed in work, we ignore these signs and end up in serious illness.",D2H,12,medium,Non-Past,Affirmative
COM_P2_D4C_S1_B1_3145,चुनोन सुरुङग्यालाम ताबान चालाबताबा गाडीसे मकवानपुरला थेदुइला सदरमुकाम भीमफेदीदोःना सामा खोमुबा।,यही सुरुङमार्ग हुँदै चल्ने गाडीले मकवानपुरको तत्कालीन सदरमुकाम भीमफेदीसम्म समान ओसार्थे।,"Vehicles passing through this tunnel used to transport goods to Bhimphedi, the then district headquarters of Makawanpur.",D4C,11,medium,Past,Affirmative
COM_D2H_S4_459,छार भेरियन्ट पुष्टि ताजिमा कादेला जोखिम ताबारि खाम्ला?,नयाँ भेरियन्ट पुष्टि भइरहँदा कत्तिको जोखिम हुन सक्छ?,How risky could it be as new variants continue to be confirmed?,D2H,8,medium,Non-Past,Affirmative
COM_D2H_S5_2916,"रेबालिच्छा लेप्पा क्युइ थुङ्बालिच्छा ह्राङ्ला होम, च्यान, स्वा ख्रुबा थेन नुहाबलास्ह्युगो।","उठिसकेपछि मनतातो पानि पिएपछि आफ्नो शौच, आचमन, दाँत माझ्ने, र स्नान गर्नुहोस्।","After waking up, drink warm water, then perform your toilet, shower, brush your teeth, and take a bath.",D2H,12,medium,Non-Past,Affirmative
COM_P2_D3E_S2_6945,चुस्पान थेनोन गेताङग्याम नगरपालिकाला उपस्थित स्यान्दो एसईई लोप्खेनरि स्हाङ्बादा नोन बधाईछ्याम प्रमाणपत्र पिन्बा मुबा।,यस्तै सोही कार्यक्रमबाट नगरपालिकाका उपस्थित अन्य एसईई विद्यार्थीमा सफललाई पनि बधाईसहित प्रमाणपत्र प्रदान गरिएको थियो।,"Similarly, other successful SEE students from the municipality present at the same program were also presented with certificates along with congratulations.",D3E,15,medium,Past,Affirmative
COM_P2_D5G_S2_659,दारे चु म्होकोन...तिगासे ह्रेम्बाला गोर्लाङ पाेबा ?,अब यो सब... केले श्रीमान्को मिर्गौला फेर्ने?,Now all this... How to replace my husband's kidney?,D5G,7,short,Non-Past,Affirmative
COM_D3E_S4_3717,सामुदायिक लोप्खाङला लोप्बोनकर्मचारीला नाम्दुङ २० गतेहेन्सेला ङ्योलोक सरकारतेनला टकरावपूर्ण मोडरि दोबा मुला।,सामुदायिक विद्यालयका शिक्षक-कर्मचारीको चैत २० देखिको आन्दोलन सरकारसँगको टकरावपूर्ण मोडमा पुगेको छ।,The protest by community school teachers and staff since Chaitra 20 has reached a confrontational phase with the government.,D3E,12,medium,Non-Past,Affirmative
COM_D2H_S1_S2_1574,थे अस्पताल चालाबलाबा जनशक्ति ग्यागारह्युलग्याम बाबाला मुबा।,ती अस्पताल चलाउने जनशक्ति भारतबाट ल्याइएको थियो।,The manpower to run those hospitals was brought from India.,D2H,7,short,Past,Affirmative
COM_D2H_S5_2312,मेनिबाला स्यान ङ्यान्दि बिबा चु नुररि म्हिरि छोरोवाला च्याङ्ना सुत्ताइ हिन्ना।,आगलागीको अर्को कारण भनेको यस विषयमा मानिसमा चेतनाको कमी समेत हो।,Another reason for fires is the lack of awareness among people on this issue.,D2H,11,medium,Non-Past,Affirmative
COM_D5G_S3_2985,"रापला बनोट, घटना थेन स्यानरापला संयोजन आकर्षक थेन हिदाबाला मुबा।","कथाको बनोट, घटना र उपकथाको संयोजन आकर्षक र लोभलाग्दो छ।","The structure of the story, the combination of events and subplots, is attractive and enticing.",D5G,10,medium,Non-Past,Affirmative
COM_D5G_S4_2394,दिमरि न्हे बासिपिन्बा डेरीला म्हिसे साइनेक्स थेन ब्रुसेट सोलाे पाङ्जि।,घरमा दूध ल्याइदिने डेरीको मान्छेले साइनेक्स र ब्रुसेट खानुहोला भन्यो।,The dairyman who brought the milk to the house said to eat some Cinex and Brusette.,D5G,10,medium,Past,Affirmative
COM_P2_D3E_S1_2403,चुला स्याङ्बा ओसेम नियन्त्रण ग्युइसेर ओसेम कोल्मे स्रोत फेल्गेबा उइसे लासेला मुला।,यसको सञ्चालन तथा नियन्त्रण शिक्षा तथा मानव स्रोत विकास केन्द्रले गर्नेछ।,It will be operated and controlled by the Center for Education and Human Resource Development.,D3E,11,medium,Non-Past,Affirmative
P4_D1A_S1_B1_4082,दिङ गिकरि तेन्तो सोमला डापडुप सुबा थेनिकादेसे याखारगि दुइरि व्यक्तिछाप सिका बुम गिकदोःना खेबि किन्बा लाबा देशरानीसे पाङ्जि।,एक वर्षमा तीन बाली सागसब्जी लगाउने उनीहरूले एक याममा प्रतिव्यक्ति रु. एक लाखसम्म आम्दानी लिने गरेका देशरानीले बताइन्।,Deshrani said that they grow three crops of vegetables a year and earn an income of up to Rs. one lakh per person in a season.,D1A,18,long,Past,Affirmative
D1A_S0_B2_1257,मुला क्युइला भररि ताबा सानाम्पा दान्ना छेप्पाला ङ्यान्दि सुनला ब्लु खार्बान निबालिच्छा मर्कारि ताबा हिन्ना।,आकाशे पानीको भर परेका किसान अत्यधिक गर्मीका कारण धानको बीउ सुक्दै गएपछि मर्कामा परेका हुन्।,Farmers who rely on rainwater are suffering as their rice seeds are drying up due to the extreme heat.,D1A,15,medium,Non-Past,Affirmative
COM_P2_D2H_S1_2797,लिःला बेनान काक्ता छिम्बाला लागिरि बजाररि ल्हानान क्रिम उपलब्ध मुला।,अनुहारका हरेक समस्या समाधानका लागि बजारमा कैयौँ क्रिम उपलब्ध छन्।,There are many creams available in the market to solve every facial problem.,D2H,10,medium,Non-Past,Affirmative
COM_D3E_S4_3954,थेराङलासि स्यान्दो अनुसन्धानसे बिसाम सेराकादे च्याङ्ना दुइ विद्युतीय उपकरणरि व्यतित लामा नोन ल्हाना ताङ्बा उन्बा मुबा।,त्यसैगरी अर्को अनुसन्धानले भने किशोरहरू थोरै समय विद्युतीय उपकरणमा व्यतित गर्दा नै धेरै खुसी रहने देखाएको थियो।,"Similarly, another study showed that teenagers are happier when they spend less time on electronic devices.",D3E,17,long,Past,Affirmative
COM_P2_D2H_S2_3371,दात्ते गिकनोन वडारि म्राङ्बा चु कुपोषणला काक्ता ल्हाना लोतुजनक नुर हिन्ना।,अहिले एउटै वडामा देखिएको यो कुपोषणको समस्या निकै चिन्ताजनक विषय हो।,"This problem of malnutrition, currently seen in a single ward, is a matter of great concern.",D2H,11,medium,Non-Past,Affirmative
D1A_S0_B2_800,"थेसे पाङ्जि, होनग्याम सुनसास्हिङरि ताबा क्षतिला तथ्याङ्क खाबा ताङ जारी मुला।","उनले भने, बाढीबाट धानखेतीमा भएको क्षतिको तथ्याङ्क आउने क्रम जारी छ।",He said that data on damage to rice cultivation due to floods continues to come in.,D1A,11,medium,Non-Past,Affirmative
COM_P2_D5G_S2_4099,छ्योइदा थोसि थेसे चुदेदोना लोतु चु बिमा ङ्हाच्छा खाइमाइ लाबा नोन आरेबा।,पुस्तकलाई लिएर उसले यतिविधि चिन्ता यसअघि कहिल्यै गरेको पनि थिएन।,He had never worried so much about a book before.,D5G,10,medium,Past,Negative
COM_D2H_S5_2210,कादेराङ अस्पतालरि डायलिसिस मेसिन थेराङनोन चिम्बा मुला बिसाम कादेराङरि उपकरण नोन आरे।,कतिपय अस्पतालमा डायलिसिस मेसिन त्यसै थन्किएका छन् भने कतिपयमा उपकरण नै छैन।,"Some hospitals have dialysis machines lying around, while others do not have the equipment at all.",D2H,12,medium,Non-Past,Negative
P3_D1A_S0_B2_2456,गाइना तासाइनोन ज्याबा गे तिबा ताबा बिबान थेसे छ्याज्योसेङ बार्बुस्हे सुत्ताइ हाट बजाररि चुङ्बाला लागिरि थान्दोबा पाङ्जि।,ढिलै भएपनि राम्रो काम थालनी भएको भन्दै उनले हस्ताकलाका सामग्री समेत हाट बजारमा विक्रीका लागि राख्नु पर्ने बताए।,"Stating that the work has started well, albeit late, he said that handicraft materials should also be put up for sale in the market.",D1A,18,long,Past,Affirmative
COM_P2_D3E_S3_4780,रिभो साइन्सला लक्ष्मण डङ्गोलला आन्सार काल्पनिक स्रुगरि लोप्खेनसे च्याङ्नारि न्हिच्युइ पाना ग्यासाला परिकल्पना स्होबारि खाम्सेला मुला।,रिभो साइन्सका लक्षमण डङ्गोलका अनुसार काल्पनिक रूपमा विद्यार्थीले कम्तीमा बीस पानामा सहरको परिकल्पना बनाउन सक्नेछन्।,"According to Lakshman Dangol of Revo Science, students can hypothetically envision at least twenty Panamanian cities.",D3E,15,medium,Non-Past,Affirmative
COM_D5G_S1_S2_5352,डाबाकादेला कापाङ अक्टोबर लाला चुःबारि लाला तासाइ सामान्यतया डिसेम्बर १० रि गोरन्हि स्कान्डेनेभियाली राजधानीरि भव्य समारोहकादेगुङ पुरस्कार दोन्बा प्रछेप मुला।,विजेताहरूको घोषणा अक्टोबर महिनाको सुरुमा गरिन्छ तर सामान्यतया डिसेम्बर १० मा दुई स्कान्डेनेभियाली राजधानीमा भव्य समारोहहरूबीच पुरस्कार वितरण गर्ने प्रचलन छ।,"The winners are announced in early October, but it is customary to hand out the awards during grand ceremonies in the two Scandinavian capitals on December 10th.",D5G,21,very long,Non-Past,Affirmative
COM_P2_D4C_S1_B1_1925,माङ्गार समुदायला भूम्या प्रिबा तिनिहेन्से चुःबाला मुला।,मगर समुदायको भूम्या पर्व आजदेखि सुरु भएको छ।,The Bhumya festival of the Magar community has begun today.,D4C,8,medium,Non-Past,Affirmative
COM_P2_D3E_S2_6518,अनिषा तिवारीसे च्युइ जोड न्हिला नतिजा ठोङ्सेङ ताबालिच्छा काप्पा खेडोबला लागि फिह्युल निबा योजना स्होजि।,अनिषा तिवारीले दस जोड दुईको नतिजा सार्वजनिक भएपछि थप अध्ययनका लागि विदेश जाने योजना बनाइन्।,Anisha Tiwari planned to go abroad for further studies after the results of her 10 plus two exams were made public.,D3E,15,medium,Past,Affirmative
COM_P2_D4C_S1_B3_1243,जनकपुररि दाङ्बा होलीरि रङबिमा परिकारदा ल्हाना महत्त्व पिन्मुला।,जनकपुरमा मनाइने होलीमा रङभन्दा परिकारलाई बढी महत्त्व दिइन्छ।,"During Holi celebrated in Janakpur, food is given more importance than colors.",D4C,8,medium,Non-Past,Affirmative
P3_D1A_S0_B1_302,दान्दे खुदु चुङ्बा आताबालिच्छा ख्याम्बा नाछाल मुला।,अहिले मह बिक्री नभएपछि पलायन हुने अवस्था छ।,"Now, there is a situation of migration as honey is not being sold.",D1A,8,medium,Non-Past,Affirmative
COM_D2H_S1_S2_889,ल्हुइग्याम क्युइ थोन्जि बिसाम काःचाप च्याङ्ना ताबारि खाम्ला।,शरीरबाट पानी निस्क्यो भने रक्तचाप कम हुन सक्छ।,Dehydration can cause low blood pressure.,D2H,8,medium,Non-Past,Affirmative
COM_D2H_S1_S2_3255,काङला मृत कोषकादेदा तेःबारि प्युमेस मिनला युङ्बाला प्रयोग लातोबा।,खुट्टाको मृत कोषहरूलाई निकाल्न प्युमेस नामक ढुङ्गाको प्रयोग गर्ने।,Use a pumice stone to remove dead skin cells from your feet.,D2H,9,medium,Non-Past,Affirmative
COM_P2_D5G_S4_2585,चु ङ्हाच्छा थे सिल्भर छोनला सेन्ट्रो क्रेबान खाबा मुबा।,यसअघि उनी सिल्भर रङ्गको सेन्ट्रो चढ्दै आएकी थिइन्।,"Previously, she had been driving a silver-colored Santro.",D5G,8,medium,Past,Affirmative
COM_P2_D2H_S3_1103,डापडुप चाबास्हेसे ल्हुइला प्रतिरक्षात्मक डिछ्यादा कोङ्बा स्होमुला।,शाकाहारी भोजनले शरीरको प्रतिरक्षात्मक प्रणालीलाई बलियो बनाउँछ।,A vegetarian diet strengthens the body's immune system.,D2H,7,short,Non-Past,Affirmative
P2_D1A_S0_B2_2614,चु दिङ सरकारसे सुन सुबाला सिजनरिन साइ तोक्तिमा सानाम्पादा चुङ्बारि थेन कम्पनीदा ग्लुबारि देबा ताबा पाङ्मुला।,यस वर्ष सरकारले धान रोपाइँको सिजनमै मूल्य तोकिदिँदा किसानलाई बिक्री गर्न र कम्पनीलाई खरिद गर्न सजिलो भएको बताउँछिन्।,"She says that this year, the government fixed the price during the rice planting season, making it easier for farmers to sell and for companies to buy.",D1A,18,long,Non-Past,Affirmative
COM_D5G_S3_2376,"केवा थेन जिक्तेनथोरि काजिला कि–नोट स्पिचरि थेसे पाँचथरला थेदुइला ग्युइस्हेर, ग्याम, फेल्गेबाफिरि पाङ्बा मुबा।","जीवन र जगत्‌माथि काइँलाको कि–नोट स्पिचमा उनले पाँचथरको उबेलाको शिक्षा, बाटो, विकासबारे बोलेका थिए।","In Kaila's keynote speech on life and the world, he spoke about the education, path, and development of Panchthar during his time.",D5G,14,medium,Past,Affirmative
COM_D4C_S1_S2_3256,बौद्धमार्गीकादेला ग्रेन दोखाङला स्रुगरि मुबा खास्योर दोमा स्हिवाला अनुभूति ताबा लामुला।,बौद्धमार्गीहरूको प्रमुख गन्तव्यका रूपमा रहेको बौद्धनाथ पुग्दा शान्तिको अनुभूति हुने गर्छ।,"Reaching Boudhanath, a major destination for Buddhists, brings a sense of peace.",D4C,11,medium,Non-Past,Affirmative
COM_D3E_S4_2069,७ दिङ ङाच्छादोःना नाम्सिखेन्पोकादेसे परम्परागत प्रविधिग्याम नाम्सिला भविष्यवाणी लामुबा।,७ वर्ष अघिसम्म मौसमविद्हरूले परम्परागत प्रविधिमार्फत मौसमको भविष्यवाणी गर्थे।,"Until 7 years ago, meteorologists predicted the weather using traditional techniques.",D3E,9,medium,Past,Affirmative
D1A_S0_B3_656,थेसे तोङ्जा न्हि लिटर सेकेन्डछाप क्युइ डुट्पा जाजा पम्प स्याङ्बान लाबा ग्रानाङ पिन्जि।,उनले २ हजार लिटर प्रतिसेकेन्ड पानी तान्ने सानो पम्प सञ्चालन गरिएको जानकारी दिए।,He informed that a small pump that draws 2 thousand liters of water per second has been put into operation.,D1A,13,medium,Past,Affirmative
COM_D3E_S5_721,थे ङेङ्गोरतेन इन्टरनेटला ग्युङग्याम्से ताम लामुला।,उनी आफन्तसँग इन्टरनेटको माध्यममार्फत कुराकानी गर्छिन्।,She communicates with relatives via the Internet.,D3E,6,short,Non-Past,Affirmative
COM_D2H_S4_416,थे एमोरी विश्वविद्यालयरि च्यालाङ प्रतिरोधी तत्त्वला खेडोब लामुला।,उनी एमोरी विश्वविद्यालयमा सङ्क्रमणनिरोधी तत्त्वको अध्ययन गर्छन्।,He studies infectious agents at Emory University.,D2H,7,short,Non-Past,Affirmative
COM_P2_D4C_S1_B3_2706,नाना-आलेला प्रिबा भाइटीका न्हिदान ल्हानान सेमतामुला।,दिदी-भाइको चाड भाइटीका दुवैलाई असाध्यै मनपर्छ।,Both sisters and brothers love the festival of Bhai Tika very much.,D4C,6,short,Non-Past,Affirmative
COM_P3_D3E_S1_12537,थेरि खाइमा नोन आभिनय आलाबा लोप्खेनसे खाराङ्बा ज्याबा आभिनय लाबा मुबा।,त्यसमा कहिले पनि अभिनय नगरेका विद्यार्थीले कस्तो राम्रो अभिनय गरेका थिए।,What a great performance by a student who had never acted before.,D3E,11,medium,Past,Affirmative
COM_P2_D2H_S3_4229,अर्को पाटो दुर्घटनाग्याम अस्पतालदोना च्याबा गि दोस्रो अस्पताल दोबा लिच्छा हिन्ना,अर्को पाटो दुर्घटनाबाट अस्पतालसम्म हेर्ने एउटा दोस्रो अस्पताल पुगेपछि हो।,The next step is to look at the second hospital from the accident to the hospital.,D2H,10,medium,Non-Past,Affirmative
COM_D3E_S1_S2_3456,स्यानय्हुल मापदण्डला दस जोड दुईला पाठ्यक्रम पोःबा ताबासे सेङ्जाङ पाठ्यक्रमप्रति सचेत मुबा प्रस्ट ताला।,अन्तर्राष्ट्रिय मापदण्डको दस जोड दुईको पाठ्यक्रम परिवर्तन हुनुले परिषद् पाठ्यक्रमप्रति सचेत रहेको प्रस्ट हुन्छ।,The change in the curriculum to ten plus two curriculum to international standards clearly shows that the council is aware of the curriculum.,D3E,14,medium,Non-Past,Affirmative
D1A_S0_B2_4707,च्याङ्नारि नोन गिक सानाम्पासे न्हि रोपनी क्षेत्रफलरि तेमे सास्हिङ लाबा अभियान मुबा वडाचोहो हुमनाथ न्यौपानेसे पाङ्जि।,कम्तीमा पनि एक कृषकले दुई रोपनी क्षेत्रफलमा आलु खेती गर्ने अभियान रहेको वडाध्यक्ष हुमनाथ न्यौपानेले बताए।,Ward Chairman Humnath Neupane said that there is a campaign to have at least one farmer cultivate potatoes in an area of ​​two ropanis.,D1A,16,long,Past,Affirmative
COM_D5G_S5_640,थे दुइरि ज्याल्खान फिर्ग्याप फोटोग्राफरला गोब ल्हागाब ताबा मुबा।,त्यो समयमा जेल बाहिर फोटोग्राफरको भीड लागेको थियो।,"At that time, there was a crowd of photographers outside the prison.",D5G,8,medium,Past,Affirmative
COM_D2H_S4_3008,ङु आखाबाला ल्होलो तोसोसे तामुला थेन चुसे म्हिदा ल्होलो तोसोसे नोत्पा लामुला।,अनिद्राका विभिन्न प्रकार हुन्छन् र यसले मानिसलाई अनेकौँ प्रकारले असर पार्छ।,There are different types of insomnia and it affects people in many ways.,D2H,11,medium,Non-Past,Affirmative
COM_P2_D2H_S5_4041,ह्याङ्ला अपेक्षा चा चु न्होरकि दिङला थुम्तादोःना गोर ग्यार्जा १ अस्पताल खाम्ला बिबा हिन्ना।,हाम्रो अपेक्षा चाहिँ यस आर्थिक वर्षको अन्तिमसम्म १ सय वटा अस्पताल सकिन्छन् भन्ने हो।,Our expectation is that 100 hospitals will be completed by the end of this fiscal year.,D2H,14,medium,Non-Past,Affirmative
COM_D3E_S5_4624,एक्सएफ ११ क्षुद्र ग्रह साजाम्बुलिङतेन ठोक्सि साजाम्बुलिङरि विनाश ताबा सम्भावना मुबा ताम नासासे व्यक्त लाबा मुला।,एक्सएफ ११ क्षुद्र ग्रह पृथ्वीसँग ठोक्किएर पृथ्वीमा विनाश हुने सम्भावना भएको कुरा नासाले व्यक्त गरेको छ।,NASA has expressed the possibility that asteroid XF11 could collide with Earth and cause destruction on Earth.,D3E,16,long,Non-Past,Affirmative
COM_D4C_S1_S2_3999,"खस साम्राज्यला सिमाना न्हाङरि ह्युलम्हि तिनि नोन मष्टो रिमठिमला प्रिबा, बुद्ध धर्मला लाहेन्से हिन्दू धर्मला प्रिबाबाड नोन छ्याम दाङ्सि खाबान मुला।","खस साम्राज्यको सिमाना भित्रका नागरिक आज पनि मष्टो संस्कृतिका पर्व, बुद्ध धर्मका देउता देखि हिन्दू धर्मका चाडबाड पनि सँगै मनाउँदै आएका छन्।","Even today, citizens within the borders of the Khas Empire continue to celebrate festivals of the Masto culture, from Buddhist deities to Hindu festivals.",D4C,22,very long,Non-Past,Affirmative
P2_D1A_S0_B1_3417,ल्होलो प्रजातिला दिङ्कि न्हि बुम पोवा चुङबा लाबान खाबा पाङ्बा उप्रेतीसे चुला बजार ल्हाना ज्याबा मुबा पाङ्जि।,विभिन्न प्रजातिका वार्षिक दुई लाख बिरुवा बिक्री गर्दै आएको बताउने उप्रेतीले यसको बजार अत्यन्तै राम्रो रहेको बताए।,"Upreti, who said that he has been selling two lakh seedlings of various species annually, said that the market for them is very good.",D1A,17,long,Past,Affirmative
D1A_S0_B3_1112,तासाइ दुइरिन ग्लुबा प्रकृया आजिन्मा थेन नाम्दुङला निच्छा ङिसरेग्यामनोन कोनोना ह्याम काबाजोत्पाला लागिर लकडाउन चुःबा ताबालिच्छा सार आयात काजि।,"तर, समयमा खरिद प्रक्रिया नसकिँदा र चैतको दोस्रो हप्ताबाटै कोरोना भाइरस रोकथामका लागि लकडाउन सुरु भएपछि मल आयात रोकियो।","However, fertilizer imports were halted after the procurement process was not completed on time and the lockdown to prevent the spread of the coronavirus began in the second week of Chaitra.",D1A,19,long,Past,Affirmative
D1A_S0_B1_3085,दान्दे थेला बुरि ग्यार्जा ब्लिला च्योच्योरि किबिला दोङ मुला।,अहिले उनको खेतमा चार सयको हाराहारीमा किबीको बोट छ।,"Currently, there are around four hundred kiwi plants in his farm.",D1A,9,medium,Non-Past,Affirmative
D1A_S0_B1_4903,कादेदा कागतीला पोवा पिन्सि डिवान स्होबारि नोन ह्रो लाबा मुला।,कतिलाई त कागतीका बिरुवा दिएर बगान बनाउन पनि सहयोग गरेको छु।,I have even helped some people grow lemon trees by giving them lemon trees.,D1A,11,medium,Non-Past,Affirmative
COM_D3E_S3_4051,"कलेजसे तिनिला वैश्विक रोजगार बजारतेन प्रतिस्पर्धा लाबारि योग्य जनशक्ति जे तयार लासिचिबा आरे, ओत्तेलान जिम्मेवार ह्युलम्हि दोःबारि नोन प्रेरित लासिचिबा मुला।","कलेजले आजको वैश्विक रोजगार बजारसँग प्रतिस्पर्धा गर्न योग्य जनशक्ति मात्र तयार गरिरहेको छैन, उत्तिकै जिम्मेवार नागरिक बन्न पनि प्रेरित गरिरहेको छ।","The college is not only preparing a workforce capable of competing in today's global job market, but is also inspiring them to become equally responsible citizens.",D3E,21,very long,Non-Past,Affirmative
COM_P2_D2H_S2_7891,ह्राङ ङामला ह्रोकादे नोन छार भेरिएन्टला चपेटासे ग्रस्त ताबा पाङ्बान थेसे म्हिदा सावधान ताबारि अपिल लाजि।,आफू निकटका साथीहरू पनि नयाँ भेरिएन्टको चपेटाले ग्रस्त भएको बताउँदै उनले मानिसलाई सावधान रहन अपिल गरे।,"He appealed to people to be careful, saying that his close friends have also been affected by the new variant.",D2H,16,long,Past,Affirmative
COM_D2H_S1_S2_2665,ल्हुइथाङ साप्तो दिङ्साङला दुइसाङरि ब्लोनखाङसे म्हेन्दो ङा ल्हुइथाङ साप्तोरि गेलाचिबा कर्मचारीकादेदा डेन लाबा मुला।,स्वास्थ्य सेवा दिवसको अवसरमा मन्त्रालयले ५ जना स्वास्थ्य सेवामा कार्यरत कर्मचारीहरूलाई सम्मान गरेको छ।,"On the occasion of Health Services Day, the Ministry has honored five healthcare workers.",D2H,14,medium,Non-Past,Affirmative
COM_D2H_S5_4961,गोर ब्रे अस्पतालदा नोन परिपत्र लाबा मुला कि कस्मेटिक बिमा क्रोबाला बेनान नाबाला क्योन्बा शुल्क ब्लोनखाङसे ब्याहोर्दिमुला।,८ वटा अस्पताललाई नै परिपत्र गरिएको छ कि कस्मेटिक बाहेक जलनका सबै बिरामीको उपचार शुल्क मन्त्रालयले बेहोर्छ।,"A circular has been issued to 8 hospitals stating that the ministry will bear the treatment costs of all burn patients, except cosmetic ones.",D2H,17,long,Non-Past,Affirmative
COM_D5G_S1_S2_4178,म्हुना चिप्पान निमा सेमरि अनेक विचार खाबारि वाङ्बा मुबा।,रात छिप्पिँदै जाँदा मनमा अनेक विचार आउन थालेको थियो।,"As the night wore on, many thoughts began to come to mind.",D5G,9,medium,Past,Affirmative
D1A_S0_B1_4630,हेम्जारि तेमे सास्हिङला विस्तार ताबान निमा नार्कन्हाङरि थुमकि सानाम अनुसन्धान केन्द्र लुम्लेसे चु नाम्सादा औपचारिक स्रुगरि ङोसेबा लाबा हिन्ना।,हेम्जामा आलु खेतीको विस्तार हुँदै जाँदा नार्कअन्तर्गत क्षेत्रीय कृषि अनुसन्धान केन्द्र लुम्लेले यस गाउँलाई औपचारिक रूपमा नै आलु गाउँका रूपमा परिचित गराएको हो।,"As potato farming expands in Hemja, Lumle, the Regional Agricultural Research Center under NARC, has officially introduced the village as a potato village.",D1A,23,very long,Non-Past,Affirmative
P4_D1A_S1_B1_2306,थेला आन्सार मेवाला पोवादा गोरछाप सिका ३५ रि चुङ्बा लाबा मुला।,उनका अनुसार मेवाका बिरुवालाई प्रतिगोटा रु. ३५ मा बिक्री गरिएको छ।,"According to him, papaya seedlings are being sold for Rs. 35 per seedling.",D1A,11,medium,Non-Past,Affirmative
D1A_S0_B1_3988,ब्लोनखाङला आन्सार न्होरकि दिङ २०७६/०७७ रि तोङ्जा १० हेक्टर क्षेत्रफलरि तोङ्जा ११ मेट्रिक टन ब्रे उत्पादन ताबा मुबा।,मन्त्रालयका अनुसार आर्थिक वर्ष २०७६/०७७ मा १० हजार हेक्टर क्षेत्रफलमा ११ हजार मेट्रिक टन फापर उत्पादन भएको थियो।,"According to the ministry, 11 thousand metric tons of buckwheat were produced on 10 thousand hectares during the fiscal year 2076/077 BS.",D1A,18,long,Past,Affirmative
COM_P2_D5G_S2_6790,स्योस्योरि छिःपा ताम्सोरकादे च्यामा स्योस्योन प्रतिबन्धित तादाला बिबा लोङ्बा नोन थेनिकादेदा म्हान्मुबा।,पत्रिकामा छापिएका खबरहरू हेर्दा पत्रिकै प्रतिबन्धित होला भन्ने डर पनि उनीहरूलाई लाग्थ्यो।,They were also afraid that the newspaper itself would be banned after reading the news published in it.,D5G,12,medium,Past,Affirmative
D4S_S1_6777,थेनिकादेला ङाच्छाला दिम बोसि पक्की दिम स्होबारि न्हि दिङ निसिजिन्मा नोन दिम अलपत्र मुला।,उनीहरूको पहिलेको घर भत्काएर पक्की घर बनाउन दुई वर्ष बितिसक्दा पनि घर अलपत्र छ।,"Two years have passed since their previous home was demolished to build a concrete house, but the house remains abandoned.",D4C,14,medium,Non-Past,Affirmative
COM_P2_D3E_S1_6001,गेन्दुनछेनला चोहो सुवेदीसे वार्ता आताना ग्युइसेर विधेयक जारी तातोबा म्हान्बा पाङ्जि।,महासङ्घका अध्यक्ष सुवेदीले वार्ता नभई शिक्षा विधेयक जारी हुनुपर्ने चाहेकाे बताए।,Federation President Subedi said that he wanted the Education Bill to be issued instead of negotiations.,D3E,11,medium,Past,Affirmative
COM_D5G_S8_427,आमा ङाला ग्रेन फ्यान हिन्ना।,आमा मेरो ठूलो फ्यान हो।,My mother is a big fan of mine.,D5G,5,short,Non-Past,Affirmative
P4_D1A_S1_B1_3739,नाम्खाला दुइरि मुतेबा थुमरि खुला आडुप ताबासे नोन चु दुइरि खुसे ज्याबा बजार साइ याङ्बा लाबा सानाम्पाजुगु पाङ्मुला।,वर्षातको समयमा हरेक क्षेत्रमा तरकारीको अभाव हुने हुँदा पनि यो समयमा तरकारीले राम्रो बजार भाउ पाउने गरेको कृषकहरू बताउछन।,"Farmers say that even though there is a shortage of vegetables in every region during the rainy season, vegetables fetch good market prices during this time.",D1A,19,long,Non-Past,Negative
COM_P2_D3E_S3_1685,चु एपला ग्युङग्याम मिति ओसेम दुइ च्याबारि खाम्ला।,यो एपको माध्यमबाट मिति तथा समय हेर्न सकिन्छ।,You can view the date and time through this app.,D3E,8,medium,Non-Past,Affirmative
P4_D1A_S1_B1_1973,मेलम्ची करिडोर तार्ङा न्हाबा छोङनामला लागिरि ज्याबा तेन्बान मुबा।,मेलम्ची करिडोर माछा पालन व्यवसायका लागि राम्रो मानिदै थियो।,The Melamchi Corridor was considered good for the fishing industry.,D1A,9,medium,Past,Affirmative
D4S_S3_4315,प्रभावितला काक्ताछाप सरकार गम्भीर आताबा आरुघाटला दिनेश ढकालसे पाङ्स्ह्युजि।,प्रभावितका समस्याप्रति सरकार गम्भीर नभएको आरुघाटका दिनेश ढकालले बताउनुभयो।,Dinesh Dhakal of Arughat said that the government is not serious about the problems of the affected people.,D4C,9,medium,Past,Affirmative
COM_D5G_S1_S2_906,लिच्छा ब्रेल ब्रेल्साङरि छ्योल्बा मुबा।,पछि सम्बन्ध विवाहमा परिणत भएको थियो।,The relationship later turned into marriage.,D5G,6,short,Past,Affirmative
COM_P2_D3E_S1_2821,गेताङरि बोकिन्बा लोप्खेनसे ल्होलो पुरस्कारसुत्ताइ डाबा हबसे उन्पाङ्बा मुला।,कार्यक्रममा सहभागी विद्यार्थीले विभिन्न पुरस्कारसमेत जित्ने हबले जनाएको छ।,The Hub has stated that students participating in the program will also win various prizes.,D3E,9,medium,Non-Past,Affirmative
COM_D4C_S1_S2_7397,"थेग्याम किलोमिटर निस ब्राबालिच्छा छिल्लीकोट दोबा मुला, छिल्लीकोट दोबा ह्युलकोरग्याम दात्ते कालोपत्र ताबान मुला, थे थुम्साम झाननोन देबा तासेदा मुला थेन ह्युलकोर्पाला साङ्ज्या काप्पा ल्हेःसेदा मुला।","त्यहाँबाट सात किलोमिटर हिँडेपछि छिल्लीकोट पुग्ने गरिन्छ, छिल्लीकोट पुग्ने पर्यटनमार्ग अहिले कालोपत्र भइरहेको छ, त्यो सम्पन्न भए झनै सहज हुने छ र पर्यटकको सङ्ख्या थप बढ्ने छ।","From there, one can reach Chillikot after walking seven kilometers. The tourist route to Chillikot is currently being blacktopped. Once completed, it will be even easier and the number of tourists will increase further.",D4C,27,very long,Non-Past,Affirmative
P4_D1A_S1_B2_1496,क्योङ सास्हिङयोग्य क्षेत्रफलला छ्योआछ्यो ३१ कार्ग्या सारि जेक्खेन सुन स्हासिङ ताबान खाबा ग्रेन्पो लामिछानेसे पाङ्जि।,कूल खेतीयोग्य क्षेत्रफलको करिब ३१ प्रतिशत जमिनमा मात्रै धान खेती हुँदै आएको प्रमुख लामिछानेले बताए।,Chief Lamichhane said that rice cultivation is being done on only about 31 percent of the total cultivable area.,D1A,15,medium,Past,Affirmative
D1A_S0_B1_1066,"नेपालरि चु डिछ्या सक्रिय ताबासे ह्युलनाङ खासुछ्याम मुठेङ्सि, तिप्लिङ, लाबानाम थेन सेर्बाछ्याम नाम ताइबान मुला। ","नेपालमा यी प्रणाली सक्रिय भएकाले देशभर बदलीसँगै मेघगर्जन, चट्याङ, हावाहुरी र असिनासहित वर्षा भइरहेको हो।","As these systems are active in Nepal, there is cloudy weather, accompanied by thunder, lightning, wind, and hail.",D1A,15,medium,Non-Past,Affirmative
COM_P3_D3E_S1_10192,समाज पोबाछ्याम अभिभावकला भूमिका नोन पोबा मुला।,समाज परिवर्तनसँगै अभिभावकको भूमिका पनि परिवर्तन भएको छ।,"With the change in society, the role of parents has also changed.",D3E,8,medium,Non-Past,Affirmative
P2_D1A_S0_B1_2522,सुन्तला छोङ्पो नरेन्द्र धामी लानिरे धनगढी बजाररि निगालीला सुन्तला चुङ्बारि चुराङलासि प्रचार प्रसार लासिचिबा याङ्बा मुला।,सुन्तला व्यापारी नरेन्द्र धामी सोमबार धनगढी बजारमा निगालीको सुन्तला बेच्न यसरी प्रचार प्रसार गरिरहेको भेटिए।,Orange trader Narendra Dhami was seen promoting the sale of Nigali oranges in Dhangadhi market on Monday.,D1A,15,medium,Past,Affirmative
COM_P2_D2H_S2_2487,पिसिएल नर्सिङला गेताङरि दाते नोन १२० म्हे लोप्खेन खेडोब लाचिबा मुला।,पिसिएल नर्सिङको कार्यक्रममा अहिले पनि १२० जना विद्यार्थी अध्ययरत छन्।,There are currently 120 students studying in the PCL Nursing program.,D2H,10,medium,Non-Past,Affirmative
COM_P2_D5G_S1_4097,ल्हानानसे यथार्थ अवगत लाबारि म्हाइसाइ नोन थे सहमत ताबारि अखाम्सेला मुबा।,धेरैले यथार्थ अवगत गराउन खोजेता पनि उनी सहमत हुन सक्दिन थिइन्।,"Even though many tried to explain the truth, she could not agree.",D5G,11,medium,Past,Affirmative
D4S_S3_7079,७३ दिङला काशीलाल श्रेष्ठ जाजान दिङहेन्से चाकु उत्पादन थेन चुङ्बारि संलग्न ताजि।,७३ वर्षीय काशीलाल श्रेष्ठ सानै उमेरदेखि चाकु उत्पादन र बिक्रीमा संलग्न हुनुभयो।,73-year-old Kashilal Shrestha became involved in knife manufacturing and sales from a young age.,D4C,12,medium,Past,Affirmative
COM_D5G_S4_361,वेब सिरिजला सुटिङ ङाइ जिन्नालाजिन्बा मुला।,वेब सिरिजको सुटिङ मैले सकाइसकेको छु।,I have finished shooting the web series.,D5G,6,short,Non-Past,Affirmative
COM_P2_D3E_S3_2262,चु दिङला आइसीटी अवार्डरि ल्हानाह्राङ्बा दाम्बा दाछोकला मिटिङजुगु भर्चुअल स्याङ्बा ताबा स्हेङ्खेनसे ग्रानाङ पिन्बा मुला।,यस वर्षको आइसिटी अवार्डमा अधिकांश छनौट समितिका मिटिङहरू भर्चुअल सञ्चालन हुने आयोजकले जानकारी दिएको छ।,Organizers have announced that most of the selection committee meetings for this year's ICT Awards will be held virtually.,D3E,15,medium,Non-Past,Affirmative
D4S_S1_717,तिवारराङ्बा प्रिबारि ह्याङसे तलब याङ्बारि आखाम्नि।,तिहारजस्ता पर्वमा हामीले तलब पाउन सकेनौँ।,We couldn't get paid during festivals like Tihar.,D4C,6,short,Non-Past,Negative
COM_P2_D2H_S1_3485,अभिभावककादे केवाडास्या लाइनुहेन्से किन्सि स्यान्दो बिजाबुमोदा सर्जरी लाबारि लोङ्बा लाबा लामुला।,अभिभावकहरू नवजात शिशुदेखि लिएर अन्य बालबालिकालाई सर्जरी गर्न डराउने गर्छन्।,"Parents are afraid to perform surgery on their children, from newborns to older children.",D2H,10,medium,Non-Past,Affirmative
COM_P2_D2H_S3_310,"तनाव, लोतु बिमा डिप्रेशनला स्यान्दो ङ्यान्दिकादे एन तामुला ?","तनाव, चिन्ता बाहेक डिप्रेशनका अन्य कारणहरू पनि हुन्छन्?",Are there other causes of depression besides stress and anxiety?,D2H,8,medium,Non-Past,Affirmative
COM_D5G_S4_1386,थे क्रिप थेला व्हाङ ताबा काङ पोसोकपोसोक साम्मुबा।,उक्त छाया उनको खाल्टो परेको पाइतला सुमसुमाउथ्यो।,The shadow was whispering under his hollowed foot.,D5G,7,short,Past,Affirmative
COM_P2_D4C_S1_B2_3538,टानला चोहो नीलहरि बाँस्तोलासे सरकारसे ह्युलकोर थुमग्याम छोङनाम्पादा वञ्चित लाबारि माइबा पाङ्जि।,टान का अध्यक्ष नीलहरि बाँस्तोलाले सरकारले पर्यटन क्षेत्रबाट व्यवसायीलाई वञ्चित गराउन खोजेको बताए।,TAAN Chairman Nilhari Bastola said that the government is trying to deprive entrepreneurs from the tourism sector.,D4C,13,medium,Past,Affirmative
COM_P2_D4C_S1_B2_3097,खेन्पो छोक्पाला सुझावलिच्छा थेदुइला ब्लोन अधिकारी गोल्छेसे काभ्रेला नागीगाङरि विमानस्थल स्होबा आप्ताग्याम थारेङ ताबारि तिःबा मुबा।,विज्ञ समूहको सुझावपछि तत्कालीन मन्त्री अधिकारी बिस्तारै काभ्रेको नागीडाडाँमा विमानस्थल बनाउने निर्णयबाट टाढिन थालेका थिए।,"Following the suggestions of an expert group, the then Minister Adhikari gradually started moving away from the decision to build an airport in Nagidadan, Kavre.",D4C,15,medium,Past,Affirmative
COM_D5G_S3_2919,खाइमा खाइमा निराशासे प्लिङ्बा खाम्देदोःना ज्याबा लाबा कर्मरि ब्राबा मुला।,कहिलेकाहीँ निराशाले छाए पनि भरसक राम्रो गर्ने कर्ममा लागेको छु।,"Even though I am sometimes overwhelmed by disappointment, I am committed to doing the best I can.",D5G,10,medium,Non-Past,Affirmative
COM_D2H_S5_2629,जोङरि म्हेन्दो ९० थेन ललितपुररि म्हेन्दो २ रि च्यालाङ म्राङ्बा थेसे पाङ्स्ह्युजि।,जिल्लामा ९० र ललितपुरमा २ जनामा सङ्क्रमण देखिएको उहाँले बताउनुभयो।,He said that 90 people have been infected in the district and 2 in Lalitpur.,D2H,10,medium,Past,Affirmative
P3_D1A_S0_B1_1913,"हल गिक ग्लाबालान सहारारि सास्हिङ लाबान, फो न्हाबान खाबा सुकमानदा रोपाइँ खाराङलासि लाबा हिन्ना ?","एक हल गोरुकै सहारामा खेतीपाती गर्दै, पेट पाल्दै आएका सुकमानलाई रोपाइँ कसरी गर्ने हो?",How can a farmer who has been farming and making a living with only one ox be able to plant crops?,D1A,14,medium,Non-Past,Affirmative
P2_D1A_S0_B1_2394,छिटफुटस्रुगरि जोङरि वर्खा तासाइनोन  स्योङरि  भेल खाबा लासि आझाैन नाम खाबा  आरे।,छिटफुटरूपमा जिल्लामा वर्षा भए पनि खोलामा भेल आउने गरी अझै पानी परेको छैन।,"Although there has been sporadic rain in the district, it has not yet reached the point where the rivers are overflowing.",D1A,13,medium,Non-Past,Negative
COM_D3E_S3_1867,निसालरि ब्लोन पौडेलसे खाम्देयोःना तयारी पूरा लासि खेडोबला लागि वातावरण डिक्नालाबारिे प्रतिबद्धता उन्पाङ्जि।,जवाफमा मन्त्री पौडेलले यथाशीघ्र तयारी पूरा गरेर अध्ययनका लागि वातावरण मिलाउने प्रतिबद्धता जनाए।,"In response, Minister Poudel pledged to complete the preparations as soon as possible and create an environment for the study.",D3E,13,medium,Past,Affirmative
COM_D5G_S1_S2_1824,मिःरि नाजा तासाइ आसेना।,आँखामा गाजल तर नजानिँदो।,"A gazelle in the eyes, but not knowing.",D5G,4,short,Unknown,Affirmative
COM_D3E_S5_3195,नेपालला बेनान बैंककादेसे पेमेन्ट डिछ्यादा सहज स्होसिपिन्जि आझा चुदा फ्रेल्बारि देबा तामुबा।,नेपालका सवै बैंकहरूले पेमेन्ट प्रणालीलाई सहज बनाइदिए अझ यसलाई विस्तार गर्न सहज हुन्थ्यो।,"If all banks in Nepal made the payment system easier, it would be easier to expand it further.",D3E,13,medium,Past,Affirmative
COM_D4C_S1_S2_2816,थेङाच्छा नाम्दुङ चोसो  ला ६ लुक्ला विमानस्थल साबसुन्या ताजि।,त्यसअघि चैत यता ६ महीना लुक्ला विमानस्थल सुनसान भयो।,"Before that, Lukla Airport was deserted for six months since March.",D4C,9,medium,Past,Affirmative
COM_D2H_S1_S2_373,तिलाइ नाछालरि बिसाम मान नोन चादोबा तामुला।,कतिपय अवस्थामा भने औषधि नै खानुपर्ने हुन्छ।,"In some cases, medication may be necessary.",D2H,7,short,Non-Past,Affirmative
P3_D1A_S0_B1_2538,ब्रोइला ङ्यान्दि स्थानीय तेमेनोन ल्हाःना खपत ताबा थेसे थाइना लाजि।,स्वादका कारण स्थानीय आलु नै बढी खपत भएको उनले सुनाए।,He said that local potatoes are consumed more due to their taste.,D1A,10,medium,Past,Affirmative
D4S_S3_6629,महाअभियानला ४२९छा निसरेरि थापाथली थुमरि फोहोरला डष्टबिन ठाबा थेन वर्गीकरण लोप्पा मुला।,महाअभियानको ४२९औँ हप्तामा थापाथली क्षेत्रमा फोहोरको डष्टबिन वितरण र वर्गीकरण सिकाइएको छ।,"In the 429th week of the campaign, dustbin distribution and waste classification have been taught in the Thapathali area.",D4C,12,medium,Non-Past,Affirmative
COM_D3E_S1_S2_930,तोबालिच्छा कोलारि झान उग्र भावना ल्हेमुला।,पिटेपछि बच्चामा झन् उग्र भावना बढ्छ।,"After being beaten, the child becomes more violent.",D3E,6,short,Non-Past,Affirmative
COM_D3E_S1_S2_5600,कोभिड १९ ला ह्याम थेन ग्याल्साला नालायकीला ङ्यान्दि ह्युलला ग्युइसेर थुम अन्योल थेन अराजकताला सिकार ताबा मुबा।,कोभिड–१९ को महामारी र राज्यको नालायकीको कारण देशको शिक्षा क्षेत्र अन्योल र अराजकताको शिकार भएको छ।,The country's education sector has fallen victim to confusion and chaos due to the COVID-19 pandemic and state incompetence.,D3E,16,long,Non-Past,Affirmative
COM_P2_D2H_S1_7464,"र्ना ताबा नाबा, भेन्टिलेटर तोःबा नाबादा एन सोनालाबारि खाम्सेला मुबा।","भर्ना भएका बिरामी, भेन्टिलेटर चाहिने बिरामीलाई पनि जोगाउन सकिन्थ्यो।","Even admitted patients, those requiring ventilators, could have been saved.",D2H,9,medium,Past,Affirmative
COM_P3_D3E_S1_11434,थेदुइरि क्याम्पस ग्रेन्पो नेपालसे जेक्खे एसएलसी लाबा मुबा।,उतिबेला क्याम्पस प्रमुख नेपालले मात्र एसएलसी गरेका थिए।,"At that time, only Nepal, the campus head, had completed his SLC.",D3E,8,medium,Past,Affirmative
P4_D1A_S1_B2_2443,जङ्कफुड थेन आयातित खाद्यान्नरि निर्भर तामा सानाम्पासे साङा सास्हिङदा छोङनामकि स्होबारि खाम्बा आरे।,जङ्कफुड र आयातित खाद्यान्नमा निर्भर हुँदा किसानले कोदो खेतीलाई व्यावसायिक बनाउन सकेका छैनन्।,Farmers have not been able to commercialize millet farming due to their dependence on junk food and imported food.,D1A,13,medium,Non-Past,Negative
D4S_S2_5495,"चुङाच्छा अग्रिम दुइ किन्बारि, फाराम भर्दिबा थेन स्यान गेरिम थुम्बा लाबारि हम्मेहम्मे तामुबा।","यसअघि अग्रिम समय लिन, फाराम भर्न र अरू प्रक्रिया पूरा गर्न हम्मेहम्मे पथ्र्यो।","Previously, it was a hassle to make an appointment in advance, fill out forms, and complete other procedures.",D4C,13,medium,Past,Affirmative
COM_P2_D3E_S3_1647,रिरिसे क्योल्बाम्हि आन्सार तामपाङ्बाला ज्योः पोबारि खाम्ला।,रिरिले प्रयोगकर्ता अनुसार कुराकानीको शैली परिवर्तन गर्न सक्छ।,Riri can change the style of conversation according to the user.,D3E,8,medium,Non-Past,Affirmative
COM_D5G_S1_S2_5974,"दिमरि केन स्युमिदा ङ्योइगे बिसाम आतोबा ताम लाबा बिसि बाङ्लाताला, बरु ह्राङलान साख्खे माम पाराङदा बिबारि निला ह्राङ ङ्हाम्मु।","घरमा सासु ससुरालाई सोधौँ भने नचाहिने कुरा गर्छे भनेर गाली गर्लान्, बरु आफ्नी सखी माहिली बोजुलाई भन्न जान्छु भन्ने लाग्यो।","If I ask my mother-in-law at home, they will probably scold me for doing something I don't want to do, so I thought I would go tell my friend Mahili Boju instead.",D5G,20,long,Past,Affirmative
COM_D5G_S1_S2_1988,सात्तानराङ ह्राङदा गोरगिक नर्स पाङ्सि सम्बोधन लाबारि द्हाम्बा ङा तिनि गोरगिक कोर्थाला स्रुगरि ङोसेनालाबा म्हान्मुला।,सधैँभरी आफूलाई एउटा नर्स भनेर सम्बाेधन गर्न रुचाउने म आज एक फिरन्तेको रूपमा चिनाउन चाहन्छु।,"Having always preferred to call myself a nurse, I would like to introduce myself today as a wanderer.",D5G,15,medium,Non-Past,Affirmative
P4_D1A_S1_B1_2576,स्थानीय जातला रा न्हामा तिदिङला दुइरि ओत्ते योना ल्हेःबा आतामुला।,स्थानीय जातका बाख्रा पाल्दा एक वर्षको अवधिमा त्यति छिटो बढ्दैनन्।,"When raising local breeds of goats, they do not grow as quickly over a year.",D1A,10,medium,Non-Past,Negative
COM_P2_D4C_S1_B3_580,ज्योमोगाङकि टारि दोबालिच्छा थेनिकादे तिरे ब्लाप्पासे सिमुला।,हिमाली फेदमा पुगेपछि उनीहरू एक दिन थकाइ मार्छन्।,"One day, after reaching the foot of the mountain, they become exhausted.",D4C,8,medium,Non-Past,Affirmative
COM_P2_D3E_S1_1190,युरोकिड्सला जाम्बुलिङनाङ तोङ्जा गिक बिमा दान्ना शाखा फेल्बा मुला।,युरोकिड्सका विश्वभरि १ हजारभन्दा बढी शाखा फैलिएका छन्।,EuroKids has more than 1 thousand branches spread across the world.,D3E,8,medium,Non-Past,Affirmative
COM_D4C_S1_S2_16,ह्युलकोर छोङनाम्पा आङछिरिङ शेर्पा सम्मानित ताबा मुला।,पर्यटन व्यवयासी आङछिरिङ शेर्पा सम्मानित भएका छन्।,Tourism entrepreneur Ang Tshering Sherpa has been honored.,D4C,7,short,Non-Past,Affirmative
COM_D3E_S1_S2_439,ङाच्छा एसएलसीदा फाइकि म्राप बिसि महत्त्व पिन्मुबा।,पहिला एसएलसीलाई फलामे ढोका भनेर महत्त्व दिइन्थ्यो।,"Earlier, SLC was considered as an iron door.",D3E,7,short,Past,Affirmative
COM_P2_D2H_S1_3179,तिगाइ दुइ चोसो गुल्मी अस्पतालरि नाबाकादेला भिड ल्हेःबा अस्पताल प्रशासन बताबलामुला,केही समय यता गुल्मी अस्पतालमा बिरामीहरूको भिड बढेको अस्पताल प्रशासन बताउँछ।,The hospital administration says that the number of patients at Gulmi Hospital has increased in recent times.,D2H,11,medium,Non-Past,Affirmative
P3_D5G_S2_B1_594,ह्राङ खानाङ सेबान मुला ?,तपाईँ कता जाँदै हुनुहुन्छ?,Where are you going?,D5G,4,short,Non-Past,Affirmative
COM_D2H_S4_406,मान आख्लाना चाबा लातोमुला।,औषधि नछुटाई सेवन गर्नुपर्छ।,You should take your medication without missing a beat.,D2H,4,short,Non-Past,Affirmative
COM_D2H_S3_5045,"गेल्बा थेन आलोङ्बा जेन आहिन थेदा अहमता, स्यानछाप दान्ना बोमो, डाह लाबा छ्याब काप्जि।","कमजोर र निडर मात्रै होइन उनमा अहमता, अरूप्रति बढी नै रिस, डाह गर्ने बानी थपियो।","Not only were they weak and fearless, they also developed a tendency to be arrogant, angry, and jealous of others.",D2H,15,medium,Past,Affirmative
COM_D3E_S5_4666,ईसेवाला प्रयोगकर्ता ३५ बुम मुबा बिबान थे चुला ल्हेछ्यारि बिमा नोन साप्तोसाप्तेनरि ध्यान पिन्बारि तिःबा पाङ्मुला।,ईसेवाको प्रयोगकर्ता ३५ लाख रहेको भन्दै उनी यसको प्रवद्र्धनमा भन्दा पनि सेवासुविधामा ध्यान दिन थालिएको बताउँछन्।,"Stating that there are 35 lakh e-service users, he says that the focus is on service facilities rather than its promotion.",D3E,16,long,Non-Past,Affirmative
D4S_S2_4291,पोकोलरि नोन याम्बु महानगरपालिका छ्यामला स्यान्दो नगरपालिकादेसे घटना दर्ता लागिरि माइकिङ लासिचिबा मुला।,उपत्यकामा पनि काठमाडौँ महानगरपालिका लगायत अन्य नगरपालिकाहरूले घटना दर्ता निम्ति माइकिङ गरिरहेका छन्।,"In the Valley, Kathmandu Metropolitan City and other municipalities are also miking to register incidents.",D4C,13,medium,Non-Past,Affirmative
COM_D2H_S3_4720,"अमेरिका थेन युरोपेली ह्युलरि स्थानीय म्हेफिरि ताबा वैज्ञानिक अनुसन्धानसे क्यान्सर, क्षयनोइ थेन मलेरिया नोइ गोरसग्याम फान्बा प्रमाणित लाबा हिन्ना।","अमेरिका र युरोपेली देशमा स्थानीय गाईमाथि भएको वैज्ञानिक अनुसन्धानले क्यान्सर, क्षयरोग र मलेरिया रोग गोरसबाट निको भएको प्रमाणित गरेको हो।","Scientific research conducted on local cows in the United States and European countries has proven that cows can cure cancer, tuberculosis, and malaria.",D2H,20,long,Non-Past,Affirmative
COM_P2_D5G_S1_5052,"कठि रोप्पा रोप्पा, युङ्बा मुढा प्रहारहेन्छे थोबो फोबाफोबाला नाछाल खाजिमु।","लठी हानाहान, ढुङ्गा मुढा प्रहारदेखि टाउको फोडाफोडको अवस्था आएछ।","There have been incidents of beatings with sticks, pelting with stones, and even head injuries.",D5G,9,medium,Non-Past,Affirmative
COM_P2_D5G_S3_496,"ह्राङ छार गेरि वाङ्जिम, थेला लागिरि बधाई।","तपाईँ नयाँ काममा लाग्नुभएछ, त्यसका लागि बधाई।",Congratulations on your new job.,D5G,7,short,Past,Affirmative
COM_P2_D5G_S1_2000,ङा एकदमनोन हतारतिबा मुबा।,म एकदमै हतारिएको थिएँ।,I was in a big hurry.,D5G,4,short,Past,Affirmative
COM_D3E_S4_2340,एनसेलप्राइभेट लिमिटेडसे डेटा साप्तोन्हाङरि ह्राङ्ला ग्राहकला लागिरि फुच्चे प्याकेज बाबा मुला।,एनसेलप्राइभेट लिमिटेडले डेटा सेवाअन्तर्गत आफ्ना ग्राहकका लागि फुच्चे प्याक ल्याएको छ।,Ncell Private Limited has introduced a cheap pack for its customers under data service.,D3E,11,medium,Non-Past,Affirmative
COM_P3_D3E_S3_4811,मोकोनला अपनत्व महसुस ताबा लासि विश्वविद्यालय स्हेङ्सेला मुला।,सबैको अपनत्व महसुस हुनेगरी विश्वविद्यालय बनाउने छु।,I will build a university where everyone feels a sense of belonging.,D3E,7,short,Non-Past,Affirmative
COM_D2H_S3_3584,एचआइभी च्यालाङ्पा गुङरि तोङ्जा १६ ग्यार्जा ४ से २८ जेक्खे एआरभी क्योन्बाला मुबा उइला तथ्याङ्क मुला।,एचआईभी सङ्क्रमितमध्ये १६ हजार ४ सय २८ जना मात्रै एआरभी उपचारको रहेको केन्द्रको तथ्याङ्क छ।,"According to the center's statistics, only 16 thousand 4 hundred 28 people among those infected with HIV are on ARV treatment.",D2H,15,medium,Non-Past,Affirmative
COM_D5G_S1_S2_4181,थेला व्हाइखा डोबान लामा ल्हुइला पेजा दोःबान लाबा ह्राङदा महसुस ताबा थेसे पाङ्जि।,उनको कविता पढ्दै गर्दा जीवनको पाना पल्टाइरहेको आफूलाई महसुस भएको उनले बताए।,"He said that while reading her poetry, he felt like he was turning the pages of his life.",D5G,12,medium,Past,Affirmative
COM_P2_D5G_S1_3012,आन्मान लाबाह्राङ छिग न्हाङरि निहित काव्यिकता जेबा म्हान्मुबा।,अनुमान लगाएझैँ शब्दभित्र निहित काव्यिकता सुन्दर लाग्थ्यो।,"As expected, the poetry contained within the words seemed beautiful.",D5G,7,short,Past,Affirmative
COM_P2_D2H_S3_340,ङानिसे चाबा खाद्यपदार्थ फोमारि निसि ह्रुप्पा तामुला।,हामीले खाएको खाद्यपदार्थ आमाशयमा गएर जम्मा हुन्छ।,The food we eat goes into the stomach and is stored.,D2H,7,short,Non-Past,Affirmative
COM_D3E_S1_S2_5081,ङाच्छा फ्युक्पो दिमथेमेला जाजामे खेडोब लाबान खासाइ नोन लिच्छाला दुइ श्रमिज्योस्हेङ जाजामे जे लोप्खाङरि खेडोब लाबारि खाबा लाबा संस्कृत माविला प्राध्यापक बद्री दाहालसे पाङ्जि।,पहिले सम्पन्न परिवारका छोराछोरी अध्ययन गर्दै आए पनि पछिल्लो समय श्रमिकका छोराछोरी मात्र विद्यालयमा अध्ययन गर्न आउने गरेको संस्कृत माविका प्राध्यापक बद्री दाहालले बताए।,"Badri Dahal, a professor at Sanskrit Secondary School, said that while children from wealthy families used to study in the past, recently only children of workers have been coming to school to study.",D3E,24,very long,Past,Affirmative
COM_D3E_S1_S2_6304,"दाते लोप्खाङसे सुकुल राबा लोप्चिबारि गोल्छेसे सामान्य जैविक खेती, सामान्य विद्युतीय ग्युइ, प्लम्बिङ, छ्याज्योसेङला छ्याम स्यान्दो नुररि सीपमुलक ग्युइसेर पिन्बा प्रयास लाचिबा लोप्खेनसे पाङ्जि। ","अहिले विद्यालयले सुकुल बुन्न सिकाइरहेकोमा विस्तारै सामान्य जैविक खेती, सामान्य विद्युतीय ज्ञान, प्लम्बिङ, हस्तकला लगायतका विषयमा सीपमूलक शिक्षा दिने प्रयास गरिरहेको शिक्षकले बताए।","The teacher said that while the school is currently teaching mat-weaving, it is gradually trying to provide skill-based education in subjects such as general organic farming, general electrical knowledge, plumbing, and handicrafts.",D3E,23,very long,Past,Affirmative
COM_P2_D3E_S3_4469,बेलायतला ल्हाना बिजाबुमोसे लिच्छाला दिङरि ‘ङाइ खाइमाहेन्से स्मार्टफोन चालाइतिबारि म्याङ्ला ?’ पाङ्बा मुला।,बेलायतका धेरै बालबालिकाले पछिल्ला वर्षमा ‘मैले कहिलेदेखि स्मार्टफोन चलाउन पाउँछु?’ भनेका छन्।,"Many children in the UK have asked in recent years, ""When will I be able to use a smartphone?""",D3E,12,medium,Non-Past,Affirmative
D1A_S0_B2_1863,अलैँची सास्हिङ व्हाना छारिब्योन आकर्षण ताबा थेन  चुसे सानाम्पाला केवा नोन पोबा ताबा थेसे पाङ्जि।,अलैँची खेतीतर्फ युवा आकर्षित भएको र यसले कृषकको जीवन नै परिवर्तन भएको उनले बताए।,He said that youth are attracted to cardamom farming and this has changed the lives of farmers.,D1A,14,medium,Past,Affirmative
P4_D1A_S1_B2_3327,ङाच्छा मि रोपाइँला लागिरि बिसि ङाच्छा नोन म्ला लासि थान्बा ओसेम स्यान्दो गेडागुडीजुगुछ्याम खु थेन दालकादे नोन तयार लासि थान्बा लामुबा।,पहिले त रोपाइँका लागि भनेर पहिल्यै चामल पारेर राख्ने तथा अरू गेडागुडीलगायत तरकारी र दालहरू पनि तयार गरेर राख्ने गरिन्थ्यो।,"Previously, rice was prepared in advance for planting, and other legumes, vegetables, and pulses were also prepared and stored.",D1A,20,long,Past,Affirmative
COM_D4C_S1_S2_3287,रथल्हाम लाबालिच्छा नाम ताइसेला थेन अनिकाल फाङ्सि सहकाल डुप्सेला धर्मकि विश्वास मुला।,रथयात्रा गरेपछि वर्षा हुने र अनिकाल हटी सहकाल प्राप्त हुने धार्मिक विश्वास छ।,"There is a religious belief that after the Rath Yatra, rain will fall and famine will end, ushering in prosperity.",D4C,13,medium,Non-Past,Affirmative
P2_D1A_S0_B2_1672,स्याङ्पा राईला निमला लगावसे नोन चु उपलब्धि सम्भव ताबा हिन्ना।,सञ्चालक राईको निरन्तरको लगावले नै यो उपलब्धि सम्भव भएको हो।,This achievement was made possible only through the continuous dedication of Director Rai.,D1A,10,medium,Non-Past,Affirmative
COM_P2_D4C_S1_B2_3044,मत्स्येन्द्रनाथला रथ स्होबारि ओत्ते दुइरि आसामग्यामनोन शिल्पकारकादे डुइबा मुबा थेदा बाराही बिमुबा।,मत्स्येन्द्रनाथको रथ बनाउन उति वेला आसामबाटै शिल्पकारहरू झिकाइएका थिए जसलाई बाराही भनिन्थ्यो।,"At that time, craftsmen were brought from Assam to build Matsyendranath's chariot, which was called Barahi.",D4C,12,medium,Past,Affirmative
COM_D2H_S1_S2_5776,अस्पतालसे गुणस्तरीय साप्तो तिःबा छ्याम नाबाला चाप ल्हाना ताबासे  दुदुम विस्तारला तयारी लाबा मेडिकल सुपरिटेन्डेन्ट डा. सुमित्रा गौतमसे पाङ्जि।,अस्पताल ले गुणस्तरीय सेवा सुरु गरे सँगै बिरामीको चाप बढेकाले क्षमता विस्तारको तयारी थालिएको मेडिकल सुपरिटेन्डेन्ट डा. सुमित्रा गौतमले बताए।,Medical Superintendent Dr. Sumitra Gautam said that preparations have begun to expand capacity as the hospital has started providing quality services and the patient load has increased.,D2H,20,long,Past,Affirmative
COM_D3E_S3_3627,याम्बु महानगरपालिकासे नेपालीपन झाल्काइतिबा लासि लोप्खाङरि मिनथान्बारि काठाङ पिन्बा मुला।,काठमाडौँ महानगरपालिकाले नेपालीपन झल्कने गरी विद्यालयको नामकरण गर्न निर्देशन दिएको छ।,Kathmandu Metropolitan City has directed schools to be named in a way that reflects Nepali identity.,D3E,11,medium,Non-Past,Affirmative
COM_P2_D5G_S1_1094,ङा चङ्गा दिमरि बोर्बारि आम्याङ्मुबा।,म चङ्गा घरमा लैजान पाउँदिनथेँ।,I wasn't allowed to take the kite home.,D5G,5,short,Past,Negative
COM_P2_D5G_S4_5655,"म्होकोन व्यक्ति गिक तासि ताबा गेन्दुनदा खाराङलासि थिग्युन लाबा बिबाव्हाना वाङ्तोला, दानवीकरण लासि जेन आलाइ।","सबै व्यक्ति एक भएर भएको संस्थालाइ कसरी सुधार गर्ने भन्नेतर्फ लाग्नुपर्छ, लाइनवीकरण गरेर मात्रै हुँदैन।","Everyone should work together to improve the organization, not just through linearization.",D5G,15,medium,Non-Past,Negative
COM_P2_D5G_S1_7528,थे अस्पतालग्याम ताङ्ग्राब तासि दिम दोमा ङा थेला दिमला चाङ दोःसिजिन्मुबा।,ऊ अस्पतालबाट तङ्ग्रिएर घर पुग्दा म उसको घरकी बुहारी भइसकेकी थिएँ।,"By the time he returned home exhausted from the hospital, I had become his daughter-in-law.",D5G,11,medium,Past,Affirmative
D4S_S3_2123,भुजेलदा याम्बु प्रहरी परिषरग्याम खाट्तिबा विशेष टोलीसे काँडाघारीग्याम चुङ्बाला बोगटीसे उन्पाङ्स्ह्युजि।,भुजेललाई काठमाण्डौ प्रहरी परिषरबाट खटिएको विशेष टोलीले काँडाघारीबाट पक्राउ गरिएको बोगटीले जनाउनुभयो।,Bogati said that Bhujel was arrested from Kandaghari by a special team deployed from Kathmandu Police Station.,D4C,12,medium,Past,Affirmative
COM_P2_D3E_S2_4223,क्योम लोप्खेन साङ्ज्याला च्याङ्नारि १० कार्ग्यारि च्याङ्ना आताबा लासि तोकतिबा आन्सार छात्रवृत्ति उपलब्ध लापुङ्तोबा ठिमकि डिछ्या मुला।,कुल विद्यार्थी सङ्ख्याको कम्तीमा १० प्रतिशतमा नघट्ने गरी तोकिएबमोजिम छात्रवृत्ति उपलब्ध गराउनुपर्ने कानूनी व्यवस्था छ।,"There is a legal provision that scholarships must be provided as prescribed, not to fall below at least 10 percent of the total number of students.",D3E,15,medium,Non-Past,Affirmative
COM_D5G_S5_2121,थेसे भण्डारीरि सन्दर्भ आन्सारला परिवेश थेन पात्र दाम्बारि विशेष दुदुम मुबा पाङ्जि।,उनले भण्डारीमा सन्दर्भ अनुसारको परिवेश र पात्र छनौटमा विशेष क्षमता रहेको बताए।,He said that Bhandari has a special ability in choosing context-appropriate environments and characters.,D5G,12,medium,Past,Affirmative
COM_D2H_S1_S2_2768,परिक्षारि दुई हजार ३११ परिक्षार्थी बोकिन्बा मुबा दिनिरे सार्ल्हिनिक ग्रारि उल्लेख मुबा।,परीक्षामा दुई हजार ३११ परीक्षार्थी सहभागी रहेको आइतबार सार्वजनिक सूचनामा उल्लेख छ।,"A public notice on Sunday stated that 2,311 candidates participated in the exam.",D2H,12,medium,Non-Past,Affirmative
COM_P2_D5G_S1_3550,निराश तासि पाङ्बा आताना दान्देला परिवेशरि वास्तविकता दर्शाबलाबा जेन हिन्ना।,निराश भएर भनेको नभई अहिलेको परिवेशमा वास्तविकता दर्शाएको मात्र हो।,"This is not meant to be a disappointment, but simply a reflection of the reality of the current environment.",D5G,10,medium,Non-Past,Affirmative
D1A_S0_B1_473,दान्दे दोसि मेन्था सुबान मुला।,अहिले फेरि मेन्था रोप्दैछौँ।,Now we are planting mint again.,D1A,4,short,Non-Past,Affirmative
COM_P2_D2H_S2_4612,निबा आर्थिक दिङरि १९ तोङ्जा थेन २२५ जनासे सुरक्षित गर्भपतन लापुङ्बा मुबा।,गत आर्थिक वर्षमा १९ हजार २२५ जनाले सुरक्षित गर्भपतन गराएका थिए।,"In the last fiscal year, 19 thousand 225 people underwent safe abortions.",D2H,11,medium,Past,Affirmative
COM_P2_D5G_S2_7127,"थे नोन शायद थेनोन जाकोलाकादेला श्रेणीरि मुबा, थेला फेबरेट छोन म्लाङ आरेबा।","ऊ पनि शायद त्यही पुरूषहरूको श्रेणीमा पर्थ्यो, जसको फेबरेट रङ्ग कालो थिएन।",He probably belonged to the same category of men whose favorite color was not black.,D5G,12,medium,Past,Negative
P3_D1A_S0_B3_1431,मर्स्याङ्दी गाउँपालिका-७ लुदीला सोमबहादुर तामाङसे चुदिङ निबादिङला जोल्वारि च्याङ्ना उत्पादन लासि दान्ना खेबि लाबा मुला।,मर्स्याङ्दी गाउँपालिका-७ लुदीका सोमबहादुर तामाङले यस वर्ष गत वर्षको तुलनामा कम उत्पादन गरी बढी आम्दानी गरेका छन्।,"Som Bahadur Tamang of Ludi, Marsyangdi Rural Municipality-7, has earned more income this year by producing less than last year.",D1A,17,long,Non-Past,Affirmative
COM_D4C_S1_S2_4378,ह्यामछेनला दुइ विश्वन्हाङला ह्राङ्ला होटल ओसेम रिसोर्टदा काप्पा कोङह्रावा थेन विश्वसनीय स्होबारि  स्हाङ्बा ताबा राहुल पाङ्मुला।,महाव्याधिका बेला विश्वभरका आफ्ना होटल तथा रिसोर्टलाई थप सुरक्षित र विश्वसनीय बनाउन सफल भएको राहुल बताउँछन्।,Rahul says he has been able to make his hotels and resorts around the world safer and more reliable during the pandemic.,D4C,16,long,Non-Past,Affirmative
COM_D2H_S1_S2_695,प्राकृतिक क्योन्बारि खाजिबाइ एन चाबा मान प्रयोग आतामुला।,प्राकृतिक उपचारमा कुनै पनि खाने ओखती प्रयोग हुँदैन।,No edible drugs are used in natural treatments.,D2H,8,medium,Non-Past,Negative
D1A_S0_B1_4439,तेमेला ल्हाना आयात ताबा ग्यागारह्युलला न्हुप बङगालग्याम चु दिङ कोरोना च्याल्बा थेन बन्दाबन्दीला ङ्यान्दि च्याङ्नाजे तेमे आयात लिच्छा ब्लुला आडुप ताबासे छोङ्पोकादेसे पाङ्बा मुला।,आलुको बढी आयात हुने भारतको पश्चिम बङ्गालबाट यस वर्ष कोरोना सङ्क्रमण र बन्दाबन्दीका कारण थोरै मात्रामा आलु आयात भएपछि बिउको अभाव भएको व्यापारीहरूले बताएका छन्।,"Traders have said that there is a shortage of seeds after a small amount of potatoes were imported from West Bengal, India, which imports a large amount of potatoes this year due to the COVID-19 pandemic and the lockdown.",D1A,25,very long,Non-Past,Affirmative
D4S_S3_1249,ह्राङदा अधिक धन छाबारि खाम्सेला दुइसाङ ह्याङ्ला।,तपाईँलाई अधिक धन कमाउन सक्ने अवसर मिल्नेछ।,You will get the opportunity to earn more money.,D4C,7,short,Non-Past,Affirmative
COM_P2_D2H_S1_8431,संरचना तयार ताजिन्मा अस्पतालदा स्वीकृति आपिन्बारि दुःखद् ताबा दिपायल सिलगढी नगरपालिकाला ङाच्छा नगर ग्रेन पूर्णराज जोशीसे पाङ्जि।,संरचना तयार भइसक्दा अस्पताललाई स्वीकृति नदिनु दुःखद् भएको दिपायल सिलगढी नगरपालिकाका पूर्वनगर प्रमुख पूर्णराज जोशीले बताए।,"Purnaraj Joshi, former mayor of Dipayal Siliguri Municipality, said that it was regrettable that the hospital was not approved even though the structure was ready.",D2H,16,long,Past,Affirmative
COM_P2_D2H_S1_9476,अस्पताल दिमथेमे घटनाछाप दुङाल ताबा पाङ्बान खड्कासे अस्पतालला भौतिक सम्पत्तिरि क्षति दोनालाबारि ज्याबा तिलो आरेबा पाङ्जि।,अस्पताल परिवार घटनाप्रति दुखी भएको बताउँदै खड्काले अस्पतालको भौतिक सम्पत्तिमा क्षति पुर्‍याउनु राम्रो पक्ष नभएको बताए।,"Stating that the hospital family is saddened by the incident, Khadka said that damaging the hospital's physical property is not a good idea.",D2H,16,long,Past,Affirmative
P3_D1A_S0_B3_1605,खाद्य गाकाङालछ्याम जाम्बुलिङ छेसिचिबा दुइ सारला आडुप सिर्जना तासाइ सरकारसे खाबा दुइ गाकाङाल क्लेबारि आखाम्बा थेला पाङ्बा मुला।,खाद्य सङ्कटसँग विश्व जुधिरहेका बेला मलको अभाव सिर्जना भए सरकारले आगामी सङ्कट चिर्न नसक्ने उनको भनाइ थियो।,"He said that if there is a shortage of fertilizer at a time when the world is struggling with a food crisis, the government will not be able to overcome the upcoming crisis.",D1A,17,long,Past,Affirmative
COM_D2H_S1_S2_4625,तनहुँरि म्हेन्दो तोङ्जा २ ग्यार्जा १ से ९५ च्यालाङ स्याप्पा मुला।,तनहुँमा २ हजार १ सय ९५ जना सङ्क्रमित पाइएका छन्।,2 thousand 1 hundred 95 people have been found infected in Tanahun.,D2H,10,medium,Non-Past,Affirmative
P2_D1A_S0_B1_1443,कहीँ कुनै ङ्यान्दिले तेन्तो नोपा भएमा बीमा कम्पनीले क्षति पनि ज्यो्ने भएकाले जोखिम छ।,कहीँ कुनै कारणले बाली नोक्सान भएमा बीमा कम्पनीले क्षति पनि व्यहोर्ने भएकाले जोखिम छ।,"There is a risk because if the crop is damaged for any reason, the insurance company will also bear the loss.",D1A,14,medium,Non-Past,Affirmative
D4S_S3_4133,दूतावासग्याम कागजात डिक्ना लासि खाद्यान्न ढुवानी गे गाइबा अधिकारीला पाङ्बा मुला।,दूतावासबाट कागजात मिलाएर खाद्यान्न ढुवानी कार्य ढिलाई भएको अधिकारीको भनाइ छ।,Officials say that the food shipment was delayed due to the paperwork from the embassy.,D4C,11,medium,Non-Past,Affirmative
D1A_S0_B1_2126,बुलुङसे माकाइला दोङ सखाप लाबासे दोगडाकेदार ५ न्वलीला सानाप्पा मदनसिंह कार्कीसे ग्रानाङ पिन्जि।,कीराले मकैको बोट सखाप पारेको दोगडाकेदार–५ न्वालीका किसान मदनसिंह कार्कीले जानकारी दिए।,"Madan Singh Karki, a farmer from Dogadakedar-5, Nwali, informed that the insect has destroyed the maize plants.",D1A,12,medium,Past,Affirmative
COM_D5G_S3_1248,सतहग्याम गोमा म्होकोनलाइ थेराङ्बान ताबारि खाम्ला।,सतहबाट बुझ्लाइ सबैलाइ त्यस्तै लाग्न सक्छ।,"On the surface, everyone may feel the same.",D5G,6,short,Non-Past,Affirmative
COM_P2_D3E_S1_4337,नियमानुसार  शुल्क ल्हेःना लाबा ङाच्छा जोङ ग्युइसेर गेदिम वा स्थानीय तादाग्याम अनुमति किन्तोबा ठिमकि प्रावधान मुला।,नियमानुसार शुल्क बढाउनुअघि जिल्ला शिक्षा कार्यालय वा स्थानीय तहसँग अनुमति लिनुपर्ने कानुनी प्रावधान छ।,"According to the rules, there is a legal provision to obtain permission from the District Education Office or local level before increasing fees.",D3E,14,medium,Non-Past,Affirmative
D4S_S1_2765,चु ह्युलला ह्युलमिकादेसे अरब ह्युलला बिमा तिरे लिच्छा लानि च्याबारि याङ्बा तामुला।,यी देशका नागरिकहरूले अरब देशको भन्दा एक दिन पछि चन्द्रमा हेर्न पाएका हुन्छ।,Citizens of these countries are able to see the moon one day later than those in Arab countries.,D4C,13,medium,Non-Past,Affirmative
D1A_S0_B1_2547,थे आन्सार जोङरि तिनिग्याम ९ गतेदोःना ग्लाल्साङ सुन दिङसाङ दाङ्बारि वाङ्बा मुला।,सोहीअनुसार जिल्लामा आजबाट ९ दिनसम्म राष्ट्रिय धान दिवस मनाउन लागिएको हो।,"Accordingly, National Paddy Day is being celebrated in the district for 9 days starting today.",D1A,11,medium,Non-Past,Affirmative
D4S_S2_6008,याङ्तामगेपा धनपति ढुङ्गेलसे नेपालरि दोहोरो ठिम ताबासे हिंसा च्याङ्ना लाबारि आखाम्बा दाबी लाजि।,अधिकारकर्मी धनपति ढुङ्गेलले नेपालमा दोहोरो कानून भएकोले हिंसा न्यूनिकरण हुन नसकेको दाबी गरे।,Rights activist Dhanapati Dhungel claimed that violence has not been reduced due to the existence of dual laws in Nepal.,D4C,13,medium,Past,Affirmative
COM_P2_D2H_S2_1039,जाम्बुलिङरि रेदाङ्से म्हेन्दो ङा डिप्रेसनरि ताबा स्याप्मुला।,विश्वमा हरेक दिन पाँच जना डिप्रेसनमा परेको पाइन्छ।,Five people in the world suffer from depression every day.,D2H,8,medium,Non-Past,Affirmative
D4S_S3_3487,"व्यक्ति दाङ्से भोगाबलाबा काक्ता ल्होलो तामुला, तासाइ थे बेनानसे स्हेरला नुप्पा अनुभूति लासिचिबा तामुला।","हरेक व्यक्तिले भोग्ने समस्या भिन्न हुन्छ, तर ती सबैले पीडाको गहिरो अनुभूति गरिरहेका हुन्छन्।","The problems each person experiences are different, but they all experience a deep sense of pain.",D4C,14,medium,Non-Past,Affirmative
COM_P2_D5G_S1_4463,"स्हाङ्बा याङ्मा एसे ङा ङेला, समाज छार्ला एसे ग्याम थाेर्साम ङा छ्याम चु ह्युल क्राला।","सफलता पाउदा तिमीले म हाँस्छु, समाज फुल्छतिमीले बाटो बिराएमा म सँगै यो देश रुन्छ।","When you succeed, I laugh, society flourishes. When you lose your way, this country cries with me.",D5G,14,medium,Non-Past,Affirmative
COM_D5G_S1_S2_5354,फिला बुम १६ सवारी न्हाङरि ८० कार्ग्य (अन्दाजी बुम १२ तोङ्जा ८०) तोङ ) पाङ्ग्रा न्हिला सवारीसाधन सञ्चालनरि मुला।,उक्त १६ लाख सवारी मध्ये ८० प्रतिशत (अन्दाजी १२ लाख ८० हजार) दुई पाङ्ग्रे सवारीसाधन सञ्चालनमा छन्।,"Of these 1.6 million vehicles, 80 percent (approximately 1.28 million) are two-wheelers in operation.",D5G,17,long,Non-Past,Affirmative
COM_D4C_S1_S2_5909,विभागला आन्सार शरद दुइला लागिरि ङावा तेन्बा मनास्लु ज्योमोगाङ क्रेःबारि दात्तेदोःना बेनानबिमा ल्हानासे अनुमति किन्बाला मुला।,विभागका अनुसार शरद ऋतुका लागि उत्तम मानिने मनास्लु हिमाल चढ्न अहिलेसम्म सबैभन्दा धेरैले अनुमति लिएका छन्।,"According to the department, the highest number of people have so far obtained permission to climb Mount Manaslu, which is considered ideal for autumn.",D4C,16,long,Non-Past,Affirmative
COM_P2_D2H_S1_6696,कम्पनीसे हालदोना खाजिबाइ प्रतिक्रिया आपिन्बासे अझै खोप ग्लुबारि अलमल नोन म्राङमुला,कम्पनीले हालसम्म कुनै प्रतिक्रिया नदिएकाले अझै खोप खरिदमा अलमल नै देखिन्छ।,"As the company has not responded yet, there appears to be still confusion over vaccine procurement.",D2H,11,medium,Non-Past,Affirmative
COM_P2_D3E_S3_1264,ङाइ कम्युनिकेसन अफ  ताचिबा म्राङ्बा मुबा।,मैले कम्युनिकेसन अफ भैरहेको देखेको थिएँ।,I saw the communication going off.,D3E,6,short,Past,Affirmative
COM_P3_D3E_S1_11855,नेपाल ह्युल्साङ पुस्तकालयदा डिछ्याबा थेन आधुनिक स्होबारि सिका बुम ८५ बजेट ह्रिबा मुला।,नेपाल राष्ट्रिय पुस्तकालयलाई व्यवस्थित र आधुनिक बनाउन रु. ८५ लाख बजेट माग गरिएको छ।,A budget of Rs. 85 lakh has been requested to make the Nepal National Library systematic and modern.,D3E,14,medium,Non-Past,Affirmative
COM_P2_D4C_S1_B3_922,च्यानला साङ्ज्या आङ्सि विश्लेषणलिच्छा जेक्खेन थाहा ताबा घिमिरेला पाङ्बा मुला।,बाघको सङ्ख्या तस्वीर विश्लेषणपछि मात्रै थाहा हुने घिमिरेको भनाइ छ।,Ghimire says that the number of tigers will be known only after analyzing the images.,D4C,10,medium,Non-Past,Affirmative
P3_D1A_S0_B3_39,लासिचिबा छोङ्नाम खानाङ बोर्बा काक्ता ताबा मुला।,गरिरहेको व्यवसाय कहाँ लैजानु समस्या भएको छ।,It's becoming difficult to take the business I'm doing.,D1A,7,short,Non-Past,Affirmative
COM_D4C_S1_S2_3070,थेसे माझी संस्कार थेन रिमठिम सोनालाबारि बेनानसे ह्राङ–ह्राङ्ला ग्लाग्याम काइ थितोबा पाङ्जि।,उनले माझी संस्कार र संस्कृति जोगाउन सबैले आ–आफ्नो ठाउँबाट आवाज उठाउनु पर्ने बताइन्।,She said that everyone should raise their voices from their respective places to protect the fishing traditions and culture.,D4C,13,medium,Past,Affirmative
COM_D4C_S1_S2_5252,"कालीकोट, बाजुरा थेन अछाम जोङला स्थानीयवासीला अछाम रामारोशन ग्योइलिङ, कालीकोटला त्रिवेणी पाटन थेन बाजुराला बडिमालिका थुमदा थुइसि ह्युलकोरपाला गुरुयोजना स्होदोबा स्थानीयला ह्रिबा मुला।","कालीकोट, बाजुरा र अछाम जिल्लाका स्थानीयवासीको अछाम रामारोशन ताल, कालीकोटको त्रिवेणी पाटन र बाजुराको बडिमालिका क्षेत्रलाई जोडेर पर्यटकीय गुरुयोजना बनाउनुपर्ने स्थानीयको माग रहेको छ।","Locals of Kalikot, Bajura and Achham districts are demanding a tourism master plan to be developed by connecting Achham Ramaroshan Lake, Kalikot's Triveni Patan and Bajura's Badimalika area.",D4C,24,very long,Non-Past,Affirmative
D1A_S0_B2_3196,तेमे ग्रेनकाप्तोनला नेपाल कम्युनिष्ट पार्टी (नेकपा) ला चोहो ओसेम ङाच्छाला काइब्लोन पुष्पकमल दाहाल प्रचण्डसे ठोङ्सेङ लास्ह्युबा स्हेङ्खेनसे उन्पाङ्बा मुला।,आलु महोत्सवको नेपाल कम्युनिष्ट पार्टी ९नेकपा०का अध्यक्ष एवं पूर्वप्रधानमन्त्री पुष्पकमल दाहाल प्रचण्ड ले उद्घाटन गर्नुहुने आयोजकले जनाएको छ।,"The potato festival will be inaugurated by Nepal Communist Party (NCP) Chairman and former Prime Minister Pushpa Kamal Dahal Prachanda, according to the organizers.",D1A,18,long,Non-Past,Affirmative
COM_P2_D3E_S2_229,उदाहरणकादे गोसि च्यादोला होत्छेम अभ्यास लातोला।,उदाहरणहरू बुझेर हेर्नुपर्छ अनि अभ्यास गर्नुपर्छ।,You need to understand the examples and practice them.,D3E,6,short,Non-Past,Affirmative
D4S_S3_3543,रुकुम स्यारला बेनान मतदान उइरि मिरे मतदान अधिकृत थेन छ्याह्रो मतदान अधिकृत दोबा मुला।,रुकुमपूर्वको सबै मतदान केन्द्रमा मङ्गलबार मतदान अधिकृत र सहायक मतदान अधिकृत पुगेका छन्।,Polling officers and assistant polling officers reached all polling stations in Rukumpur on Tuesday.,D4C,13,medium,Non-Past,Affirmative
D4S_S3_7761,"आदिकवि भानुभक्तला मिनरि ह्युल–फिह्युलरि गेताङ तामुला, तासाइ दिमजाेङरि उपेक्षा लाबा भान तामुला।","आदिकवि भानुभक्तको नाममा देश–विदेशमा कार्यक्रम हुन्छ, तर गृहजिल्लामा उपेक्षा गरिएको भान हुन्छ।","Programs are held in the name of the early poet Bhanubhakta in the country and abroad, but he seems to be neglected in his home district.",D4C,12,medium,Non-Past,Affirmative
COM_P2_D3E_S1_3639,गाउँपालिकाला बेनान ग्युइसेरकि गेन्दुनरि शोक बिदा पिन्बा आप्ता लाबा ग्रेन्पो प्रशासकीय अधिकृत अरूण राईसे पाङ्जि।,गाउँपालिकाका सबै शैक्षिक संस्थामा शोक बिदा दिने निर्णय गरिएको प्रमुख प्रशासकीय अधिकृत अरूण राईले बताए।,Chief Administrative Officer Arun Rai said that it has been decided to grant mourning leave in all educational institutions of the rural municipality.,D3E,15,medium,Past,Affirmative
COM_P3_D3E_S1_744,चुःबारि ग्रेन आपासे नतिजा थाइना पाङ्स्ह्युजि।,सुरुमा ठूलो बुवाले नतिजा सुनाउनुभयो।,"First, the elder father announced the results.",D3E,5,short,Past,Affirmative
D1A_S0_B1_325,काँकर स्युक्पाला जे थामुला।,काँकर धुपी सल्लाको मात्र काटिन्छ।,Only the thorny pine is cut.,D1A,5,short,Non-Past,Affirmative
COM_D5G_S1_S2_4743,काच्याउलि लासाम बेइजत ताला बिबा लोङ्बासे ङा कुटिसि चिबारि बाध्य ताजि।,हल्ला गरे बेइजत होला भन्ने डरले म चुप रहन बाध्य भएँ।,"I was forced to remain silent, fearing that I would be disgraced if I made a noise.",D5G,11,medium,Past,Affirmative
P2_D1A_S0_B1_1951,उच्च रोङरि नोन दान्दे साइ आयाङ्बा सिजनरिन बन्दाकोपी ल्हाःना उत्पादन ताजि।,उच्च पहाडमा पनि अहिले मूल्य नपाउने सिजनमै बन्दाकोपी बढी उत्पादन भयो।,"Even in the high mountains, cabbage was produced in abundance during the season when it is currently not worth the price.",D1A,11,medium,Past,Affirmative
COM_D3E_S1_S2_3569,विश्वविद्यालयला गेवाहक उपकुलति शिवलाल भुसालसे बल्खुला परीक्षा नियन्त्रण गेदिमला कम्प्युटररि क्लिक लासि साप्तोला ज्याबाचुबा लाजि।,विश्वविद्यालयका कार्यवाहक उपकुलति शिवलाल भुसालले बल्खुस्थित परीक्षा नियन्त्रण कार्यालयको कम्प्युटरमा क्लिक गरी सेवाको शुभारम्भ गरे।,"Acting Vice Chancellor of the university, Shivlal Bhusal, launched the service by clicking on the computer of the Office of the Controller of Examinations in Balkhu.",D3E,15,medium,Past,Affirmative
D1A_S0_B3_695,तेमेला साइ स्थिर तासि किलोछाप ७५ हेन्से ८० टाङ्गारि साइ निर्धारण लाबा मुला।,आलुको भाउ स्थिर रही प्रतिकिलो ७५ देखि ८० रुपैयाँ मूल्य निर्धारण गरिएको छ।,The price of potatoes has remained stable at Rs 75 to 80 per kilogram.,D1A,13,medium,Non-Past,Affirmative
D4S_S3_467,ताइबा दुइरि नोन अस्वाभाविक स्रुगरि ग्लिङ ताइमुला।,परेको समयमा पनि अस्वाभाविक रूपमा हिउँ पर्छ।,"Even during the rainy season, it snows unusually.",D4C,7,short,Non-Past,Affirmative
COM_P2_D3E_S1_5137,त्रिविरि थेदुइला रजिष्ट्रार डिल्लीराज उप्रेतीला गेदुइ जिन्माहेन्से थे पद थानथान मुबा।,त्रिविमा तत्कालीन रजिस्ट्रार डिल्लीराज उप्रेतीको कार्यकाल सकिएपछि साे पद खाली थियो।,The post was vacant after the tenure of the then Registrar Dilliraj Upreti at TU ended.,D3E,11,medium,Past,Affirmative
COM_D3E_S3_2650,थेलिच्छा थेनोन गेविधिला दानरि लोप्खाङग्याम लोप्खेनला लिच्छाला न्हाङ्ला क्योइका तासेला मुला।,त्यसपछि सोही कार्यविधिका आधारमा विद्यालयबाट विद्यार्थीको अन्तिम आन्तरिक मूल्याङ्कन हुनेछ।,"Then, the final internal evaluation of the student will be conducted by the school based on the same procedure.",D3E,10,medium,Non-Past,Affirmative
COM_P3_D3E_S2_9324,रेमनतेन ९ बिजाबुमो चिमुला।,रेमनसँगै ९ बालबालिका बस्छन्।,Ramon has 9 children living with him.,D3E,4,short,Non-Past,Affirmative
COM_D4C_S1_S2_3442,चन्द्रागिरि हिल्सला उदाहरणच्यागे होजा खाजिबा दुइरि ल्हानासे ङोअसेबा दोखाङ मुबा।,चन्द्रागिरि हिल्सको उदाहरण हेरौँ जुन कुनै समय धेरैले नचिनेको गन्तव्य थियो।,"Let's take the example of Chandragiri Hills, which was once an unknown destination.",D4C,11,medium,Past,Affirmative
COM_D2H_S1_S2_402,"गोर्लाङदा खेबि लामुला, मेवाला दानासे गोर्लाङदा क्षति ताबाग्याम जोगाबालामुला।",मिर्गौलालाई फाइदा गर्छ मेवाको दानाले मिर्गौलालाई क्षति हुनबाट जोगाउँछ।,The papaya seeds benefits the kidneys from damage.,D2H,9,medium,Non-Past,Affirmative
COM_D2H_S1_S2_1399,ङाला दिमला स्यान्दो व्यक्तिदा एन कोरोना म्राङ्बा मुबा।,मेरो घरका अन्य व्यक्तिलाई पनि कोरोना देखिएको थियो।,Other people in my house also had coronavirus.,D2H,8,medium,Past,Affirmative
COM_D5G_S5_642,चुराङलासि पाङ्जि होत्छेम साइड ताजि।,यसरी भन्यो अनि साइड लाग्यो।,He said this and turned away.,D5G,5,short,Past,Affirmative
COM_D2H_S1_S2_3729,निर्देशिकासे गिक्छारेम तालिम याङ्बा ल्हुइथाङपादा सुरक्षित गर्भस्युर्बा साप्तो पिन्बारि स्वीकृति पिन्बा मुबा।,निर्देशिकाले पहिलोपटक तालिमप्राप्त स्वास्थ्यकर्मीलाई सुरक्षित गर्भपतन सेवा प्रदान गर्न स्वीकृति प्रदान गरेको थियो।,"The directive, for the first time, authorized trained health workers to provide safe abortion services.",D2H,13,medium,Past,Affirmative
COM_P2_D4C_S1_B3_1411,फिह्युल्पाकादेसे ज्योइल्हाम द्हाम्सेदा तासाइनोन ल्हानाराङ्बा न्हाङ्पा ह्युलकोर्पा सडकग्यालाम तासि चुरि खाबा लाबाला मुला।,विदेशीहरूले पदयात्रा रुचाउने भएपनि बढीजसो आन्तरिक पर्यटक सडकमार्ग भएर यहाँ आउने गरेका छन्।,"Although foreigners prefer hiking, most domestic tourists arrive here by road.",D4C,13,medium,Non-Past,Affirmative
P4_D1A_S1_B1_2936-,सानाम ग्युइ उइ भोजपुरला आन्सार चु दिङ भोजपुररि २३२ मेट्रिकटन अलैँची सोवाङ ताबा मुला।,कृषि ज्ञान केन्द्र भोजपुरका अनुसार यसवर्ष भोजपुरमा २३२ मेट्रिक टन अलैंची उत्पादन भएको छ।,"According to the Agricultural Knowledge Center Bhojpur, 232 metric tons of cardamom have been produced in Bhojpur this year.",D1A,14,medium,Non-Past,Affirmative
P3_D1A_S0_B2_2649,नागी थुमग्याम तिदिङरि सिका डि गिक से बुम २० दान्नाला खुदु उत्पादन ताबा वडाचोहो हर्कराज राईसे पाङ्जि।,नागी क्षेत्रबाट एक वर्षमा रु.एक करोड २० लाख बढीको मह उत्पादन हुने वडाध्यक्ष हर्कराज राईले बताए।,Ward Chairman Harkaraj Rai said that honey worth more than Rs. one crore 20 lakh will be produced from the Nagi area in a year.,D1A,16,long,Past,Affirmative
COM_D5G_S4_4167,ङाला मिग्याम मिख्लि आताइबा म्राङ्मा कप्टी कोणी बिसि झान ग्राम्बारि प्रात्छान्सि पिन्स्ह्युमुबा।,मेरा आँखाबाट आँसु नझरेको देख्लाइ कप्टी कोणी भनेर झन् गालामा बेस्सरी चड्कन दिनहुन्थ्यो।,"Seeing that no tears were falling from my eyes, he would slap me even harder, calling me a hypocrite.",D5G,13,medium,Past,Affirmative
COM_D3E_S3_2601,दारेम डिन गेदिमसे सेमेस्टररि खेडोब लाबा लोप्खेनला राङ्बाङ तोसोसे परीक्षा स्याङ्बारि खाम्सेलामुला।,अब डिन कार्यालयले सेमेस्टरमा अध्ययन गर्ने विद्यार्थीको स्वतन्त्र तरिकाले परीक्षा सञ्चालन गर्न सक्नेछन्।,Now the Dean's Office will be able to independently conduct exams for students studying during the semester.,D3E,13,medium,Non-Past,Affirmative
P2_D1A_S0_B2_2451,"खाजिबा थुमरि कादे ह्युलफिपा लगानी लाबा बिबा प्रष्ट ताम थेरिन ठोङ्स्हेला ब्लोनखाङला धारणा हिन्ना।
",कुन क्षेत्रमा कति विदेशी लगानी गर्ने भन्ने प्रष्ट कुरा त्यसैमा खुलाउने मन्त्रालयको धारणा हो।,The ministry's view is to clearly state how much foreign investment will be made in which sector.,D1A,14,medium,Non-Past,Affirmative
D4S_S1_3657,तासाइ महेन्द्र बहुमुखी क्याम्पसरि थान्बाला झान्नाइ ग्यार्जा न्हि नेपाली आङ्गाग्याम छ्योङ्सि यार्बाला मुला।,यद्यपि महेन्द्र बहुमुखी क्याम्पसमा राखिएका झण्डै दुई सय नेपाली पर्खालबाट हामफालेर भागेका छन्।,"However, nearly two hundred Nepalis housed at Mahendra Multipurpose Campus have escaped by jumping over the wall.",D4C,13,medium,Non-Past,Affirmative
D1A_S0_B1_1239,"चु दिङ १५० किलो फान्दे चुङ्सि जिन्जि, ३५ क्विन्टल फान्दे उत्पादन ताबा आन्मान लाबाला मुला। ","यसपालि १५० किलो सक्खर बेचिसकेँ, ३५ क्विन्टल सक्खर उत्पादन हुने अनुमान गरेको छु।","This year, I have sold 150 kilos of sugar, and I estimate that I will produce 35 quintals of sugar.",D1A,13,medium,Non-Past,Affirmative
COM_D3E_S5_3935,चुला ल्होलो चुनौतीदा ह्राङ–ह्राङ्ला थुमग्याम सामना लाबारि चुराङ्बा काठुइला ग्रेन महत्व मुला।,यसका विविध चुनौतीलाई आ-आफ्नो क्षेत्रबाट सामना गर्न यस्तो छलफलको ठूलो महत्व छ।,Such discussions are of great importance in addressing these diverse challenges from their respective fields.,D3E,12,medium,Non-Past,Affirmative
P2_D1A_S0_B1_1145,सानाम ओसेम सेमचेनज्याबि फेल्गेबाब्लोन डा. वेदुराम भुसालसे नाम्दुङन्हाङरि न्हे सानाम्पादा भुक्तानी पिन्बारि काठाङ पिन्बा मुला।,कृषि तथा पशुपक्षी विकासमन्त्री डा. वेदुराम भुसालले चैतभित्र दुग्ध किसानलाई भुक्तानी दिन निर्देशन दिएका छन्।,Minister for Agriculture and Livestock Development Dr. Beduram Bhusal has directed to pay dairy farmers within Chaitra.,D1A,15,medium,Non-Past,Affirmative
COM_P3_D3E_S3_15060,लोप्खेनला ध्यान चुदुइरि जाम्बुलिङला नविनत प्रविधिव्हाना दिङ्बा मुला।,विद्यार्थीको ध्यान यतिबेला विश्वका नविनतम् प्रविधितर्फ मोडिएको छ।,Students' attention is currently focused on the world's latest technology.,D3E,8,medium,Non-Past,Affirmative
D4S_S2_6083,थेजा बदलाला भावनासे टा आक्याबालिच्छा सेबा आलाबा ताबासेलामा चुराङ्बा मनोवृत्तिला नोन क्योन्बारि आखाम।,उसमा बदलाको भावनाले जरो नगाडेपछि हत्या नगर्ने भएकाले यस्ता मनोवृत्तिको पनि उपचार गर्न सकिँदैन।,"Such attitudes cannot be cured, as they will not kill unless the feeling of revenge is rooted in them.",D4C,14,medium,Non-Past,Negative
COM_P2_D4C_S1_B3_3029,सोमनोन ह्युलला गोछापाछ्याम छ्युल्हाम स्हेङ्बाला हिन्ना।,तीनै देशका प्रतिनिधिसहित जलयात्रा आयोजना गरिएको हो।,The rafting trip was organized with representatives from all three countries.,D4C,7,short,Non-Past,Affirmative
D4S_S2_7923,हुम्लारि नाबिङरे ताबा टिप्पर दुर्घटनारि घाइते ताबा नाबाला काप्पा क्योन्बाला लागिरि नेपालगञ्ज बोर्बा मुला।,हुम्लामा बुधबार भएको टिप्पर दुर्घटनामा घाइते भएका बिरामीको थप उपचारका लागि नेपालगञ्ज लगिएको छ।,Patients injured in a tipper accident in Humla on Wednesday have been taken to Nepalgunj for further treatment.,D4C,14,medium,Non-Past,Affirmative
COM_D2H_S1_S2_1077,अन्ततः सन् २०१८ रि म्हिला गोर्लाङ याङ्जि।,अन्ततः सन् २०१८ मा मानव मिर्गौला प्राप्त गरे।,"Finally, in 2018, he received a human kidney.",D2H,8,medium,Past,Affirmative
D1A_S0_B1_1352,ङानि सानाम ब्लोनखाङ उद्धो ब्लोनखाङ मोकोन ब्लोनखाङ दोजि तासाइ आयाङ्नि।,हामी कृषि मन्त्रालय उद्योग मन्त्रालय सबै मन्त्रालयमा पुग्यौँ तर पाएनौँ।,"We reached out to all the ministries, including the Ministry of Agriculture, Ministry of Industry, but we couldn't find anyone.",D1A,10,medium,Past,Negative
COM_D5G_S6_2329,थेसे फिल्मछाप आपत्ति उन्पाङ्बान ह्राङ थेराङ्बा फिल्म लिसो मुबा पाङ्जि।,उनले फिल्मप्रति आपत्ति जनाउँदै आफू त्यस्ता फिल्मविरुद्ध रहेको बताए।,He objected to the film and said that he was against such films.,D5G,9,medium,Past,Affirmative
COM_D5G_S4_1490,"उफ, खाच्युबा जुनीरि ङाइ चुला छ्याइ चाजिमु।","उफ, कुन जुनीमा मैले यसको ऋण खाएछु।","Ugh, how old am I to have borrowed this?",D5G,7,short,Non-Past,Affirmative
D4S_S2_3574,राजधानी याम्बुरिन स्थापित क्वारेन्टाइनरि चिबा असहज ताबा ब्रेस्यो ल्हेःबाला मुला।,राजधानी काठमाडौँमै स्थापित क्वारेन्टाइनमा बसाइ असहज भएको गुनासो बढेको छ।,Complaints about the discomfort of staying in quarantine facilities set up in the capital Kathmandu have increased.,D4C,10,medium,Non-Past,Affirmative
COM_D5G_S3_466,ङा एदा डेन लासेलामुला।,म तपाईँलाई सम्मान गर्नेछु।,I will respect you.,D5G,4,short,Non-Past,Affirmative
COM_D5G_S3_4535,"थेनोन दुइ गोरगिक भव्य व्यक्तित्वला म्हि डाजाङरि क्रेजि थेन माइक चुङ्सि पाङ्जि, 'ङादा चु लाइनुला तामसे सेम ब्लोजि।","त्यसै बेला एउटा भव्य व्यक्तित्वको मान्छे मञ्चमा उक्लिए र माइक समातेर बोले, 'मलाई यो नानीको कुराले मन बिझायो।","At that moment, a man with a magnificent personality stepped onto the stage and, holding the microphone, said, ""I was moved by this child's words.""",D5G,18,long,Past,Affirmative
COM_P2_D2H_S4_6956,अस्पतालसे आमा थेन कोला ङिनोनला ल्हुइथाङ नाछाल सामान्य मुबा उन्पाङ्बा मुला।,अस्पतालले आमा र बच्चा दुवैको स्वास्थ्य अवस्था सामान्य रहेको जनाएको छ।,The hospital reported that the health condition of both the mother and the baby is normal.,D2H,11,medium,Non-Past,Affirmative
COM_D5G_S4_3268,"म्हिला लागिरि अस्तित्वला, आत्मसम्मानला ख्रेन्बा ह्राङ्बा भयावह ख्रेन्बा तिलाइ आता।","मान्छेका निम्ति अस्तित्वको, आत्मसम्मानको भोकजस्तो भयानक भोक केही हुँदैन।","There is no greater hunger for a human being than the hunger for existence, for self-respect.",D5G,9,medium,Non-Past,Negative
COM_D5G_S4_3288,चुदे बिमाहेन्से अर्ति जे पिन्ला कि ह्राङनोनग्याम चुःबा लाला बिबा ङ्योइबा नोन खाबारि खाम्ला।,यति भनिसकेपछि अर्ति मात्र दिन्छस् कि आफैँबाट सुरुवात गर्छस् भन्ने प्रश्न पनि आउन सक्छ।,"Having said all this, the question may arise as to whether you just give the meaning or start from scratch.",D5G,14,medium,Non-Past,Affirmative
COM_D4C_S1_S2_3018,बेलढुङ्गा सामुदायिक दिमबासला स्याङ्पा गोपाल श्रीससे म्हेनिङ वाङ्बालिच्छा जेन दिमबासरि ह्युलकोर्पाला आगमन ल्हे:सेदा पाङ्जि।,बेलढुङ्गा सामुदायिक घरबासका सञ्चालक गोपाल श्रीसले असोज लागेपछि मात्रै घरबासमा पर्यटकको आगमन बढ्ने बताए।,"Gopal Shree, the owner of Beldhunga Community Homestay, said that the influx of tourists to the homestay will increase only after the start of Asoj.",D4C,14,medium,Past,Affirmative
D4S_S3_5749,म्याद काप्पालिच्छा ह्रोदा जोङ प्रहरी गेदिम धनुषाला हिरासतरि थान्बा मुला।,म्याद थपपछि उहाँलाई जिल्ला प्रहरी कार्यालय धनुषाको हिरासतमा राखिएको छ।,"After the extension, he has been remanded in custody at the District Police Office, Dhanusha.",D4C,10,medium,Non-Past,Affirmative
COM_D3E_S3_556,दारेम विश्वास डाबा तोसोला ग्युइसेररि थिग्युन लातोला पाङ्स्ह्युजि।,अब विश्वास जित्ने खालको शिक्षामा सुधार गर्नुपर्दछ बताउनुभयो।,He said that now there is a need to improve education in a way that will win trust.,D3E,8,medium,Past,Affirmative
COM_P2_D3E_S2_124,विद्या याङ्बाला लागिरि स्हिवा स्वभाव तोमुला।,विद्या प्राप्त गर्नका लागि शान्त स्वभाव चाहिन्छ।,"To acquire knowledge, a calm nature is required.",D3E,7,short,Non-Past,Affirmative
COM_D5G_S1_S2_1013,तिरेम याफ्ला क्यासि उधुम ताजि।,एकपटक हत्केला सकसकाएर उधुम भयो।,"Once, the palm of my hand twitched and I became agitated.",D5G,5,short,Past,Affirmative
P3_D1A_S0_B2_2495,रा न्हाबा लासि आयआर्जन ल्हेनालासि स्यान्दो म्रिङ्मादा नोन प्रोत्साहित लाबान छोङनामकिस्रुगरि ङोसेबा पिन्बारि खाम्बा लासि गे लाबा थेला अठोट मुला।,बाख्रापालन गरेर आयआर्जन बढाएर अन्य महिलालाई पनि प्रोत्साहित गर्दै व्यावसायिकरूपमा पहिचान दिनसक्ने गरी काम गर्ने उनको अठोट छ।,"She is determined to work in a way that will allow her to increase her income through goat rearing and encourage other women to do the same, thereby giving them a professional identity.",D1A,18,long,Non-Past,Affirmative
D4S_S2_6947,दुगु ७ गते सहकारीरि तरलता आडुप म्राङ्सि सहकारी डुङ्बालिच्छा ड्वाफ्रे ४ गतेहेन्से सम्पर्कविहीन ताबा मुबा।,बैशाख ७ गते सहकारीमा तरलता अभाव देखाएर सहकारी बन्द भएपछि जेठ ४ गतेदेखि सम्पर्कविहीन भएका थिए।,They had been out of contact since Jestha 4 after the cooperative was closed on Baisakh 7 due to a lack of liquidity.,D4C,16,long,Past,Affirmative
D4S_S2_874,थेदुइरि ल्हानान स्थानीय घाइते ताबा मुबा।,त्यसबेला कयौँ स्थानीय घाइते भएका थिए।,Several locals were injured at that time.,D4C,6,short,Past,Affirmative
COM_D2H_S3_120,लिच्छाला रेरि जोङरि च्यालाङला छाद च्याङ्ना नाछालरि मुबा।,पछिल्ला दिनहरूमा जिल्लामा सङ्क्रमणको दर घट्दो अवस्थामा थियो।,The infection rate in the district has been declining in recent days.,D2H,8,medium,Past,Affirmative
COM_P2_D4C_S1_B3_697,दात्ते फिच्चा लाथानरि म्हेन्दो सोम पान्देग्याम निम पूजाआजा ताबान खाबा मुला।,हाल उक्त मन्दिरमा तीन जना पुजारीबाट नियमित पूजाआजा हुँदै आएको छ।,"Currently, three priests are conducting regular worship at the temple.",D4C,11,medium,Non-Past,Affirmative
D1A_S0_B2_2390,कामिरिता शेर्पा २३ औं रेम ज्योमोलुङ दोबा मुला।,कामिरिता शेर्पा २३ औं पटक सगरमाथा शिखरमा पुगेका छन्।,Kamirita Sherpa has reached the summit of Mount Everest for the 23rd time.,D1A,9,medium,Non-Past,Affirmative
D4S_S2_1553,छारिब्योनकादे म्हुननाङ चोकचोकरि आम्हेर्नान खिम्सा कोर्सि चिमुबा।,युवाहरू रातभरी चोकचोकमा अनिँदो बस्ति कुरेर बस्दथे।,"Young people would sit in the squares all night, waiting for the homeless to come.",D4C,7,short,Past,Affirmative
COM_D2H_S3_2830,ग्यानाकह्युलदा कोभिड–१९ला लागिरि जिम्मेबार ठहर् याइतिबारि थेन क्षतिपूर्ति फाबारि आखाम्मुबा।,चीनलाई कोभिड–१९का लागि जिम्मेबार ठहर्‍याउन र क्षतिपूर्ति तिराउन सक्दैनथ्यो।,China could not be held responsible for COVID-19 and paid compensation.,D2H,9,medium,Past,Negative
COM_D4C_S1_S2_5085,नुवाकोट गाङरि मुबा टप स्टेसनरि मिनेट निसरि दोबा खाम्दा १.९४ किमी लम्बाइला केबलकाररि गोर्गिक गोन्डुलारि ब्रे ल्हाम्पा सवार लाबारि खाम्दा गोर २५ गोन्डुला ताला।,नुवाकोट डाँडामा रहेको टप स्टेसनमा सात मिनेटमा पुग्न सकिने १.९४ किमी लम्बाइको केबलकारमा एउटा गोन्डुलामा आठ यात्रु सवार गर्न मिल्ने २५ वटा गोन्डुला हुनेछन्।,"The 1.94 km long cable car, which can reach the top station on Nuwakot Mountain in seven minutes, will have 25 gondolas, each carrying eight passengers.",D4C,24,very long,Non-Past,Affirmative
COM_D4C_S1_S2_2829,चु ला गिकरि नेपाल खाबाला ह्युलकोर्पाला दात्तेदोःनालान उच्च साङ्ज्या हिन्ना।,यो एक महिनामा नेपाल आएका पर्यटकको हालसम्मकै उच्च सङ्ख्या हो।,This is the highest number of tourists visiting Nepal in a single month so far.,D4C,10,medium,Non-Past,Affirmative
COM_P2_D4C_S1_B1_2295,ग्यागारह्युलला हिन्दू ओसेम नेपालीकादेला म्हेनिङ दाङ्बा ज्योः नोन ल्होलो मुला।,भारतीय हिन्दू तथा नेपाली हिन्दूहरूको दसैँ मनाउने शैली पनि भिन्न छन्।,The ways in which Indian Hindus and Nepali Hindus celebrate Dashain are also different.,D4C,11,medium,Non-Past,Affirmative
COM_D2H_S1_S2_2080,"क्योन्बा दुबीला रोकथाम सम्भव मुला, तासाइ क्योम १०–२० कार्ग्यारि जेक्खेन चु क्योङ फान्मुला।","उपचारदुबीको रोकथाम सम्भव छ, तर जम्मा १०–२० प्रतिशतमा मात्र यो पूर्ण निको हुन्छ।","Treatment: Prevention of tuberculosis is possible, but it is completely curable in only 10–20 percent of cases.",D2H,13,medium,Non-Past,Affirmative
P2_D1A_S0_B1_1378,ङाच्छा पोन म्राङ्बा सारि चुदेदुइ नामनाम सार्सि उर्लाम ताजि।,पहिला बाँझो देखिने जमीनमा यतिबेला तोरी फुलेर पहेँलपुर छ।,The land that once seemed barren is now filled with mustard flowers.,D1A,9,medium,Non-Past,Affirmative
P4_D1A_S1_B2_529,ङानिदा लहान बजारदोःना खु पुइसि बोर्बारि सास्ती मुबा।,हामीलाई लहान बजारसम्म तरकारी बोकेर धाउन सास्ती थियो।,We had a hard time carrying vegetables to Lahan Bazaar.,D1A,8,medium,Past,Affirmative
COM_D4C_S1_S2_1999,सुदूरन्हुप प्रदेश सरकारसे अपि ज्योमोगाङदा ग्रेन प्राथमिकतारि थान्सि ह्युलकोर कोरल्हाम दिङ दाङ्बागेन मुला।,सुदूरपश्चिम प्रदेश सरकारले अपि हिमाललाई मुख्य प्राथमिकतामा राखेर पर्यटन भ्रमण वर्ष मनाइरहेको छ।,The Far Western Province government is celebrating the Tourism Year by placing the Api Himalayas as its main priority.,D4C,13,medium,Non-Past,Affirmative
COM_D3E_S5_1261,आले न्हिदा एसएमएसग्याम न्यायिक दाछोकसे काठुइला लागिरि ङ्योइजि।,दुई भाइलाई एसएमएसमार्फत न्यायिक समितिले छलफलका लागि बोलायो।,The judicial committee summoned the two brothers for discussion via SMS.,D3E,8,medium,Past,Affirmative
COM_D3E_S3_1423,बोर्ड अफ ट्रस्टीरि म्हेन्दो डु ह्रोमि नियुक्त तासि दाते पाठ्यक्रम स्हेङ्बाला लागिरि काठुइ ताचिबा मुला।,बोर्ड अफ ट्रस्टीमा ६ जना सदस्य नियुक्त भई हाल पाठ्यक्रम निर्माणको लागि छलफल भइरहेको छ।,Six members have been appointed to the Board of Trustees and discussions are currently underway to develop the curriculum.,D3E,15,medium,Non-Past,Affirmative
COM_P2_D2H_S2_1844,गर्भाशयला विकार तासाम दालचिनीला उपयोग लाबारि खाम्ला।,गर्भाशयको विकार भएमा दालचिनीको उपयोग गर्न सकिन्छ।,Cinnamon can be used for uterine disorders.,D2H,7,short,Non-Past,Affirmative
COM_D2H_S1_S2_2234,लिच्छाला दुइ ह्युलनाङ नोन च्यालाङ घाट्तिबा याङ्बा चिकित्सकसे पाङ्बा मुला।,पछिल्लो समय मुलुकभरि नै सङ्क्रमण घटेको पाइएको चिकित्सकले जनाएका छन्।,Doctors have reported that infections have decreased across the country recently.,D2H,10,medium,Non-Past,Affirmative
COM_D5G_S3_3400,थेसेलामा ङाइ ग्रेन आपेक्षा आलाना ह्राङनोन छ्योइ छिसि धनगढी दोःबा मुबा।,त्यसैले मैले ठूलो अपेक्षा नगरी आफैँ पुस्तक छापेर धनगढी फर्किएको थिएँ।,"So, without much expectation, I printed the book myself and returned to Dhangadhi.",D5G,11,medium,Past,Affirmative
D4S_S1_693,फेल्गेबा नाम्सा-ग्यासारि च्योच्यो ताबा।,विकास गाउँ–सहरमा समान हुने।,Development will be equal in villages and cities.,D4C,4,short,Non-Past,Affirmative
COM_P2_D2H_S1_4502,प्रत्येक दिङ झण्डै ३९ डि म्हिरि डेङ्गुला च्यालाङ ताबा लामुला,प्रत्येक वर्ष झण्डै ३९ करोड मानिसमा डेङ्गुको सङ्क्रमण हुने गर्छ।,Approximately 39 crore people are infected with dengue every year.,D2H,10,medium,Non-Past,Affirmative
D4S_S2_6812,उपरीक्षक खनालला आन्सार थेनिकादेफिरि ब्यान्बाछेक्पाओसेम खरखजाना ऐन कसुररि कारबाही गेरिम ङाच्छा दाङ्बा थेन काप्पा अनुसन्धान तासिचिबा मुला।,उपरीक्षक खनालका अनुसार उनीहरूमाथि लुटपाट तथा खरखजाना ऐन कसुरमा कारबाही प्रक्रिया अघि बढाएको र थप अनुसन्धान भइरहेको छ।,"According to Superintendent Khanal, action has been taken against them for robbery and the Firearms Act and further investigation is underway.",D4C,18,long,Non-Past,Affirmative
COM_D5G_S3_3565,तासाइ सरकारला नेतृत्व स्यान खालाइदा पिन्बारि ग्ले तयार आताबा प्रस्ट तासिजिन्बा मुबा।,तर सरकारको नेतृत्व अरू कसैलाई दिन राजा तयार नभएको प्रस्ट भइसकेको थियो।,But it was clear that the king was not ready to hand over the leadership of the government to anyone else.,D5G,12,medium,Past,Affirmative
COM_P2_D4C_S1_B3_483,गोरखाला चुमनुब्री गाउँपालिकारि मुबा मनास्लु ज्योमोगाङला शिविररि ग्लिङ डुइ निबा मुला।,गोरखाको चुमनुब्री गाउँपालिकामा रहेको मनास्लु हिमालको शिविरमा हिम पहिरो गएको छ।,An avalanche has hit the Manaslu Mountain camp in Chumanubri Rural Municipality of Gorkha.,D4C,11,medium,Non-Past,Affirmative
COM_D2H_S1_S2_2228,अस्पतालसे सिसिटीभी क्यामराला छ्यामरि क्यूमेसिनग्याम साप्तो पिन्बारि वाङ्बामुला।,अस्पतालले सीसीटीभी क्यामराका साथै क्यूमेसिनबाट सेवा दिन थालेको छ।,The hospital has started providing services through CCTV cameras as well as QM machines.,D2H,9,medium,Non-Past,Affirmative
COM_P3_D3E_S2_178,स्यान्दो सोम नाना-आङा बिसाम स्थायी शिक्षण पेसारि मुला।,अन्य तीन दिदी–बहिनी भने स्थायी शिक्षण पेसामा छन्।,The other three sisters are in permanent teaching positions.,D3E,8,medium,Non-Past,Affirmative
COM_P2_D3E_S3_5090,जोम्नाछेनरि अनुसन्धनात्मक पेपर थेन पोस्टर लासि ६० बिमा दान्ना प्रस्तुति तासेला थेसे पाङ्जि।,सम्मेलनमा अनुसन्धनात्मक पेपर र पोस्टर गरेर ६० भन्दा बढी प्रस्तुति रहने उनले बताए।,He said that there will be more than 60 presentations in the form of research papers and posters at the conference.,D3E,13,medium,Past,Affirmative
COM_P2_D2H_S2_2338,निबा दिङ शिवनाथरि मेन्दो सिमरि औलोनोइ देखापर्दिबा मुबा।,गत वर्ष शिवनाथमा तीन जनामा औलोरोग देखापरेको थियो।,"Last year, three people were diagnosed with malaria in Shivnath.",D2H,8,medium,Past,Affirmative
D4S_S2_6336,"आपाआमा आरेबा थेन थेनिकादेदा खालाइसे आप्नाबआलाबा, बेवारिसे नाछालरि मुबा ओसेम सहाराआरेबा ताबा १८ दिङ दिला बिजाबुमोकादेला अभिभावकत्व वडासे किन्मुला।","बाबुआमा नभएका र उनीहरूलाई कसैले नअपनाएको, बेवारिसे अवस्थामा रहेका तथा सहाराविहीन बनेका १८ वर्षमुनिका बालबालिकाहरूको अभिभावकत्व वडाले ग्रहण गर्छ।","The ward assumes guardianship of children under the age of 18 who have no parents, have not been adopted by anyone, are in a state of neglect, and have become helpless.",D4C,19,long,Non-Past,Affirmative
D1A_S0_B3_2239,"ताफोले म्हेन्दोग्याम ल्यूटिन तात्पा, जेसुङला बार्बु, पोइराङ स्होबा तालिम म्हेन्दो छोङनाम्पा ओसेम म्हेन्दो सानाम्पाला लागिरि नि:शुल्क हिन्ना।","सयपत्री फूलबाट ल्यूटिन निकाल्ने, शौन्दर्यका सामग्री, अगरबत्ती बनाउने तालिम फूल व्यवसायी तथा फूल कृषकका लागि नि:शुल्क हो।","Training on extracting lutein from marigold flowers, making beauty products, and making incense sticks is free for florists and flower farmers.",D1A,17,long,Non-Past,Affirmative
COM_P2_D3E_S2_4526,तासाइ भर्ना अभियानग्याम ह्रेङान परिणाम याङ्बारि खाम्बा आरे।,यद्यपि भर्ना अभियानबाट अपेक्षित परिणाम प्राप्त हुन सकेको छैन।,"However, the expected results have not been achieved from the recruitment campaign.",D3E,9,medium,Non-Past,Negative
COM_D5G_S1_S2_1443,बिबान गौरवला साथ हुन्जि।,भन्दै गौरवका साथ देखाए।,He said proudly.,D5G,4,short,Past,Affirmative
COM_P2_D5G_S2_6337,अस्थायी नोन तासाइनोन जीविकोपार्जनला याक्खार्गि विकल्प चुनोन हिन्ना।,अस्थायी नै भए पनि जीविकोपार्जनको एउटै विकल्प यही त हो।,"This is the only option for earning a living, even if it is temporary.",D5G,10,medium,Non-Past,Affirmative
P3_D1A_S0_B1_4235,तिनिबिमा १० दिङ ङाच्छा सहकारी दर्ता लासि सानाम्पा केन्द्रित गे लाबारि ह्राङ्ला सोचरि बेनानसे ह्रो पिन्बा केसीसे पाङ्जि।,आजभन्दा १० वर्षअघि सहकारी दर्ता गरी किसान केन्द्रित काम गर्न आफ्नो सोचमा सबैले साथ दिएको केसीले बताए।,KC said that everyone supported his idea of ​​registering a cooperative 10 years ago and working towards farmer-centered work.,D1A,17,long,Past,Affirmative
D4S_S2_5110,गिक्छारेम याम्बु जेसिससे सिल्भर जुब्ली दाङ्बा ताङरि फेसन सो ला स्हेङ्बा लाजि।,पहिलोपटक काठमाडौँ जेसिसले सिल्भर जुब्ली मनाउने क्रममा फेसन सो को आयोजना गर्‍यो।,"For the first time, Kathmandu Jesuits organized a fashion show to celebrate its silver jubilee.",D4C,12,medium,Past,Affirmative
COM_P2_D2H_S2_1778,क्युइसे ल्हुइरि लेप्पा स्होसि थान्बारि ग्रेन ह्रोछ्या लामुला।,पानीले शरीरमा तातो बनाई राख्न ठूलो सहयोग गर्छ।,Water helps a lot in keeping the body warm.,D2H,8,medium,Non-Past,Affirmative
COM_D2H_S5_2508,थेला आन्सार दुगु वाङ्बालिच्छा गेन्दुनगत हिसाबसे काःह्योन ताबारि आखाम्ना काः ह्रुप्पारि च्याङ्ना ताबा मुला।,उनका अनुसार वैशाख लागेपछि संस्थागत हिसाबले रक्तदान हुन नसकेर रगत सङ्कलनमा कमी भएको छ।,"According to him, there has been a decrease in blood collection since the beginning of Baisakh due to the inability to donate blood institutionally.",D2H,14,medium,Non-Past,Affirmative
COM_D5G_S4_2834,"पीपीई स्युसि क्वान पोबालिच्छा, म्हेन्दो गि नर्सदा थेला स्ह्याङ्बोदा ङोइबारि पुइजि।","पीपीई फुकालेर लुगा फेरे पछि, एक जना नर्सलाई उसको सालोलाई बोलाउन पठाए।","After removing the PPE and changing clothes, a nurse was sent to call his brother-in-law.",D5G,12,medium,Past,Affirmative
COM_P3_D3E_S1_12507,थेगुङ्ला र्वाञ्चल विश्वविद्यालयसे निजी थुमदा जेक्खेन सम्बन्धन पिन्बा मुला बिसाम स्यान न्हिला आङ्गिक क्याम्पस मुला।,तीमध्ये पूर्वाञ्चल विश्वविद्यालयले निजी क्षेत्रलाई मात्रै सम्बन्धन दिएको छ भने अन्य दुईका आंगिक क्याम्पस छन्।,"Of these, Purbanchal University has only given affiliation to the private sector, while the other two have affiliated campuses.",D3E,15,medium,Non-Past,Affirmative
COM_D4C_S1_S2_7400,थेला आन्सार नेपालरि डेन थेन साप्तेन अस्याप्मा क्रेबा ह्रोला साङ्ज्या च्याङ्ना तासि निबान मुला।,उनका अनुसार नेपालमा सम्मान र सुविधा नपाउँदा आरोहण सहयोगीको सङ्ख्या घट्दै गएको छ।,"According to him, the number of climbing helpers is decreasing due to lack of respect and facilities in Nepal.",D4C,13,medium,Non-Past,Affirmative
COM_P3_D3E_S3_11326,थेन्ना आन्सार चुःमा कोलाकादेदा फ्रेश स्होतोमुला।,उनका अनुसार सुरुमा बच्चाहरूलाई फ्रेस बनाउनुपर्छ।,"According to him, the children should be made fresh first.",D3E,6,short,Non-Past,Affirmative
P3_D5G_S2_B1_329,दामो ङा चु जाम्बुलिङग्याम थारेङ निला।,अब म यो संसारबाट टाढा जान्छु।,Now I will go away from this world.,D5G,6,short,Non-Past,Affirmative
P3_D1A_S0_B1_1313,चुरे थुमरि ताबा भुक्षय काबा दोन्ताला छ्याम पाटाप सुबा सानाम्पासे नोन जेः याङ्मुला।,चुरे क्षेत्रमा हुने भुक्षय रोक्ने उदेश्यका साथ बाँस रोपण गर्ने कृषकले पनि अनुदान पाउनेछन्।,Farmers who plant bamboo with the aim of preventing soil erosion in the Chure region will also receive subsidies.,D1A,14,medium,Non-Past,Affirmative
D1A_S0_B2_4067,थेसे सानाम्पा असन्तुष्ट मुबा बिबान निसरेरि तिरेम सानामफिरि ब्रिबारि यान्पाङकर्मीजुगुदा म्होइजेन लाजि।,उनले किसान असन्तुष्ट रहेको भन्दै हप्तामा एकपटक कृषिबारे लेख्न सञ्चारकर्मीहरूमा आग्रह गरे।,"He urged media personnel to write about agriculture once a week, saying that farmers are dissatisfied.",D1A,12,medium,Past,Affirmative
COM_P2_D2H_S2_3885,थेला धमनी बोसि ६.५ सेन्टिमिटर दोबासे लिउरि थिबारि खाम्सेला जोखिम च्याङ्ना लाबा शल्यक्रिया लाबा हिन्ना।,उनको धमनी फुलेर ६.५ सेन्टिमिटर पुगेकोले भविष्यमा फुटन सक्ने जोखिम कम गर्न शल्यक्रिया गरिएको हो।,"His artery had swelled to 6.5 centimeters, and surgery was performed to reduce the risk of future rupture.",D2H,15,medium,Non-Past,Affirmative
COM_P2_D2H_S1_3318,गण्डकी प्रदेशला ग्रेनब्लोन सुरेन्द्रराज पाण्डे क्योन्बाला लागिरि ग्यागारह्युलला नयाँदिल्ली निबा ताबा मुला।,गण्डकी प्रदेशका मुख्यमन्त्री सुरेन्द्रराज पाण्डे उपचारका लागि भारतको नयाँदिल्ली जाने भएका छन्।,"Gandaki Province Chief Minister Surendra Raj Pandey is set to travel to New Delhi, India, for treatment.",D2H,12,medium,Non-Past,Affirmative
COM_P2_D2H_S5_4193,गाकाङाल नाछोत म्राङ्साम चिकित्सकदा सम्पर्क लातोमुला थेन अस्पताल नितोमुला।,जटिल लक्षण देखिए चिकित्सकलाई सम्पर्क गर्नुपर्छ र अस्पताल जानुपर्छ।,"If you experience severe symptoms, you should contact a doctor and go to the hospital.",D2H,9,medium,Non-Past,Affirmative
COM_D4C_S1_S2_6383,रेदाङ्से गिक म्हेन्दो तोङ्जा गिकसे ङा बिमा ल्हाना ह्युलफिपा ह्युलकोर्पा सौराहा खाबा क्षेत्रीय होटल घेदुङला चोहो गङ्गा गिरीसे पाङ्जि।,दैनिक एक हजार पाँचभन्दा बढी विदेशी पर्यटक सौराहा आएको क्षेत्रीय होटल सङ्घका अध्यक्ष गङ्गा गिरीले बताए।,"Ganga Giri, president of the Regional Hotel Association, said that more than 1,050 foreign tourists visit Sauraha daily.",D4C,16,long,Past,Affirmative
COM_D3E_S5_1328,"डाकोठा डिजिटल स्होबान मुला, दिमग्याम ताबा गेला लागि गेदिम धाइआतिसाइ नोन ताबा स्होबान मुला।","कक्षाकोठा डिजिटल बनिरहेका छन्, घरबाट हुने कामका लागि कार्यालय नधाए पनि हुने बनाइँदैछ।","Classrooms are becoming digital, making it possible to work from home without having to go to the office.",D3E,13,medium,Non-Past,Affirmative
COM_D5G_S1_S2_1617,थेसे सरस्वतीदा लाइनुहेन्छेन ङोसेबा थेन गोबा मुबा।,उनले सरस्वतीलाई बालखैदेखि चिनेका र बुझेका थिए।,He had known and understood Saraswati since childhood.,D5G,7,short,Past,Affirmative
COM_D5G_S5_1964,खाइमा हलरि ताजि थेन उत्रियो बिबा खाइमा था आरे।,कहिले हलमा लाग्यो र उत्रियो भन्ने कसैलाई थाहा छैन।,No one knows when it entered the hall and when it left.,D5G,9,medium,Non-Past,Negative
D4S_S1_5387,एकादशी कुनु ५६ घडी वाङ्बा रे स्मृतिदा दानमानी कर्म लाबा आनाम स्मार्तसे एकादशी दाङ्मुला।,एकादशी तिथि ५६ घडी नाघेका दिन स्मृतिलाई आधारमानी कर्म गर्ने अर्थात् स्मार्तले एकादशी मनाउँछन्।,"On days when the Ekadashi date is 56 hours, those who perform rituals based on remembrance, i.e., those who are smart, celebrate Ekadashi.",D4C,14,medium,Non-Past,Affirmative
COM_P2_D2H_S2_2853, ग्यागारह्युलला काइब्लोन मोदीसे कापाङ लाबा मेसिन खामाहेन्से नाबासे योना थेन सहजस्रुगरि साप्तो पिन्बारि खाम्सेला पाङ्मुला।,भारतीय प्रधानमन्त्री मोदीले घोषणा गरेको मेशिन आएलगत्तै बिरामीले छिटो र सहजरूपमा सेवा दिन सकिने बताइन्छ।,"It is said that once the machine announced by Indian Prime Minister Modi arrives, patients will be able to receive services quickly and easily.",D2H,15,medium,Non-Past,Affirmative
COM_D5G_S4_874,चुःबारि म्हिदा थे भाइरसफिरि था नोन आरेबा।,सुरुमा मानिसलाई त्यो भाइरस बारे थाहा पनि थिएन।,"At first, people didn't even know about the virus.",D5G,8,medium,Past,Negative
COM_D2H_S1_S2_1142,थे खेडोब १० दिङ लाइतिसि लाबा मुबा।,सो अध्ययन १० वर्ष लगाएर गरिएको थियो।,The study was conducted over a period of 10 years.,D2H,7,short,Past,Affirmative
D1A_S0_B3_1671,"तेन्तोरि चिबारि याङ्बा आरे, तिरि ग्रा केन्द्रला फोकल पर्सन रामकृष्ण सुवेदीसे पाङ्जि, चु झुण्ड दान्देदोःन मुरिन फ्याङ्बान मुला। ","बालीनालीमा बस्न पाएको छैन, सलह सूचना केन्द्रका फोकल पर्सन रामकृष्ण सुवेदीले भने, यो झुण्ड अहिलेसम्म आकाशमै उडिरहेको छ।","It hasn't been possible to settle in the agricultural field, said Ramkrishna Suvedi, focal person of the Salya Information Center, this swarm is still flying in the sky.",D1A,18,long,Non-Past,Affirmative
COM_P2_D5G_S1_5847,"काविमो तनावरि निजि, तासाइ ब्रान्बाबिमा स्यान्दो विकल्प थेतेन आरेबा।","काविमो तनावमा गए, तर पर्खिनुबाहेक अर्को विकल्प उनीसँग थिएन।","Kavimo was tense, but he had no choice but to wait.",D5G,9,medium,Past,Negative
COM_D5G_S3_1767,दारेम लेङ्बा मुबा उच्च कोटीला ड्रग माफियाकादे म्हाइबा थेन ह्राङ्ला विषालु ड्रग इन्ट्रोड्युस लाबा।,अब बाँकी थियो उच्च कोटीका ड्रग माफियाहरूलाई खोज्नु र आफ्नो विषालु ड्रग इन्ट्रोड्युस गर्नु।,All that was left was to find high-level drug mafias and introduce their poisonous drugs.,D5G,14,medium,Non-Past,Affirmative
COM_D3E_S5_5208,"चुग्याम ह्रेङ्बा ओसेम तुन्बा दूरीला बस ल्हाम्पाकादेसे ल्हामला ताङरि वाइफाइग्याम्से नि:शुल्क इन्टरनेट, मल्टिमिडिया साप्तो उपभोग लाबारि खाम्ला।","यसबाट लामो तथा छोटो दूरीका बस यात्रुहरूले यात्राका क्रममा वाइफाइमार्फत नि:शुल्क इन्टरनेट, मल्टिमिडिया सेवा उपभोग गर्न सक्छन्।",This allows long- and short-distance bus passengers to enjoy free internet and multimedia services via Wi-Fi during their journey.,D3E,17,long,Non-Past,Affirmative
COM_D5G_S3_3824,ह्राङ्ला ग्रेनरापफिरि छार पुस्ताग्याम मन्तव्य थे म्याङ्मा दर्शकदीर्घारि चिबा ब्रिखेन दर्लामी मिख्लि फ्यासि चिमुबा।,आफ्नो उपन्यासबारे नयाँ पुस्ताबाट मन्तव्य सुन्न पाउँदा दर्शकदीर्घामा बसेका लेखक दर्लामी आँसु पुछिरहेका थिए।,"Writer Darlami, sitting in the audience, was wiping away tears as he listened to the new generation comment on his novel.",D5G,14,medium,Past,Affirmative
COM_P3_D3E_S1_7378,तालिम किन्बारि याङ्मा लोप्खेन ताङ्बा म्राङ्बा मुला।,तालिम लिन पाउँदा विद्यार्थी खुसी देखिएका छन्।,The students seemed happy to receive the training.,D3E,7,short,Non-Past,Affirmative
COM_D5G_S4_3024,चु खाराङ्बा जाम्बुलिङ हिन्ना जहाँ हत्या थेन स्हेर नोन प्रतिमान दोबा मुला ?,यो कस्तो संसार हो जहाँ हत्या र पीडा नै प्रतिमान बनेको छ?,What kind of world is this where killing and suffering are the norm?,D5G,12,medium,Non-Past,Affirmative
COM_P2_D2H_S1_3129,थेला आन्सार सन्तुलन डिक्नालासि कान ख्वाबारि आसेमा कोलारि कुपोषण ङ्योइमुला।,उनका अनुसार सन्तुलन मिलाएर खाना खुवाउन नजान्दा बच्चामा कुपोषण निम्तिन्छ।,"According to him, not knowing how to feed a balanced diet can lead to malnutrition in children.",D2H,10,medium,Non-Past,Affirmative
D1A_S0_B3_794,जोङरि गिक ५०० हेक्टर क्षेत्रफलरि अलैँची सास्हिङ फेल्बा ताबा मुला।,जिल्लामा एक ५०० हेक्टर क्षेत्रफलमा अलैँची खेती विस्तार भएको छ।,Cardamom cultivation has expanded to an area of ​​500 hectares in the district.,D1A,10,medium,Non-Past,Affirmative
COM_P2_D4C_S1_B2_1249,अन्नपूर्ण ख्युर्छ्या थुम आयोजनाला आन्सार ल्हानाराङ्बा ल्हादु खाबा घटना मुस्ताङला मुक्तिनाथ थुमरि ताबा लामुला।,अन्नपूर्ण संरक्षण क्षेत्र आयोजनाका अनुसार अधिकांश लेक लाग्ने घटना मुस्ताङको मुक्तिनाथ क्षेत्रमा हुने गरेका छन्।,"According to the Annapurna Conservation Area Project, most of the incidents of drowning occur in the Muktinath area of ​​Mustang.",D4C,15,medium,Non-Past,Affirmative
P3_D1A_S0_B1_3798,ग्यार्जा गिक से ७० ह्रोमि मुबा सहकारीरि ग्यार्जा गिक स्वामिकार्तिक गाउँपालिकाका थेन ७० बूढीनन्दा नगरपालिकाला स्थानीय आवद्ध मुला।,एक सय ७० सदस्य रहेको सहकारीमा एक सय स्वामिकार्तिक गाउँपालिकाका र ७० बूढीनन्दा नगरपालिकाका स्थानीय आवद्ध छन्।,"The cooperative has one hundred 70 members, including one hundred locals from Swamikartik Rural Municipality and 70 from Budhinanda Municipality.",D1A,17,long,Non-Past,Affirmative
COM_P2_D2H_S2_4751,खाइमादामान जङ्क फुड ख्वाबा हिन्ना बिसाम मान लासि जेक्खेन तिलाइ आता बिसि चिकित्सकसे ग्रोइ पिन्जि।,सधैँ जङ्क फुड खुवाउने हो भने औषधि गरेर मात्र केही हुँदैन भनेर चिकित्सकले सल्लाह दिए।,"The doctor advised that if you always feed junk food, medication alone will not help.",D2H,15,medium,Past,Affirmative
P4_D1A_S1_B2_1982-,फिच्चा अलैँची खार्मा २५ किलो च्योच्यो ताबा श्रीषला पाङ्बा मुला।,उक्त अलैँची सुकाउँदा २५ किलो जति ठहर्ने श्रीषको भनाइ छ।,"Shrish says that the cardamom, when dried, will weigh about 25 kg.",D1A,10,medium,Non-Past,Affirmative
P3_D1A_S0_B1_4205,थेलिच्छा दान्देला ग्लुबा ऐनला साटो सारला हकरि हतारदुइ थेन सरलीकृत मुबा फ्राक्नोन ग्लुबा ऐन तोमुला।,त्यसपछि अहिलेको खरिद ऐनको साटो मलको हकमा छोटो अवधि र सरलीकृत भएको छुट्टै खरिद ऐन चाहिन्छ।,"Then, instead of the current procurement act, a separate procurement act with a shorter duration and simplified scope is needed for fertilizers.",D1A,16,long,Non-Past,Affirmative
D1A_S0_B2_1626,कुलबहादुरसे जेक्खेन तरम्राङ थेन सेमचेनन्हाबाग्याम दिङ्कि सिका बुम ब्रात/च्युइ स्होबा लाबा थाइना लाजि।,कुलबहादुरले मात्रै तरबारी र पशुपालनबाट वार्षिक रु. आठ/दश लाख कमाइ गर्ने गरेको सुनाए।,Kul Bahadur alone said that he earns Rs. 8/10 lakh annually from farming and animal husbandry.,D1A,13,medium,Past,Affirmative
D1A_S0_B3_912,दुइरिन रोपाइँ लाबारि सरकारसे सिंचाइला डिछ्या लातोबा योजना अधिकृत ऐरसे पाङ्जि।,वेलैमा रोपाइँ गर्न सरकारले सिंचाइको व्यवस्था गर्नुपर्ने योजना अधिकृत ऐर बताउँछन्।,Planning officer Air says the government should arrange irrigation to ensure timely planting.,D1A,11,medium,Non-Past,Affirmative
COM_D2H_S3_1408,आम्बाला बा आम्बाला बादा ब्लोसि कुल्ला लामा खारे थेन ले साङ्बा तामुला होत्छेम खटिरा नोन म्हामुला।,अम्बाका पातअम्बाका पातलाई उमालेर कुल्ला गर्दा गला र जिभ्रो सफा हुन्छ अनि खटिरा पनि हराउँछ।,Boiling mango leaves and gargling with them cleanses the throat and tongue and also eliminates sore throat.,D2H,15,medium,Non-Past,Affirmative
D4S_S1_2404,"ङानि नाका ग्लुबा लामुला, खाचिबाइ दुइ ग्यागारसाग्याम सस्तोरि डिक्ला।","हामी कुखुरा खरिद गर्छौ, कुनै समय तराईबाट सस्तोमा मिल्छ।","We buy chicken, sometimes it's cheaper from the Terai.",D4C,9,medium,Non-Past,Affirmative
P3_D1A_S0_B3_69,ग्यानाकग्युल्ला  स्याउ डि २० टाङ्गाला खाबा मुला।,चिनियाँ स्याउ २० करोड रूपैयाँको आएको छ।,Chinese apples worth 20 crore rupees have arrived.,D1A,7,short,Non-Past,Affirmative
COM_D5G_S6_3541,अहङ्कारला डेङसे म्हि ह्राङदान लिच्छा ढुइपिन्मुला बिबा तामरि दान्दे झापाबासी नोन सहमत ताबा मुला।,अहङ्कारको पर्खालले व्यक्ति आफैँलाई पछाडि धकेलिदिन्छ भन्नेमा कुरामा अहिले झापावासी पनि सहमत भएका छन्।,Even the people of Jhapa now agree that the wall of ego pushes a person back.,D5G,14,medium,Non-Past,Affirmative
D4S_S2_7946,गेताङरि स्यान स्थानीय गणपतिलाल श्रेष्ठसे तिकाइ दुइ तासाइ नोन सम्भव ताबादोःनाला परम्परागत विधि ब्युँताइतिबा योक्यार लाग्तिबारि म्होइजेन लाबाला मुबा।,कार्यक्रममा अर्का स्थानीय गणपतिलाल श्रेष्ठले केही समय लागे पनि सम्भव भएसम्मका परम्परागत विधि ब्युँताउने उपायतिर लाग्न आग्रह गरेका थिए।,"At the event, another local, Ganapati Lal Shrestha, urged people to work towards reviving traditional practices as much as possible, even if it takes some time.",D4C,19,long,Past,Affirmative
COM_D3E_S5_4164,बाइक याङ्जा ताबासे चुदा देबानोन ग्ला गिकग्याम स्यान्दो ग्लारि बोर्बारि एन खाम्ला।,बाइक हल्का भएकाले यसलाई सजिलै एक स्थानबाट अर्काे स्थानमा लैजान पनि सकिन्छ।,"Since the bike is lightweight, it can be easily transported from one place to another.",D3E,12,medium,Non-Past,Affirmative
COM_P2_D5G_S1_288,मान नोन ह्राङसेन ग्लुसि बाजि थेन ख्वासिपिन्जि।,ओखती पनि आफैले किनेर ल्याइन र ख्वाइदिइन्।,She even bought the medicine herself and fed it to her.,D5G,7,short,Past,Affirmative
COM_P2_D3E_S2_1751,लिच्छा स्थायी प्रकृतिला दरबन्दी सिर्जना ताबारि खाम्बा आरे।,पछि स्थायी प्रकृतिका दरबन्दी सिर्जना हुन सकेको छैन।,No permanent positions have been created since then.,D3E,8,medium,Non-Past,Negative
COM_D5G_S5_888,ल्हानान सोचबलाबा बानी नशा ह्राङनोन ताला।,धेरै सोच्ने बानी नशाजस्तै हुन्छ।,The habit of overthinking is like an addiction.,D5G,5,short,Non-Past,Affirmative
COM_P2_D2H_S4_418,अमेरिकालिच्छा बेनान्बिमा ल्हाना च्यालबा ग्यागार ह्युलरि मुला।,अमेरिकापछि सबैभन्दा बढी सङ्क्रमित भारतमा रहेका छन्।,India has the second-highest number of infections after the US.,D2H,7,short,Non-Past,Affirmative
P4_D1A_S1_B1_3240,"चुङाच्छा सुर्खेत, जाजरकोट ओसेम याम्बुला तारकेश्वरला ग्ला सोमरि बर्डफ्लु म्राङ्बा मुबा।","यसअघि सुर्खेत, जाजरकोट तथा काठमाडौँको तारकेश्वरको तीन ठाउँ बर्डफलु देखिएको थियो।","Earlier, bird flu was seen in three places - Surkhet, Jajarkot, and Tarakeswar in Kathmandu.",D1A,11,medium,Past,Affirmative
D1A_S0_B2_3677,ग्यासा वाङ्सि नाम्सा दोबा ल्हाःनासे  अलैँची सास्हिङ लाबारि तिःबा मुला थेन चुसे ल्हाना खेबि पिन्बा ताबासे आकर्षण ल्हेःबा मुला।,शहरपसेर गाउँ फर्केका धेरैले अलैँची खेती गर्न थालेका छन् र यसले बढी आम्दानी दिने भएकाले आकर्षण बढेको छ।,"Many people who have returned to their villages from the city have started cultivating cardamom, and its appeal has increased as it provides more income.",D1A,18,long,Non-Past,Affirmative
COM_D3E_S5_2626,क्योल्बाम्हिजुगुसे दारे बोल्ड टेक्स्ट च्याबाला लागिरि व्यक्तिगत पोस्टकादेरि क्लिक लातोबा मुला।,प्रयोगकर्ताहरूले अब बोल्ड टेक्स्ट हेर्नका लागि व्यक्तिगत पोस्टहरूमा क्लिक गर्नुपर्नेछ।,Users will now have to click on individual posts to see bold text.,D3E,10,medium,Non-Past,Affirmative
COM_D3E_S5_5702,"आर्टिफिसियल इन्टेलिजेन्स, रोबर्ट थेन साइबर कोङ्ह्रावा ब्रेल्बि परियोजनाकादे च्याबारि लोप्खेन, कर्पारेट थुम थेन सर्वसाधारणला बोकिन्बा उन्ब्रिबाला मुबा।","आर्टिफिसियल इन्टेलिजेन्स, रोबर्ट र साइबर सुरक्षासम्बन्धी परियोजनाहरू हेर्न विद्यार्थी, कर्पाेरेट क्षेत्र र सर्वसाधारणको सहभागिता उल्लेखनीय थियो।","The participation of students, the corporate sector, and the general public to view projects related to artificial intelligence, robotics, and cybersecurity was remarkable.",D3E,16,long,Past,Affirmative
COM_D5G_S4_2255,"न्हि–सोम तोङ लोप्बोन बोर्बा लासि भिसारि सहजीकरण, थेनिकादेला अभिभावकलाइ सहज भिसाला व्यवस्था तिल्दा  आलाबा ?","दुई–तीन हजार विद्यार्थी लैजाने गरी भिसामा सहजीकरण, उनीहरूका अभिभावकलाइ सहज भिसाको व्यवस्था किन नगर्ने?",Why not facilitate visas for two to three thousand students and provide easy visas for their parents?,D5G,14,medium,Non-Past,Affirmative
P3_D5G_S2_B1_117,थेतासि मि ह्रि सङ्घर्षला बिम्ब हिन्ना।,त्यसैले त जङ्गल सङ्घर्षको बिम्ब हो।,"Therefore, the forest is a symbol of struggle.",D5G,6,short,Non-Past,Affirmative
COM_P2_D5G_S2_4587,म्हिला देन्बा अनुभूतिग्याम लाबा समाज थेन केवाला व्याख्या सामेटाबलाबा छ्योइ सेम तामुला।,व्यक्तिको साँचो अनुभूतिद्वारा गरिएको समाज र जीवनको व्याख्या समेटिएका पुस्तक मनपर्छ।,I like books that contain explanations of society and life based on a person's true feelings.,D5G,11,medium,Non-Past,Affirmative
COM_D5G_S1_S2_1427,पर्सरि पुइसिका ब्राबारि वाङ्जिम।,पर्समा बोकेर पो हिँड्न थालेछन्।,They started walking around carrying it in their purse.,D5G,5,short,Non-Past,Affirmative
COM_P2_D3E_S2_718,एमबीबीएसला छात्रवृत्तिरि मिन तेःबारि नोन कोङ्बा मेहनत तोःबा मुला।,एमबीबीएसको छात्रवृत्तिमा नाम निकाल्न पनि कडा मेहनत चाहिन्छ।,It takes hard work to even get your name on an MBBS scholarship.,D3E,8,medium,Non-Past,Affirmative
P3_D1A_S0_B2_1615,थेसे सानाम फेल्गेबा ब्याङ्कग्याम सिका तोङ्जा  ६० छ्याइ लासि खु सास्हिङ तिःबा लाबा मुला।,उनले कृषि विकास बैंकबाट रु.६० हजार ऋण गरी तरकारी खेती सुरू गरेका थिए।,He started vegetable farming by taking a loan of Rs. 60 thousand from the Agricultural Development Bank.,D1A,13,medium,Past,Affirmative
